eff_dim,ID,age
4.79413443015064,OLI,-12.6246575342466
3.9372006395457,OLI,-12.6246575342466
3.63276204597714,OLI,-12.6246575342466
1.98477938266385,OLI,-12.6246575342466
3.62002696192075,OLI,-12.6246575342466
1.75690054948297,OLI,-12.6246575342466
4.15861350236052,OLI,-10.8493150684931
4.5306419359554,OLI,-10.8493150684931
3.22275530273123,OLI,-10.8493150684931
3.69735615393001,OLI,-10.8493150684931
3.33073607289766,OLI,-10.8493150684931
4.4217746080699,OLI,-10.8164383561644
1.93921361132596,OLI,-10.6191780821918
4.02137909626905,OLI,-10.6191780821918
1.53815946072267,OLI,-10.586301369863
2.63550963810714,OLI,-10.5205479452055
3.70171502452751,OLI,-10.5205479452055
2.7918066284802,OLI,-10.5205479452055
1.58962749345931,OLI,-10.5205479452055
3.84043118938957,OLI,-10.5205479452055
3.62885289527778,OLI,-10.5205479452055
3.86234443908032,OLI,-10.5205479452055
4.22851346211242,OLI,-10.5205479452055
5.13598785583866,OLI,-10.5205479452055
4.1330020101056,OLI,-10.5205479452055
2.98840854252425,OLI,-10.5205479452055
4.50265653299849,OLI,-10.5205479452055
3.58635546863366,OLI,-10.2904109589041
3.83517766098772,OLI,-10.2904109589041
2.89065507510877,OLI,-10.2904109589041
1.63575741848199,OLI,-10.2904109589041
4.52081271784358,OLI,-5.55616438356164
2.56794329674035,OLI,-5.55616438356164
3.892380483186,OLI,-5.55616438356164
4.42463685859761,OLI,-5.55616438356164
2.09181899305443,OLI,-5.49041095890411
3.69955451441683,OLI,-5.49041095890411
3.1728132700082,OLI,-5.32602739726027
2.48270818096332,OLI,-5.32602739726027
1.89520828136504,OLI,-5.29315068493151
4.36892395479308,OLI,-5.26027397260274
1.09857158765204,OLI,-5.26027397260274
3.95733720105727,OLI,-5.06301369863014
2.93392010319413,OLI,-5.06301369863014
1.46468228229468,OLI,-5.06301369863014
2.64572238869309,OLI,-5.03013698630137
3.94029487858857,OLI,-5.03013698630137
2.75175133245707,OLI,-5.03013698630137
5.25576799593943,OLI,-5.03013698630137
1.80205840176599,OLI,-0.657534246575342
3.67744467080973,OLI,-0.657534246575342
4.13349778130466,OLI,-0.657534246575342
2.16006617969237,OLI,-0.657534246575342
2.81260340728298,OLI,-0.657534246575342
2.37972451045253,OLI,-0.657534246575342
3.94743732828411,OLI,-0.657534246575342
3.76837175887811,OLI,-0.657534246575342
4.92865074944716,OLI,-0.46027397260274
3.60218793765305,OLI,-0.46027397260274
4.80060090805537,OLI,-0.46027397260274
2.31929924931765,OLI,-0.46027397260274
4.40049987602521,OLI,-0.46027397260274
3.70291465760859,OLI,-0.46027397260274
2.74372142926054,OLI,-0.46027397260274
4.81026500447766,OLI,-0.46027397260274
3.93950405833348,OLI,-0.46027397260274
2.08254302774851,OLI,-0.46027397260274
1.7006516186968,OLI,-0.46027397260274
3.84374055951251,OLI,-0.0328767123287671
4.30379122777995,OLI,-0.0328767123287671
2.45308421786765,OLI,-0.0328767123287671
1.71804518801657,OLI,-0.0328767123287671
4.24799317313655,OLI,4.66849315068493
3.29531582750112,OLI,4.66849315068493
3.04884084013315,OLI,4.66849315068493
4.52630523095441,OLI,4.66849315068493
4.56314150885093,OLI,4.66849315068493
4.31196903301462,OLI,4.66849315068493
5.26138553241968,OLI,4.66849315068493
4.46176637247233,OLI,4.66849315068493
2.63628279235216,OLI,4.8
3.36732901451153,OLI,4.8
2.24416311548748,OLI,4.8
2.8523859520895,OLI,4.8
1,OLI,4.83287671232877
4.83876965036642,OLI,4.83287671232877
3.17287286542411,OLI,4.83287671232877
5.00533110009573,OLI,4.83287671232877
3.34685152061084,OLI,4.83287671232877
2.20625573003593,OLI,4.83287671232877
4.3769059968704,OLI,4.83287671232877
4.53893987925342,OLI,4.83287671232877
4.76210435377945,OLI,4.83287671232877
3.75986857768678,OLI,5.03013698630137
1.89075133303131,OLI,5.03013698630137
2.05845086567976,OLI,5.03013698630137
4.11851045367159,OLI,5.03013698630137
1.25088558117972,OLI,5.03013698630137
2.82714160086578,OLI,5.03013698630137
3.17160795660021,OLI,5.03013698630137
3.58669605344721,OLI,5.03013698630137
3.92414885014296,OLI,5.03013698630137
2.45838305803625,OLI,5.03013698630137
3.79112829087732,OLI,5.03013698630137
4.57413582616315,OLI,5.03013698630137
2.05272118224912,OLI,5.03013698630137
3.35114661765036,OLI,5.03013698630137
2.34380400731138,OLI,5.03013698630137
3.49612349651859,OLI,5.06301369863014
4.9349883649592,OLI,5.06301369863014
3.82939873526979,OLI,5.06301369863014
5.17102946679211,OLI,5.06301369863014
2.76306998226036,OLI,5.0958904109589
5.40926243270778,OLI,5.0958904109589
5.33303353591863,OLI,5.0958904109589
3.80718639866359,OLI,5.0958904109589
4.72681960087909,OLI,5.0958904109589
3.52311202827101,OLI,5.0958904109589
4.93014887755307,OLI,5.0958904109589
3.8003100617582,OLI,5.0958904109589
3.68816918755778,OLI,5.0958904109589
3.27056530263022,OLI,5.0958904109589
1.644942119818,OLI,5.0958904109589
3.89927148697529,OLI,5.0958904109589
1.6747730120964,OLI,5.26027397260274
3.91910562823155,OLI,5.26027397260274
3.09113369282661,OLI,5.26027397260274
3.53904500017399,OLI,5.26027397260274
3.6084516987344,OLI,5.26027397260274
4.21626491229131,OLI,5.26027397260274
4.24212751249772,OLI,5.26027397260274
2.93783459307044,OLI,5.26027397260274
4.06439858046965,OLI,5.26027397260274
2.42731791906527,OLI,5.29315068493151
1.40123930043701,OLI,5.29315068493151
2.04331527166173,OLI,5.29315068493151
1.28386124922728,OLI,5.29315068493151
4.58951750127376,OLI,5.35890410958904
2.04025199942008,OLI,5.49041095890411
3.52400040305359,OLI,5.49041095890411
3.75872814751312,OLI,5.49041095890411
3.97131954854711,OLI,5.49041095890411
3.04634891982932,OLI,5.49041095890411
3.88904809777683,OLI,5.49041095890411
1.88459622755917,OLI,5.52328767123288
2.66855640286171,OLI,5.52328767123288
2.63628279235216,OLI,5.52328767123288
1.4172335600907,OLI,5.52328767123288
3.11336326747168,OLI,5.52328767123288
4.66541399031609,OLI,5.52328767123288
4.2795387877772,OLI,5.52328767123288
1.9314953140305,OLI,5.55616438356164
1.90192311086146,OLI,5.55616438356164
1.68851712073908,OLI,5.55616438356164
2.54504390543536,OLI,5.55616438356164
2.67837067907581,OLI,5.55616438356164
1.95821193823981,OLI,5.55616438356164
2.60599554406868,OLI,5.55616438356164
3.09256679486027,OLI,5.55616438356164
5.08220674657623,OLI,5.58904109589041
1,OLI,5.58904109589041
1.4172335600907,OLI,5.58904109589041
2.46366062856721,OLI,5.58904109589041
1.91996907666969,OLI,5.58904109589041
4.20286820199647,OLI,5.58904109589041
2.16979659892929,OLI,10.158904109589
2.31070978446975,OLI,10.158904109589
2.7666263995284,OLI,10.158904109589
4.80031730046794,OLI,10.158904109589
5.22000598013154,OLI,10.158904109589
1.9424255787667,OLI,10.158904109589
4.87374151119721,OLI,10.158904109589
NaN,OLI,10.158904109589
5.12824585533413,OLI,10.158904109589
5.27915655200316,OLI,10.158904109589
5.07235226631828,OLI,10.158904109589
3.4655872591266,OLI,10.158904109589
4.26565519661686,OLI,10.158904109589
4.07333020376841,OLI,10.158904109589
5.23535580685893,OLI,10.158904109589
5.21004868328525,OLI,10.158904109589
3.62205010286821,OLI,10.158904109589
3.69068622774223,OLI,-12.3945205479452
3.14447068094418,OLI,-11.9671232876712
2.71402434721084,OLI,-11.9671232876712
3.08744984108327,OLI,-11.9342465753425
3.38558050902129,OLI,-10.5534246575342
1.72397316651958,OLI,-10.5534246575342
1.77883597883598,OLI,-10.5534246575342
1.26410511206801,OLI,-10.5534246575342
1.70586044006406,OLI,-10.5534246575342
2.00865890095436,OLI,-10.3232876712329
3.01057334326136,OLI,-5.45753424657534
3.06461089812318,OLI,-5.45753424657534
4.03924553324471,OLI,-5.45753424657534
4.00833576244626,OLI,-5.45753424657534
4.86508754380426,OLI,-5.22739726027397
3.80982331795851,OLI,-5.22739726027397
3.37404667805035,OLI,-0.624657534246575
2.86341710653829,OLI,-0.624657534246575
4.273342135757,OLI,-0.624657534246575
3.57329736146941,OLI,-0.493150684931507
3.27796074691146,OLI,-0.493150684931507
4.80999091906501,OLI,-0.427397260273973
2.39419454373201,OLI,-0.427397260273973
4.47348055596651,OLI,-0.427397260273973
4.64087929917059,OLI,-0.263013698630137
4.23140136363206,OLI,-0.263013698630137
3.13722032139972,OLI,-0.263013698630137
5.40174036194008,OLI,-0.263013698630137
4.72839692541239,OLI,-0.263013698630137
4.05783464536707,OLI,-0.263013698630137
4.91690095428682,OLI,-0.263013698630137
4.68058799534526,OLI,-0.23013698630137
1.82330336028158,OLI,-0.23013698630137
5.17170663072044,OLI,-0.23013698630137
4.77534048627899,OLI,-0.23013698630137
1.96867073997014,OLI,-0.23013698630137
1.59781774795025,OLI,0
4.49488538606873,OLI,0
1.91471740050804,OLI,0
5.32104188451027,OLI,0
4.89957522399551,OLI,0
2.01408050064002,OLI,0
3.76931158680261,OLI,0.0328767123287671
3.94194030511568,OLI,0.0328767123287671
4.53973894308913,OLI,0.0328767123287671
3.72312352608876,OLI,0.0328767123287671
4.05912208336903,OLI,0.0328767123287671
4.4689388144936,OLI,4.6027397260274
3.85063314919754,OLI,4.6027397260274
4.1559273535985,OLI,4.6027397260274
4.56068376829534,OLI,4.8986301369863
1.38192229773248,OLI,5.12876712328767
5.72707027605974,OLI,5.32602739726027
5.11100182517462,OLI,5.32602739726027
3.78503991458382,OLI,5.32602739726027
3.82915333707783,OLI,5.32602739726027
4.70218642628326,OLI,5.32602739726027
4.36799815151393,OLI,5.32602739726027
3.13226228283206,OLI,5.32602739726027
3.43590047915605,OLI,5.32602739726027
4.93052917237619,OLI,5.32602739726027
2.50496768451921,OLI,5.32602739726027
3.28597059879438,OLI,5.32602739726027
4.93981599166812,OLI,5.32602739726027
4.4619157933568,OLI,10.1260273972603
4.76968632783759,OLI,10.1260273972603
4.9057936623956,OLI,10.1260273972603
1.99721089528697,OLI,10.1260273972603
4.48549445660409,OLI,10.1260273972603
1.95915166641886,OLI,10.1260273972603
3.80908568142611,OLI,10.1260273972603
3.03655900527467,OLI,10.1260273972603
4.87542395596204,OLI,10.1260273972603
3.77905690705231,OLI,10.1260273972603
3.97622330958989,OLI,10.1260273972603
2.2607446793086,OLI,10.1260273972603
4.5728321910744,OLI,10.1260273972603
4.08941161486332,OLI,10.1260273972603
3.67566674634341,OLI,10.1260273972603
4.09636458310218,OLI,10.1260273972603
2.04594751873937,OLI,10.1260273972603
4.5899536087163,OLI,10.1260273972603
4.87542207128384,OLI,10.1260273972603
4.36834899636298,OLI,10.1260273972603
4.34809762921882,OLI,10.3232876712329
1,OLI,10.3232876712329
3.92696461256893,OLI,10.3232876712329
1.97069167643611,OLI,10.3232876712329
2.99182578841521,OLI,10.3232876712329
2.91334488734835,OLI,10.3232876712329
4.89872206874778,OLI,10.3232876712329
3.88519572986056,OLI,10.3232876712329
4.89837945491177,OLI,10.3232876712329
2.91334488734835,OLI,10.3232876712329
4.09592678953792,OLI,10.3232876712329
4.21474475027438,OLI,10.3232876712329
4.6037198904638,OLI,10.3232876712329
1.97155089906187,OLI,10.3232876712329
4.27214130071729,OLI,10.3232876712329
3.47046524806065,OLI,10.3232876712329
4.5925412979221,OLI,10.3232876712329
4.86783937985795,OLI,10.3232876712329
4.48657038505508,OLI,10.3561643835616
4.80839235758018,OLI,10.3561643835616
5.02014129380801,PIC,-30.8383561643836
1,PIC,-30.213698630137
1.40520323463593,PIC,-30.1808219178082
5.01702479111319,PIC,-30.0164383561644
4.12330656688671,PIC,-30.0164383561644
3.1586925029698,PIC,-30.0164383561644
3.86662192649685,PIC,-29.786301369863
2.38677242846014,PIC,-24.6246575342466
1.97069167643611,PIC,-24.4602739726027
3.71240730308575,PIC,-24.4602739726027
3.23812018020072,PIC,-24.3945205479452
2.19833443881245,PIC,-24.3945205479452
4.02409650066957,PIC,-24.3945205479452
1.65165850254773,PIC,-24.3945205479452
1,PIC,-24.3945205479452
3.91000584085906,PIC,-24.2630136986301
3.83679848735932,PIC,-24.2630136986301
3.57737077854652,PIC,-24.2630136986301
NaN,PIC,-24.1643835616438
1.37436120931852,PIC,-24.1643835616438
1.9851184543806,PIC,-24.1643835616438
5.08759129489023,PIC,-24.1643835616438
1.15255451375326,PIC,-24
1.2911292552707,PIC,-24
1.28145565015617,PIC,-24
4.16415391826821,PIC,-23.9342465753425
3.51163567421504,PIC,-23.9342465753425
1.41662789739288,PIC,-20.3178082191781
1.23239339118344,PIC,-20.1205479452055
5.67522352182762,PIC,-20.1205479452055
4.88301214358501,PIC,-19.8575342465753
2.47801725852991,PIC,-19.8575342465753
4.20477051704809,PIC,-19.8575342465753
3.9582279374806,PIC,-19.6602739726027
2.77539898735274,PIC,-19.6602739726027
3.88114637025557,PIC,-19.6602739726027
2.48259063683034,PIC,-19.6602739726027
4.79284236418492,PIC,-19.6602739726027
4.49678729982083,PIC,-19.6602739726027
4.47996577026154,PIC,-19.6602739726027
4.18261452938443,PIC,-19.627397260274
4.27455588567144,PIC,-19.627397260274
4.57669492325196,PIC,-19.627397260274
4.48967405684502,PIC,-19.627397260274
4.69239450534138,PIC,-19.627397260274
3.8954222566089,PIC,-19.627397260274
4.12337255436981,PIC,-19.4301369863014
5.05243290631829,PIC,-19.4301369863014
5.18915854956823,PIC,-19.4301369863014
4.6479858193201,PIC,-19.4301369863014
2.93560219292234,PIC,-19.4301369863014
3.80679150504472,PIC,-19.4301369863014
5.20765116026591,PIC,-19.4301369863014
4.71074445267188,PIC,-19.4301369863014
2.08095174401952,PIC,-19.3972602739726
1.19732228453569,PIC,-19.3972602739726
1.38945304798239,PIC,-19.3972602739726
4.73913653109834,PIC,-19.3972602739726
4.65998159281281,PIC,-19.3972602739726
1.2105490976744,PIC,-19.3643835616438
1.47808434662945,PIC,-19.3643835616438
1.72585231058149,PIC,-19.3643835616438
2.68686790241532,PIC,-19.3643835616438
2.79043857199616,PIC,-19.3315068493151
4.38780093004604,PIC,-19.3315068493151
3.72343195894787,PIC,-19.3315068493151
3.65116214796703,PIC,-19.3315068493151
4.74771431597448,PIC,-19.3315068493151
1.38922334931851,PIC,-19.3315068493151
3.89823959278362,PIC,-19.1342465753425
4.5561634559033,PIC,-19.1342465753425
3.50348996629165,PIC,-19.1342465753425
4.80042470461451,PIC,-19.1342465753425
2.67590669222709,PIC,-19.1342465753425
3.40355590938466,PIC,-19.1342465753425
1.3300820418868,PIC,-19.1013698630137
1.45435346976487,PIC,-19.1013698630137
1.66882294127188,PIC,-19.1013698630137
2.52328350659207,PIC,-19.1013698630137
4.7851151643382,PIC,-19.1013698630137
4.36240806404704,PIC,-19.1013698630137
3.01725262831197,PIC,-19.1013698630137
2.45329326688793,PIC,-19.1013698630137
4.64606952376201,PIC,-18.9698630136986
4.80453302286486,PIC,-18.9698630136986
4.06427582714341,PIC,-18.9698630136986
4.22531413026838,PIC,-18.9698630136986
3.40838611214632,PIC,-18.9698630136986
1.9330374363353,PIC,-18.9698630136986
4.14323400998079,PIC,-18.9698630136986
3.41920061220128,PIC,-18.9369863013699
1.11449211985927,PIC,-18.9369863013699
4.06464429481559,PIC,-18.9369863013699
5.21024581403987,PIC,-18.9041095890411
3.84943796000195,PIC,-18.9041095890411
4.58151636826862,PIC,-18.9041095890411
4.68044727807047,PIC,-18.9041095890411
2.097983832275,PIC,-18.9041095890411
3.2029081828825,PIC,-18.9041095890411
4.6612939729635,PIC,-18.9041095890411
1.80373909258607,PIC,-14.827397260274
4.26928624082561,PIC,-14.827397260274
4.9981460131436,PIC,-14.827397260274
4.66020397834046,PIC,-14.7945205479452
5.09536236131912,PIC,-14.7945205479452
4.62149764438595,PIC,-14.7945205479452
1.27825723089836,PIC,-14.5643835616438
1.51296753505132,PIC,-14.5643835616438
5.14878660044628,PIC,-14.5643835616438
5.07278636792584,PIC,-14.5643835616438
5.2004192867854,PIC,-14.5643835616438
1.54949078017502,PIC,-14.5643835616438
4.10493961784527,PIC,-14.5643835616438
3.96364575966387,PIC,-14.5643835616438
3.42007858704252,PIC,-14.5643835616438
4.81432749575626,PIC,-14.5643835616438
4.82447008122798,PIC,-14.5643835616438
4.82518589628438,PIC,-14.5643835616438
4.55128533649722,PIC,-14.5643835616438
2.48736220706207,PIC,-14.4986301369863
4.59685044804619,PIC,-14.4986301369863
3.03392915338463,PIC,-14.4986301369863
1.73552106393264,PIC,-14.4986301369863
4.61342952142844,PIC,-14.3671232876712
4.81010024381977,PIC,-14.3671232876712
3.73391416888348,PIC,-14.3671232876712
4.31698225082027,PIC,-14.3671232876712
2.08716772800733,PIC,-14.3671232876712
2.23102857917814,PIC,-14.3671232876712
3.08864975490258,PIC,-14.3671232876712
2.03045906678194,PIC,-14.3671232876712
5.17113462196406,PIC,-14.3013698630137
4.64848305038278,PIC,-14.3013698630137
3.04970849644651,PIC,-14.3013698630137
2.03046665917491,PIC,-14.1369863013699
3.75116367406114,PIC,-14.1369863013699
2.55938740667499,PIC,-14.1369863013699
3.75144061951097,PIC,-14.1369863013699
4.13431105206241,PIC,-14.1369863013699
5.27402002414363,PIC,-14.1369863013699
2.37803967515536,PIC,-14.1369863013699
4.86191355483109,PIC,-14.1369863013699
4.81471122404929,PIC,-14.1369863013699
3.41158285816515,PIC,-14.1369863013699
4.44578501165929,PIC,-14.1041095890411
4.49033271255493,PIC,-14.1041095890411
3.98709990128985,PIC,-14.1041095890411
4.5794927341105,PIC,-14.1041095890411
4.7664597846026,PIC,-14.1041095890411
3.84536234275465,PIC,-14.1041095890411
1.61151482418947,PIC,-14.0383561643836
3.68065074757921,PIC,-14.0383561643836
4.15573899914294,PIC,-14.0383561643836
1.62961132185657,PIC,-14.0383561643836
2.51881999082366,PIC,-14.0383561643836
NaN,PIC,-30.9041095890411
2.31771769893516,PIC,-30.9041095890411
1.73131955484897,PIC,-30.9041095890411
4.22796112181994,PIC,-30.2465753424658
1,PIC,-30.2465753424658
NaN,PIC,-30.2465753424658
1,PIC,-29.9506849315068
2.61711425394837,PIC,-29.9506849315068
NaN,PIC,-29.9506849315068
NaN,PIC,-29.9506849315068
1.27716543957229,PIC,-29.7534246575342
3.10878252070712,PIC,-29.7534246575342
2.93230010897502,PIC,-29.7534246575342
3.00145215664182,PIC,-24.4931506849315
4.18956330055571,PIC,-24.427397260274
2.74354860915735,PIC,-24.427397260274
3.96737344200946,PIC,-24.427397260274
4.23499532538813,PIC,-24.427397260274
3.85979558153427,PIC,-24.427397260274
2.40257265364459,PIC,-24.2301369863014
1,PIC,-24.2301369863014
1.30281868435695,PIC,-24.2301369863014
5.47626389585021,PIC,-20.2849315068493
2.75900594333824,PIC,-20.2849315068493
1.62634386367347,PIC,-20.0547945205479
2.018785625831,PIC,-20.0547945205479
3.72268831967551,PIC,-20.0547945205479
3.74394994414343,PIC,-20.0547945205479
4.06438335765056,PIC,-20.0547945205479
3.56425880779325,PIC,-20.0547945205479
3.74035974007455,PIC,-20.0547945205479
1.2427334120174,PIC,-19.1671232876712
1.52475277364672,PIC,-19.1671232876712
1.28025836377938,PIC,-19.1671232876712
2.66957021024575,PIC,-19.1671232876712
4.76982123238313,PIC,-19.1671232876712
2.30630440834321,PIC,-19.1671232876712
4.32579642687783,PIC,-18.8712328767123
4.70879618282574,PIC,-18.8712328767123
2.69300185869079,PIC,-18.8712328767123
1.84975091553737,PIC,-18.8712328767123
3.82643116160528,PIC,-18.8712328767123
3.83101137519923,PIC,-18.8712328767123
3.94046625711209,PIC,-18.8712328767123
4.5674321425333,PIC,-15.0575342465753
3.13545526366199,PIC,-15.0575342465753
2.66073873306544,PIC,-15.0575342465753
2.81485225803975,PIC,-15.0575342465753
3.08076438152238,PIC,-15.0575342465753
1,PIC,-15.0575342465753
1.70718965833613,PIC,-15.0575342465753
5.35546936258096,PIC,-15.0575342465753
3.05055503934528,PIC,-15.0575342465753
2.86697992274464,PIC,-15.0575342465753
4.33030049742995,PIC,-15.0575342465753
3.9697058856519,PIC,-15.0575342465753
3.15554273956378,PIC,-15.0246575342466
3.93734627900303,PIC,-15.0246575342466
3.84868712839041,PIC,-15.0246575342466
3.29884483047268,PIC,-15.0246575342466
1,PIC,-15.0246575342466
2.5606920899503,PIC,-15.0246575342466
4.23103863235918,PIC,-15.0246575342466
5.06423472550256,PIC,-15.0246575342466
3.94561411968944,PIC,-15.0246575342466
4.75603154230311,PIC,-15.0246575342466
4.23010441063776,PIC,-15.0246575342466
5.5410489442619,PIC,-15.0246575342466
4.15237789124432,PIC,-15.0246575342466
4.62529033411307,PIC,-15.0246575342466
3.47321963524191,PIC,-15.0246575342466
3.70640574521061,PIC,-15.0246575342466
1.97069167643611,PIC,-15.0246575342466
4.53785260635809,PIC,-15.0246575342466
3.93444409705062,PIC,-15.0246575342466
2.67322338478328,PIC,-15.0246575342466
4.47339427116441,PIC,-15.0246575342466
4.79230732589019,PIC,-15.0246575342466
2.14952651449068,PIC,-14.958904109589
4.9382140699258,PIC,-14.958904109589
5.3332210222866,PIC,-14.958904109589
4.16808199768588,PIC,-14.958904109589
4.11980156277742,PIC,-14.958904109589
2.5916321405942,PIC,-14.958904109589
5.27428187750994,PIC,-14.958904109589
4.03189099191132,PIC,-14.958904109589
5.07782981379995,PIC,-14.958904109589
5.0643863252183,PIC,-14.958904109589
4.14415492900314,PIC,-14.7616438356164
4.94932323077554,PIC,-14.7616438356164
4.77765263303315,PIC,-14.7616438356164
5.18656738319244,PIC,-14.7616438356164
5.4658439421058,PIC,-14.7616438356164
1,PIC,-14.7616438356164
3.88436284677843,PIC,-14.7616438356164
4.34230953681707,PIC,-14.7616438356164
4.81756167397321,PIC,-14.7616438356164
5.66902162059434,PIC,-14.7616438356164
3.41739505220947,PIC,-14.3342465753425
2.74845317807807,PIC,-14.3342465753425
3.62631779499555,PIC,-14.3342465753425
3.84486326610087,PIC,-14.0712328767123
5.45139728049199,PIC,-14.0712328767123
4.29801393365914,PIC,-14.0712328767123
5.80763419659951,PIC,-14.0712328767123
2.3437862014726,PIC,-14.0712328767123
4.22195251201447,PIC,-14.0712328767123
1.74186561190375,PIC,-14.0712328767123
4.00426481707013,PIC,-14.0712328767123
4.09578482599719,QUA,-8.25205479452055
2.96638907334684,QUA,-8.25205479452055
4.88285987234044,QUA,-8.21917808219178
1.55731879458217,QUA,-8.21917808219178
3.11722668429412,QUA,-8.21917808219178
2.94389472305605,QUA,-8.15342465753425
2.27571166371055,QUA,-8.15342465753425
2.99866773200863,QUA,-8.15342465753425
3.52030825122849,QUA,-8.15342465753425
4.70808546385955,QUA,-6.77260273972603
1,QUA,-2.89315068493151
5.13827087674562,QUA,-2.89315068493151
2.58243859700851,QUA,-2.89315068493151
4.43522819621509,QUA,-2.89315068493151
5.25855255030491,QUA,-2.89315068493151
4.25191524087235,QUA,-2.86027397260274
2.7646679749504,QUA,-2.72876712328767
3.6776302817272,QUA,-2.72876712328767
5.62846179378894,QUA,-2.72876712328767
2.12921830666368,QUA,-2.72876712328767
3.97819744317215,QUA,-2.72876712328767
1.95214840612306,QUA,-2.66301369863014
3.03852424325744,QUA,-2.66301369863014
4.35856240387092,QUA,-2.66301369863014
4.23415423840292,QUA,-2.66301369863014
3.48571628632716,QUA,-2.66301369863014
1.76928327645051,QUA,-2.4986301369863
3.95951272381567,QUA,-2.4986301369863
4.67120821696575,QUA,-2.4986301369863
3.36176071264797,QUA,-2.4986301369863
2.39169765603827,QUA,-2.46575342465753
2.71016157231681,QUA,-2.46575342465753
4.49562319002554,QUA,-2.46575342465753
1.63575741848198,QUA,-2.46575342465753
3.03085587695929,QUA,-8.18630136986301
4.03893021185297,QUA,-8.18630136986301
4.01387643264993,QUA,-8.18630136986301
2.88380845948494,QUA,-8.18630136986301
2.56199783490811,QUA,-6.80547945205479
4.39703241073995,QUA,-6.80547945205479
4.99307246500387,QUA,-6.80547945205479
4.41075279644874,QUA,-6.80547945205479
4.37574125003737,QUA,-6.80547945205479
1,QUA,-2.99178082191781
4.85776158585142,QUA,-2.99178082191781
2.16219567342057,QUA,-2.99178082191781
4.31442789271824,QUA,-2.99178082191781
NaN,QUA,-2.99178082191781
4.01039397561051,QUA,-2.99178082191781
2.64822359871131,QUA,-2.99178082191781
2.72641720815595,QUA,-2.6958904109589
1,QUA,-2.6958904109589
4.17253835520522,QUA,-2.6958904109589
3.07949608195118,QUA,-2.63013698630137
2.66730980593249,QUA,-2.63013698630137
3.61572052401747,QUA,-2.63013698630137
2.16793023338821,ROS,-20.0219178082192
2.46797378013618,ROS,-20.0219178082192
2.19211294088793,ROS,-20.0219178082192
3.91968898033176,ROS,-20.0219178082192
NaN,ROS,-19.8904109589041
3.83097510257414,ROS,-19.8904109589041
4.86232207814959,ROS,-19.8904109589041
4.91745404004111,ROS,-19.8246575342466
4.91745404004111,ROS,-19.8246575342466
4.7514496756309,ROS,-19.8246575342466
3.95970067940979,ROS,-19.8246575342466
3.95970067940979,ROS,-19.8246575342466
4.4593324363318,ROS,-19.8246575342466
2.65403878258636,ROS,-19.8246575342466
4.56846381790116,ROS,-19.8246575342466
4.41498659093982,ROS,-19.8246575342466
5.6435710738958,ROS,-19.8246575342466
3.84372301354019,ROS,-19.627397260274
3.84372301354019,ROS,-19.627397260274
3.76435068256086,ROS,-19.627397260274
2.65365128811071,ROS,-19.627397260274
4.92866483612623,ROS,-19.627397260274
2.80866150331591,ROS,-19.5945205479452
1.4690169079564,ROS,-19.5945205479452
2.80866150331591,ROS,-19.5945205479452
3.90586233228227,ROS,-19.5945205479452
3.04930691526769,ROS,-19.5945205479452
2.33797598612053,ROS,-17.8191780821918
4.5029239698709,ROS,-17.8191780821918
4.18734423414903,ROS,-17.8191780821918
4.61735251811619,ROS,-17.8191780821918
2.71916191863329,ROS,-17.2602739726027
4.48427039516559,ROS,-17.2602739726027
5.45037301812513,ROS,-17.2602739726027
2.7638729215153,ROS,-13.6767123287671
4.82800629204458,ROS,-13.6767123287671
4.20642192562827,ROS,-13.6767123287671
4.09241896307737,ROS,-13.6767123287671
3.69634988154554,ROS,-13.6767123287671
3.84304435974412,ROS,-13.6767123287671
4.21871355750209,ROS,-13.6767123287671
1.399088451539,ROS,-13.6438356164384
4.06273121115677,ROS,-13.6438356164384
5.27661043606916,ROS,-13.6438356164384
2.2697896321059,ROS,-13.4794520547945
5.26381557352249,ROS,-13.4794520547945
2.11660432706577,ROS,-13.4794520547945
4.70889259545186,ROS,-13.4794520547945
3.47991292652459,ROS,-13.4794520547945
1.41016931160766,ROS,-13.4794520547945
4.08485794905961,ROS,-13.4794520547945
3.19629513822424,ROS,-13.4465753424658
5.08336723939114,ROS,-13.3808219178082
3.71130169482853,ROS,-13.3808219178082
2.67388813273008,ROS,-13.3808219178082
4.23162157023004,ROS,-13.3808219178082
4.94014083033653,ROS,-13.3808219178082
2.92320387281329,ROS,-12.7890410958904
3.13548863272737,ROS,-12.7890410958904
4.23626485771587,ROS,-12.7890410958904
3.52174004587934,ROS,-9.07397260273973
NaN,ROS,-7.89041095890411
4.36674956168597,ROS,-7.85753424657534
5.91397475266118,ROS,-7.85753424657534
4.09033539312473,ROS,-3.28767123287671
4.5662186927806,ROS,-3.28767123287671
4.0042388370367,ROS,-3.28767123287671
3.82915717539863,ROS,-3.28767123287671
4.6531152273274,ROS,-3.28767123287671
4.80061275984008,ROS,-3.28767123287671
4.77301955078985,ROS,-3.28767123287671
4.23153424758263,ROS,-3.28767123287671
4.13458076808815,ROS,-3.28767123287671
4.80052470453213,ROS,-3.28767123287671
1.96072484659354,ROS,-3.28767123287671
2.45418558615998,ROS,-3.28767123287671
3.64645311015955,ROS,-3.28767123287671
3.03532050584303,ROS,-3.28767123287671
2.99114750947711,ROS,-2.86027397260274
3.47557476566315,ROS,-2.86027397260274
3.09847577664338,ROS,-2.82739726027397
3.78733122779642,ROS,-2.76164383561644
3.41068992872139,ROS,-2.76164383561644
4.66049165113737,ROS,-2.76164383561644
1.80698284387496,ROS,-2.63013698630137
3.55873120828629,ROS,-2.63013698630137
4.01408793809408,ROS,-2.5972602739726
3.60588941225038,ROS,-2.5972602739726
5.39769311977058,ROS,-2.5972602739726
4.58373892510911,ROS,-2.5972602739726
4.13143169212952,ROS,-2.5972602739726
2.66684559580781,ROS,-2.5972602739726
3.66221075111484,ROS,-2.53150684931507
3.73349732372379,ROS,-2.53150684931507
4.2414800338939,ROS,-2.53150684931507
4.57045631159738,ROS,1.05205479452055
3.20624640120868,ROS,1.05205479452055
3.97944418537377,ROS,1.05205479452055
2.45420568024761,ROS,1.05205479452055
4.75189404673405,ROS,1.05205479452055
4.48368954456898,ROS,1.05205479452055
4.55707289455894,ROS,1.05205479452055
4.04297871951326,ROS,1.05205479452055
4.39838730978036,ROS,1.08493150684932
4.55372845405356,ROS,1.08493150684932
3.51084255042912,ROS,1.08493150684932
4.37262233577621,ROS,1.08493150684932
5.45827829807436,ROS,1.08493150684932
4.53860738852835,ROS,1.08493150684932
3.64617466857297,ROS,1.08493150684932
5.76886321299708,ROS,1.08493150684932
4.40433825492741,ROS,1.11780821917808
4.75306096459449,ROS,1.11780821917808
4.36647547768234,ROS,1.11780821917808
2.97515814143323,ROS,1.11780821917808
4.95740345139279,ROS,1.11780821917808
4.321659576369,ROS,1.11780821917808
5.01698748273934,ROS,1.11780821917808
5.05958593156686,ROS,1.15068493150685
4.29710638022099,ROS,1.15068493150685
4.87612309580343,ROS,1.15068493150685
1.97069167643611,ROS,1.15068493150685
4.9329847638105,ROS,1.15068493150685
4.45918821568245,ROS,1.15068493150685
4.36458612492183,ROS,1.15068493150685
4.09988418654169,ROS,1.31506849315068
4.83185275968143,ROS,1.31506849315068
3.71989146064846,ROS,1.34794520547945
4.61077430641001,ROS,1.34794520547945
4.53175252259603,ROS,1.34794520547945
2.61398725737146,ROS,1.34794520547945
4.96013178109924,ROS,1.34794520547945
4.8024192279752,ROS,1.34794520547945
4.55553916794551,ROS,1.34794520547945
4.95730337350384,ROS,1.34794520547945
4.92960094827843,ROS,1.34794520547945
4.00558497735748,ROS,1.34794520547945
3.23556035367279,ROS,1.34794520547945
5.28852174564004,ROS,1.34794520547945
5.25068986343339,ROS,1.38082191780822
4.59011577825311,ROS,1.38082191780822
2.17342486486036,ROS,1.38082191780822
4.77238925607275,ROS,1.38082191780822
4.5322215130343,ROS,1.38082191780822
4.67773127132677,ROS,1.38082191780822
5.30477780729794,ROS,1.38082191780822
4.31510919989005,ROS,1.38082191780822
4.41872287498091,ROS,1.38082191780822
2.55342610470651,ROS,1.38082191780822
5.44094794802004,ROS,1.38082191780822
4.72942382863164,ROS,1.51232876712329
1,ROS,1.51232876712329
4.25116485904185,ROS,1.51232876712329
3.66421020560678,ROS,1.54520547945205
1.29508802373422,ROS,1.54520547945205
4.73284162760008,ROS,1.54520547945205
3.63988789244287,ROS,1.54520547945205
3.96487349268691,ROS,1.54520547945205
4.31950797459511,ROS,-19.8575342465753
3.63497572174391,ROS,-19.8575342465753
1,ROS,-19.8575342465753
1.19740404281364,ROS,-19.6602739726027
3.99751032925266,ROS,-19.6602739726027
1.9179704887713,ROS,-19.6602739726027
1.19021390257369,ROS,-19.6602739726027
4.92698207550945,ROS,-19.3972602739726
3.88079152767432,ROS,-19.3972602739726
5.1938303634413,ROS,-19.3972602739726
4.01204798681696,ROS,-19.3643835616438
3.53590230126248,ROS,-19.3643835616438
1,ROS,-19.3643835616438
4.02001368079613,ROS,-19.3643835616438
1,ROS,-19.3643835616438
3.58701296944328,ROS,-17.7534246575342
4.40194021711957,ROS,-17.7534246575342
4.11303925545991,ROS,-17.7534246575342
3.89505448049716,ROS,-17.3260273972603
4.35858870608782,ROS,-17.3260273972603
3.94488379305648,ROS,-17.3260273972603
3.58334423377801,ROS,-17.3260273972603
1.98107990577707,ROS,-17.3260273972603
2.67291872742665,ROS,-17.3260273972603
4.94013826190528,ROS,-17.2931506849315
5.08769515120532,ROS,-13.3479452054795
3.38902461105617,ROS,-13.2164383561644
5.24146622092223,ROS,-13.2164383561644
5.19248654881815,ROS,-12.8876712328767
2.91334488734835,ROS,-12.8219178082192
3.88307429309051,ROS,-8.84383561643835
5.24529962926807,ROS,-8.84383561643835
4.05705522385838,ROS,-8.77808219178082
4.33915830082358,ROS,-8.61369863013699
1,ROS,-8.61369863013699
5.14028734403937,ROS,-8.58082191780822
5.18530537549175,ROS,-8.54794520547945
4.30163775934994,ROS,-8.54794520547945
4.54063637918235,ROS,-8.54794520547945
3.97786371381463,ROS,-8.54794520547945
3.85618652097298,ROS,-7.69315068493151
2.23679281615313,ROS,-7.66027397260274
3.21922667612629,ROS,-7.66027397260274
4.89344612332606,ROS,-7.66027397260274
4.04216663067954,ROS,-3.09041095890411
4.98256732451249,ROS,-3.09041095890411
4.84503900716983,ROS,-3.09041095890411
4.99158604573729,ROS,-3.05753424657534
4.54388658877549,ROS,-3.05753424657534
3.81220341306561,ROS,-3.05753424657534
4.56916598447857,ROS,-3.05753424657534
4.18036096051855,ROS,-3.05753424657534
3.78256984891192,ROS,-3.05753424657534
4.25800089535805,ROS,-3.05753424657534
5.0022101790483,ROS,-3.05753424657534
3.5752148095247,ROS,-3.05753424657534
4.57968096394966,ROS,-2.99178082191781
5.69847909832347,ROS,-2.99178082191781
4.0574992178413,ROS,-2.99178082191781
5.12618535165671,ROS,-2.99178082191781
4.09858423885809,ROS,-2.79452054794521
4.93547823270608,ROS,-2.79452054794521
3.60324091634031,ROS,-2.79452054794521
5.61763766064549,ROS,-2.79452054794521
4.13149702125361,ROS,-2.79452054794521
4.77086792980724,ROS,-2.56438356164384
4.54632608938536,ROS,-2.56438356164384
1,ROS,-2.56438356164384
3.81920495906141,ROS,-2.56438356164384
4.67458173927839,ROS,-2.56438356164384
3.96300686636097,ROS,1.28219178082192
5.63620882456293,ROS,1.28219178082192
5.21171094547366,ROS,1.28219178082192
3.69536740727495,ROS,1.28219178082192
4.46463851610082,ROS,1.28219178082192
4.99537770370183,ROS,1.28219178082192
2.86915636998504,ROS,1.28219178082192
2.51072144352634,ROS,1.28219178082192
5.16331651121595,SON,-12.6246575342466
4.70549453209911,SON,-12.4602739726027
2.25604259862721,SON,-12.4602739726027
4.12890090443018,SON,-12.427397260274
3.94628415757002,SON,-12.3945205479452
2.97275018689178,SON,-12.3616438356164
2.27191039416501,SON,-12.3616438356164
3.5422757794964,SON,-11.9342465753425
5.38034527559719,SON,-11.9342465753425
4.4658790636799,SON,-11.9342465753425
1,SON,-11.7698630136986
5.5777799645284,SON,-11.7698630136986
1.45136186079842,SON,-11.7698630136986
4.3609598506415,SON,-11.7369863013699
3.87275531849326,SON,-11.7369863013699
5.05927349099345,SON,-11.7041095890411
3.98088436277002,SON,-11.7041095890411
3.4418007415824,SON,-10.8164383561644
2.66116916387511,SON,-10.8164383561644
3.86866312681166,SON,-10.8164383561644
3.08108310510087,SON,-10.8164383561644
3.97495304683938,SON,-10.8164383561644
4.80211389923508,SON,-10.8164383561644
4.07957542820852,SON,-10.8164383561644
5.05578801307616,SON,-10.7835616438356
3.4803771092226,SON,-10.7835616438356
4.15913011126238,SON,-10.7835616438356
3.05923862096816,SON,-10.7835616438356
5.13370795934752,SON,-10.7835616438356
5.01988638188417,SON,-10.3232876712329
3.46219761325926,SON,-10.3232876712329
3.27084598257067,SON,-10.3232876712329
4.65490079834571,SON,-10.2904109589041
4.75022921960434,SON,-10.2904109589041
4.89608858965708,SON,-10.2904109589041
2.95994974736877,SON,-10.2904109589041
2.90374710917353,SON,-10.158904109589
5.57374045231481,SON,-10.158904109589
4.28053768579815,SON,-10.158904109589
1.47531110304121,SON,-10.0931506849315
4.69599213053082,SON,-8.41643835616438
5.32133230604996,SON,-8.41643835616438
3.46884789232428,SON,-8.41643835616438
4.92669531292875,SON,-8.35068493150685
4.36913608040716,SON,-3.22191780821918
4.7142013216851,SON,-3.18904109589041
2.73220677769053,SON,-3.18904109589041
3.96710523728356,SON,-3.18904109589041
5.05925930253095,SON,-3.18904109589041
1,SON,-3.18904109589041
4.85275698952502,SON,-3.18904109589041
4.75528826701968,SON,-3.18904109589041
4.05726666377194,SON,-3.18904109589041
4.2674274655594,SON,-3.18904109589041
4.91001432893794,SON,-3.18904109589041
3.71990835679144,SON,-3.18904109589041
4.83477971103565,SON,-2.95890410958904
5.22629741371604,SON,-2.95890410958904
5.12341019891504,SON,-2.95890410958904
5.30508452358535,SON,-2.92602739726027
4.89421952060632,SON,-2.92602739726027
3.84714415954857,SON,-2.92602739726027
3.74748979269981,SON,-2.92602739726027
5.13659179505717,SON,-2.79452054794521
2.68081322555863,SON,-2.79452054794521
3.73841585238363,SON,-2.72876712328767
4.26204933094407,SON,-2.72876712328767
4.15747478822834,SON,-2.72876712328767
5.43132044185336,SON,-2.6958904109589
2.17777733525135,SON,2.1041095890411
5.71141388592493,SON,2.1041095890411
4.96946979342555,SON,2.1041095890411
3.87214590320954,SON,2.1041095890411
3.84792255981854,SON,2.1041095890411
4.14662298726192,SON,2.1041095890411
5.08023943260118,SON,2.26849315068493
5.52114267183873,SON,2.26849315068493
3.87489267944043,SON,2.26849315068493
4.05613788928732,SON,2.26849315068493
4.6164837288659,SON,2.26849315068493
4.02211179157512,SON,2.26849315068493
4.18592189107919,SON,2.26849315068493
5.95900847015928,SON,2.26849315068493
2.3810292136439,SON,2.26849315068493
3.72077626145546,SON,2.26849315068493
3.88113106058117,SON,2.26849315068493
4.70302540501133,SON,2.26849315068493
5.04831137000921,SON,2.26849315068493
5.24885921388839,SON,2.26849315068493
4.19486344883265,SON,2.33424657534247
3.72000910345964,SON,2.33424657534247
3.34224466787132,SON,2.4986301369863
4.41472586063172,SON,2.4986301369863
3.21917933829638,SON,2.4986301369863
1.66350952885462,SON,2.4986301369863
3.97729773417463,SON,2.4986301369863
4.73264089705184,SON,2.4986301369863
3.53055967477322,SON,2.4986301369863
3.87623706239719,SON,2.56438356164384
3.48369951396982,SON,2.56438356164384
4.6912904830946,SON,2.56438356164384
3.25412933976744,SON,2.56438356164384
4.2310379649708,SON,2.56438356164384
4.01543217116986,SON,2.56438356164384
4.05035839860818,SON,2.56438356164384
2.88824028686553,SON,2.56438356164384
4.82449691979594,SON,2.56438356164384
5.08051484916908,SON,2.5972602739726
5.23147522453773,SON,2.5972602739726
4.20423510446766,SON,2.5972602739726
3.26382253994424,SON,2.5972602739726
1.87279839498331,SON,2.5972602739726
4.23098350555801,SON,2.5972602739726
4.64139033862678,SON,2.5972602739726
4.40460668647835,SON,2.5972602739726
4.15485009611385,SON,2.5972602739726
4.24653526594615,SON,2.5972602739726
3.46208889482841,SON,2.5972602739726
4.34749933896401,SON,2.5972602739726
3.55115414358096,SON,2.72876712328767
4.02523053537216,SON,2.72876712328767
5.1803556978131,SON,2.72876712328767
4.48361852408255,SON,2.72876712328767
4.09520658030586,SON,2.72876712328767
3.22807816440898,SON,2.72876712328767
4.58976825524359,SON,2.72876712328767
3.98515498367341,SON,2.72876712328767
3.82646582733135,SON,2.72876712328767
5.13789981258096,SON,2.76164383561644
3.48132716439843,SON,2.82739726027397
4.77945213932522,SON,2.82739726027397
5.04511894468298,SON,2.82739726027397
3.85565869953557,SON,2.82739726027397
4.61752423303379,SON,2.82739726027397
4.39195493972202,SON,2.82739726027397
3.38815298892319,SON,2.82739726027397
3.82915717539863,SON,2.82739726027397
2.4738580742193,SON,2.82739726027397
5.33058793954662,SON,3.25479452054795
4.86431912996047,SON,3.25479452054795
4.5563340534029,SON,6.87123287671233
3.02705118608073,SON,6.87123287671233
2.94558382842552,SON,6.87123287671233
4.52454581223081,SON,6.87123287671233
5.00112153102173,SON,6.87123287671233
4.29289707776109,SON,6.87123287671233
2.52215156407911,SON,6.87123287671233
3.89663884837514,SON,6.87123287671233
4.59263113677117,SON,6.87123287671233
2.71087962190306,SON,6.87123287671233
4.65475227257197,SON,6.87123287671233
4.80681289532665,SON,6.87123287671233
4.66789260856101,SON,6.87123287671233
3.24915953898736,SON,6.87123287671233
2.94530654417001,SON,6.87123287671233
4.35713470316304,SON,6.87123287671233
6.1034437525325,SON,6.87123287671233
3.71074577627152,SON,6.9041095890411
3.83011307581803,SON,7.13424657534247
1.25815256630762,SON,7.13424657534247
2.80751856228603,SON,7.13424657534247
3.99481846029333,SON,7.13424657534247
4.50438452789648,SON,7.3972602739726
3.77943263078086,SON,7.3972602739726
5.29606162313441,SON,7.3972602739726
1.95821193823981,SON,7.3972602739726
4.37475565686394,SON,7.3972602739726
4.64989616975738,SON,7.3972602739726
3.31954973581438,SON,7.85753424657534
4.92192359589576,SON,7.85753424657534
4.12363507535676,SON,7.85753424657534
1,SON,7.85753424657534
4.21502972854737,SON,7.85753424657534
4.60300828827857,SON,7.85753424657534
5.26800913872477,SON,7.85753424657534
4.02748311976969,SON,7.85753424657534
4.38587852949728,SON,7.85753424657534
3.07573255501363,SON,7.85753424657534
3.11722206537473,SON,7.85753424657534
2.58357927111955,SON,7.85753424657534
5.101249374574,SON,7.85753424657534
5.3655187704847,SON,7.85753424657534
4.46648165993467,SON,7.89041095890411
2.82488047079946,SON,7.89041095890411
3.63317721387531,SON,7.89041095890411
4.94121223190421,SON,7.89041095890411
5.98116304774984,SON,7.89041095890411
3.176173481434,SON,7.89041095890411
4.48845030378444,SON,7.89041095890411
3.65016392278784,SON,7.89041095890411
5.09904316372806,SON,7.89041095890411
4.48216632250798,SON,7.89041095890411
4.4757366746675,SON,-10.8493150684931
5.1177233051761,SON,-10.8493150684931
5.53171805816115,SON,-10.8493150684931
5.43848342804818,SON,-10.7506849315069
2.89265987096284,SON,-10.7506849315069
3.13398814953142,SON,-10.7506849315069
3.16647861611744,SON,-10.5534246575342
4.25154377792429,SON,-10.5534246575342
2.09717233673123,SON,-8.38356164383562
3.98074071455992,SON,-8.31780821917808
3.89771332223699,SON,-8.31780821917808
4.42438676767553,SON,-8.31780821917808
5.00674638222705,SON,-8.31780821917808
1.34395948861468,SON,-8.28493150684931
3.83042962665574,SON,-8.28493150684931
2.10634702093083,SON,-8.28493150684931
2.13445210800888,SON,-8.28493150684931
3.22365732845882,SON,-8.28493150684931
2.31771769893516,SON,-3.25479452054795
3.80228300025995,SON,-3.25479452054795
3.41502211451049,SON,-3.25479452054795
3.60195456619877,SON,-3.25479452054795
2.15060163492323,SON,-3.25479452054795
3.66556552881142,SON,-3.25479452054795
2.92539770075604,SON,-3.25479452054795
3.89165253406013,SON,-3.25479452054795
3.7285264495222,SON,-3.25479452054795
3.66923702195845,SON,-3.25479452054795
1.87299992053438,SON,-3.25479452054795
3.57520102737356,SON,-3.25479452054795
4.59896680933711,SON,-3.25479452054795
2.2825949197143,SON,-3.25479452054795
4.44781148440652,SON,-3.25479452054795
4.61301064627381,SON,-3.15616438356164
4.57826713872652,SON,-3.15616438356164
3.76701238710204,SON,-3.15616438356164
4.56762440296227,SON,-3.15616438356164
3.26761155626728,SON,-3.15616438356164
4.05421664211904,SON,-3.15616438356164
2.89541700627498,SON,-3.15616438356164
4.74555929921349,SON,-3.15616438356164
1.74378038247381,SON,-3.15616438356164
4.6155167898479,SON,-2.99178082191781
4.14063388630206,SON,-2.99178082191781
3.50013099030872,SON,-2.99178082191781
3.87982584466348,SON,-2.99178082191781
2.70412408403101,SON,-2.99178082191781
2.09706463163372,SON,-2.99178082191781
4.68895181455438,SON,-2.99178082191781
4.15327280676333,SON,-2.99178082191781
4.49951991886213,SON,-2.99178082191781
1.67162138874903,SON,-2.76164383561644
4.07312608992163,SON,-2.76164383561644
5.92192586765692,SON,-2.76164383561644
2.8249530829144,SON,-2.76164383561644
5.34165589345966,SON,2.07123287671233
3.84500927343927,SON,2.07123287671233
2.28049684674553,SON,2.07123287671233
3.39306109760334,SON,2.07123287671233
5.62300369092353,SON,2.07123287671233
NaN,SON,2.07123287671233
4.82479396518083,SON,2.07123287671233
4.46904233459458,SON,2.07123287671233
3.40700847991383,SON,2.07123287671233
2.88977310815826,SON,2.07123287671233
5.08411082180533,SON,2.07123287671233
3.9260991798577,SON,2.13698630136986
4.6991357259149,SON,2.13698630136986
5.1560148169981,SON,2.13698630136986
3.41780412374083,SON,2.13698630136986
3.54167070922674,SON,2.13698630136986
3.09146847011679,SON,2.13698630136986
3.61589261320413,SON,2.13698630136986
4.45723862812795,SON,2.13698630136986
4.72772065902244,SON,2.3013698630137
2.91620834369809,SON,2.3013698630137
5.83415429283753,SON,2.3013698630137
5.07544590034271,SON,2.3013698630137
5.10796915727763,SON,2.3013698630137
3.59155398869717,SON,2.3013698630137
2.61367417200937,SON,2.3013698630137
3.97805893638123,SON,2.3013698630137
4.09144386357352,SON,2.3013698630137
4.32907333436225,SON,2.3013698630137
4.03127139282055,SON,2.53150684931507
4.65765367796745,SON,2.53150684931507
2.55041876466109,SON,2.53150684931507
3.67512024486226,SON,2.53150684931507
4.11034006097504,SON,2.53150684931507
4.04407703555109,SON,2.53150684931507
4.2673010128134,SON,2.53150684931507
5.27078772666755,SON,2.53150684931507
NaN,SON,2.53150684931507
5.50281595393817,SON,2.53150684931507
3.22400169472536,SON,2.53150684931507
4.13015217428103,SON,2.53150684931507
4.09398836656077,SON,2.79452054794521
4.07013720667047,SON,2.79452054794521
4.05279298203584,SON,2.79452054794521
4.38789013534918,SON,2.79452054794521
5.31950426958965,SON,2.79452054794521
4.00726167583341,SON,2.79452054794521
4.94289137443439,SON,2.79452054794521
4.91646262217343,SON,2.99178082191781
4.43782520853055,SON,2.99178082191781
5.01104341318723,SON,2.99178082191781
3.82846614751695,SON,2.99178082191781
3.85272209832381,SON,2.99178082191781
3.90743655303401,SON,2.99178082191781
5.93777757340701,SON,2.99178082191781
3.73112174021402,SON,2.99178082191781
3.214375515499,SON,3.22191780821918
3.55558878448825,SON,3.22191780821918
3.14948137652144,SON,3.22191780821918
5.17173815739845,SON,3.22191780821918
2.66139203092738,SON,3.22191780821918
4.08735274577541,SON,6.93698630136986
4.16486553480999,SON,6.93698630136986
4.21468667128943,SON,6.93698630136986
2.67058870317799,SON,6.93698630136986
4.1137074895159,SON,6.93698630136986
4.41429674941284,SON,6.93698630136986
3.97443263026619,SON,6.93698630136986
3.47935837997645,SON,6.93698630136986
4.15417967926042,SON,7.36438356164384
1.9228983819658,SON,7.36438356164384
5.3904929691368,SON,7.36438356164384
5.38732935794367,SON,7.36438356164384
3.75140536072194,SON,7.36438356164384
4.23213567051849,SON,7.56164383561644
4.10345886834183,SON,7.56164383561644
4.09588200997472,SON,7.56164383561644
1,SON,7.62739726027397
4.43765206216914,SON,7.62739726027397
4.42492691978968,SON,7.62739726027397
2.17943758438804,SON,7.62739726027397
4.2470997098979,SON,7.62739726027397
2.65365128811071,SON,7.62739726027397
5.07688384823226,TRI,-10.2246575342466
4.33143424416301,TRI,-10.2246575342466
2.78951087080029,TRI,-10.2246575342466
4.26006201089155,TRI,-10.2246575342466
4.80591798405453,TRI,-10.2246575342466
3.37127179905984,TRI,-10.1917808219178
4.0312654274581,TRI,-9.99452054794521
2.71646227921785,TRI,-9.99452054794521
3.64763750520489,TRI,-9.99452054794521
1.85598133141834,TRI,-9.99452054794521
4.18845014284957,TRI,-9.92876712328767
2.25975466155322,TRI,-9.92876712328767
4.20862526280313,TRI,-9.92876712328767
2.53068370939334,TRI,-9.89589041095891
4.62401173728561,TRI,-9.89589041095891
1.63635836567771,TRI,-9.76438356164384
2.00496821272494,TRI,-8.25205479452055
2.90194920259894,TRI,-8.25205479452055
4.35188386920902,TRI,-8.25205479452055
4.93225141530439,TRI,-8.21917808219178
3.82418464198475,TRI,-8.21917808219178
3.58008283427042,TRI,-8.21917808219178
3.76857133913027,TRI,-8.21917808219178
4.16158210853082,TRI,-8.21917808219178
3.20345172981046,TRI,-8.18630136986301
4.17473079895443,TRI,-8.18630136986301
2.98450264234789,TRI,-8.18630136986301
2.91806732399528,TRI,-8.18630136986301
4.70731045106474,TRI,-8.18630136986301
2.16444726873004,TRI,-8.18630136986301
3.77969078948359,TRI,-7.98904109589041
4.35658192076608,TRI,-7.98904109589041
3.23182233034108,TRI,-7.98904109589041
4.42717985034344,TRI,-7.98904109589041
4.16292369640164,TRI,-7.98904109589041
4.1251498542134,TRI,-7.98904109589041
5.01654200295555,TRI,-7.98904109589041
4.27838185099105,TRI,-7.98904109589041
4.72697667567251,TRI,-7.98904109589041
3.2594198066022,TRI,-7.52876712328767
3.57684714281202,TRI,-7.52876712328767
4.83055246817035,TRI,-7.52876712328767
1.56093276004764,TRI,-7.4958904109589
3.13054579507359,TRI,-7.4958904109589
4.51695216987125,TRI,-7.4958904109589
4.6274760379622,TRI,-7.4958904109589
3.1399156637887,TRI,-7.46301369863014
5.03234005186675,TRI,-7.46301369863014
NaN,TRI,-7.46301369863014
4.14016170072845,TRI,0.756164383561644
4.05582022282892,TRI,0.756164383561644
4.76809848711134,TRI,0.756164383561644
4.70528724561022,TRI,0.756164383561644
3.25602749815861,TRI,0.986301369863014
3.56341203787743,TRI,0.986301369863014
4.21748792821665,TRI,6.08219178082192
4.29962861711456,TRI,6.08219178082192
4.90281048903304,TRI,6.08219178082192
3.49236363636364,TRI,6.08219178082192
4.16131439715693,TRI,6.08219178082192
2.46631334646918,TRI,6.08219178082192
4.8457744900007,TRI,6.08219178082192
3.58708483401894,TRI,6.08219178082192
3.78591009599027,TRI,6.08219178082192
4.45665629894772,TRI,6.08219178082192
2.28368118894981,TRI,6.08219178082192
1,TRI,6.08219178082192
4.5623887241056,TRI,6.08219178082192
2.46303726346528,TRI,6.08219178082192
3.44584428506805,TRI,6.08219178082192
4.50084698966599,TRI,6.08219178082192
2.15014628333218,TRI,6.08219178082192
4.1878391377845,TRI,6.31232876712329
5.11871038326515,TRI,6.31232876712329
4.33687333592412,TRI,6.31232876712329
4.60304001330278,TRI,6.31232876712329
4.58390565155976,TRI,6.31232876712329
4.92995458187277,TRI,6.31232876712329
5.33265804363436,TRI,6.31232876712329
5.24147026317156,TRI,6.31232876712329
3.31514892231265,TRI,6.31232876712329
3.75881747588546,TRI,6.31232876712329
1.87093720416535,TRI,6.31232876712329
2.92231879984968,TRI,6.31232876712329
4.13603107696896,TRI,11.3095890410959
4.58640072805584,TRI,11.3095890410959
NaN,TRI,11.3095890410959
4.75748545931356,TRI,11.3095890410959
3.15121900649326,TRI,11.3095890410959
NaN,TRI,11.3095890410959
4.72928405958335,TRI,11.3095890410959
5.05894982728906,TRI,11.3095890410959
4.74451304591934,TRI,11.3095890410959
4.67611166930196,TRI,11.3095890410959
4.89314445029028,TRI,11.3095890410959
4.92751922871261,TRI,11.3095890410959
4.31411910178823,TRI,11.3095890410959
2.49731304788898,TRI,11.572602739726
4.3562580704079,TRI,11.572602739726
5.4056506208472,TRI,11.572602739726
4.35657899104815,TRI,11.572602739726
5.1033846858794,TRI,11.572602739726
4.43507801327169,TRI,11.572602739726
5.00729166600393,TRI,11.572602739726
5.30370047515232,TRI,11.572602739726
4.51256986637973,TRI,0.361643835616438
1.76497198588919,TRI,0.493150684931507
4.03427993621553,TRI,0.493150684931507
2.385250892868,TRI,0.493150684931507
2.97201625366203,TRI,0.493150684931507
2.66889627129651,TRI,0.493150684931507
4.66604351495516,TRI,0.493150684931507
2.73770470977005,TRI,0.493150684931507
3.2412006146764,TRI,0.493150684931507
4.52315808378326,TRI,0.723287671232877
4.05183973323244,TRI,0.723287671232877
3.20613139463926,TRI,0.723287671232877
2.32028198265665,TRI,5.81917808219178
3.28253043569072,TRI,5.81917808219178
2.92022693629002,TRI,5.81917808219178
4.46337441921165,TRI,5.81917808219178
4.17669704539552,TRI,5.81917808219178
3.51595275493573,TRI,5.81917808219178
3.04033538312032,TRI,5.81917808219178
4.29949144622058,TRI,5.81917808219178
3.03993901474855,TRI,6.01643835616438
4.96812558096909,TRI,6.01643835616438
4.30636950920215,TRI,6.01643835616438
3.70681650961175,TRI,6.01643835616438
2.7524674587324,TRI,6.01643835616438
4.61377209219035,TRI,6.01643835616438
4.90321994784725,TRI,6.04931506849315
4.95180097288257,TRI,6.04931506849315
4.93460027216443,TRI,6.04931506849315
4.61425363709962,TRI,6.04931506849315
3.66011319476378,TRI,6.04931506849315
4.47919912422824,TRI,6.04931506849315
4.86939688427415,TRI,6.04931506849315
4.93691339025523,TRI,6.04931506849315
4.20276834634097,TRI,6.04931506849315
2.90194920259894,TRI,6.04931506849315
4.16127756624021,TRI,6.04931506849315
3.57057609118136,TRI,6.04931506849315
4.33512254902119,TRI,6.04931506849315
3.82077056381605,TRI,6.04931506849315
4.54607326177113,TRI,6.04931506849315
1.59317991756014,TRI,6.04931506849315
5.70056944767135,TRI,6.04931506849315
4.28649822501196,TRI,6.04931506849315
4.7390480395527,TRI,6.04931506849315
4.52235331550178,TRI,6.04931506849315
4.47358943763628,TRI,6.04931506849315
1.96885733218502,TRI,6.24657534246575
1.89822199434391,TRI,6.24657534246575
3.68905818220256,TRI,6.24657534246575
5.2636743767829,TRI,6.24657534246575
3.11155262632719,TRI,6.24657534246575
3.45338870027998,TRI,6.24657534246575
2.73139966055531,TRI,6.24657534246575
4.85190803212338,TRI,6.24657534246575
3.89090591791174,TRI,6.24657534246575
3.58617934891152,TRI,6.24657534246575
3.97025207390039,TRI,6.24657534246575
3.28078974330064,TRI,6.24657534246575
1.90063571299462,TRI,6.24657534246575
3.0655076399205,TRI,6.34520547945205
3.42932730054407,TRI,6.34520547945205
2.78789083037032,TRI,6.34520547945205
2.05626078121525,TRI,6.34520547945205
1.96210045170293,TRI,6.34520547945205
4.09229516695357,TRI,6.34520547945205
4.2641216781044,TRI,6.34520547945205
1.92033858243984,TRI,6.34520547945205
3.04767818091048,TRI,6.34520547945205
3.04603563736647,TRI,6.34520547945205
4.22980326622635,TRI,11.0794520547945
4.0128589443795,TRI,11.0794520547945
2.25734886075949,TRI,11.0794520547945
4.81066474356255,TRI,11.0794520547945
1.54519966084576,TRI,11.1123287671233
1.12501045202555,TRI,11.1123287671233
1.43834593283038,TRI,11.1123287671233
1.13119191762953,TRI,11.1123287671233
3.63878611236488,TRI,11.1123287671233
1.86738480408738,TRI,11.1123287671233
1.97069167643611,TRI,11.1123287671233
1.44341302762584,TRI,11.1123287671233
4.29500270616718,TRI,11.1123287671233
2.63730473762087,TRI,11.1123287671233
3.56172983997384,TRI,11.1123287671233
1.34596028173866,TRI,11.1123287671233
2.6933230771516,TRI,11.1123287671233
2.96242610609661,TRI,11.1123287671233
5.52903931170454,TRI,11.3753424657534
4.06899184271073,TRI,11.3753424657534
4.13816207383331,TRI,11.3753424657534
4.01573994221746,TRI,11.3753424657534
4.64177793503569,TRI,11.3753424657534
5.1942279321972,TRI,11.3753424657534
4.70319224953056,TRI,11.3753424657534
5.25912671341131,TRI,11.3753424657534
4.78921038155251,TRI,11.3753424657534
5.20797425415987,TRI,11.3753424657534
4.27842172246958,TRI,11.3753424657534
5.35106866757617,TRI,11.3753424657534
1.76134068764972,TRI,11.5397260273973
1.97354359541966,TRI,11.5397260273973
2.43200409026509,TRI,11.5397260273973
1.51753598108015,TRI,11.5397260273973
2.62779015053179,TRI,11.5397260273973
1.71120334951665,TRI,11.5397260273973
3.19749735399495,TRI,11.5397260273973
2.29289340875212,TRI,11.5397260273973
4.1171687636454,TRI,11.5397260273973
3.66643398870635,TRI,11.5397260273973
3.62308924204848,TRI,11.5397260273973
4.31384221282484,TRI,11.8027397260274
4.53307141826218,TRI,11.8027397260274
2.84209513121193,TRI,11.8027397260274
4.46685202969987,TRI,11.8027397260274
5.04051531982471,TRI,11.8027397260274
2.8015225300541,TRI,11.8027397260274
3.9994881383956,TRI,11.8027397260274
3.91631681365017,TRI,11.8027397260274
3.17224602834804,TRI,11.8027397260274
4.51024134772955,TRI,11.8027397260274
3.51565188736709,TRI,11.8027397260274
3.48380108854171,TRI,11.8027397260274
4.60140299962665,TRI,11.8027397260274
NaN,TRI,11.8027397260274
4.69449967028449,TRI,11.8027397260274
2.6315246899871,TRI,11.8027397260274
4.45353692010208,TRI,11.8027397260274
4.44855800778385,TRI,11.8356164383562
3.54893536361913,TRI,11.8356164383562
2.96532250939439,TRI,11.8356164383562
4.74680642251258,TRI,11.8356164383562
2.64060356652949,TRI,11.8356164383562
5.15921640411819,TRI,11.8356164383562
4.7768626303876,TRI,11.8356164383562
4.18151312629678,TRI,11.8356164383562
4.70924003509599,TRI,11.8356164383562
3.26999522980437,TRI,11.8356164383562
4.08781996889198,TRI,11.8356164383562
5.02742236133484,TRI,11.8356164383562
3.81645140509479,TRI,11.8356164383562
3.52791397594073,TRI,11.8356164383562
5.10607659636568,TRI,11.8684931506849
3.07990629989931,TRI,11.8684931506849
3.09498397088325,TRI,11.8684931506849
4.64316737190675,TRI,11.8684931506849
3.8196581098783,TRI,11.8684931506849
4.42738692935185,TRI,11.8684931506849
4.22315682546273,TRI,11.8684931506849
4.45433743218685,TRI,11.8684931506849
3.81908476339054,TRI,11.8684931506849
3.87921941483584,TRI,11.8684931506849
4.81756771402258,UNI,-5.91780821917808
3.74699615886772,UNI,-5.91780821917808
NaN,UNI,-5.91780821917808
2.69675633499294,UNI,-5.91780821917808
1,UNI,-5.91780821917808
3.35477205854859,UNI,-5.91780821917808
3.26267488471748,UNI,-5.91780821917808
1.80312844156375,UNI,-5.88493150684931
1,UNI,-5.88493150684931
2.05856700461311,UNI,-5.88493150684931
3.30166716090088,UNI,-5.88493150684931
4.43487832367594,UNI,-5.88493150684931
3.20104540964825,UNI,-5.88493150684931
2.94769484379168,UNI,-5.88493150684931
1.75618742624122,UNI,-5.88493150684931
2.72208334544046,UNI,-5.85205479452055
3.38139785394379,UNI,-5.85205479452055
5.29562420501224,UNI,-5.85205479452055
4.15151383461311,UNI,-5.72054794520548
1,UNI,-5.72054794520548
3.06149376834706,UNI,-5.72054794520548
5.30667375269562,UNI,-5.72054794520548
4.29933415989749,UNI,-5.68767123287671
3.85609317563126,UNI,-5.68767123287671
3.2522946794602,UNI,-5.68767123287671
1.62831610425177,UNI,-5.68767123287671
1.47070550140216,UNI,-5.68767123287671
1.64082051493118,UNI,-5.68767123287671
3.90901190222128,UNI,-5.65479452054795
3.51066103981773,UNI,-5.65479452054795
4.34080980799598,UNI,-5.65479452054795
3.56760357763834,UNI,-5.65479452054795
4.30997883188093,UNI,-5.62191780821918
1.71189175030222,UNI,-5.62191780821918
1.90339043450765,UNI,-5.62191780821918
1.61018138167143,UNI,-5.62191780821918
3.05269776332708,UNI,-5.62191780821918
1.55560862856452,UNI,-5.62191780821918
2.85204593316464,UNI,-5.45753424657534
1.88706949049327,UNI,-5.45753424657534
1.70050170292108,UNI,-5.45753424657534
2.35528494262793,UNI,-5.45753424657534
1.50423674265801,UNI,-5.45753424657534
2.65944767281521,UNI,-5.42465753424657
3.40339996247254,UNI,-5.42465753424657
4.38095936821316,UNI,-5.42465753424657
2.88016494442516,UNI,-5.42465753424657
3.0310333632632,UNI,-5.42465753424657
1.94544369026262,UNI,-5.42465753424657
1.99632172436098,UNI,-5.42465753424657
3.68081508853026,UNI,-5.39178082191781
4.42884818486451,UNI,-5.39178082191781
3.95940847736159,UNI,-5.39178082191781
2.46340964422349,UNI,-5.39178082191781
1.39165913598841,UNI,-5.39178082191781
2.33623966490951,UNI,-5.39178082191781
1.66877262932026,UNI,-5.39178082191781
4.84790445995687,UNI,-5.22739726027397
4.70045616571528,UNI,-5.22739726027397
3.64384275490572,UNI,-5.22739726027397
4.64732138672125,UNI,-5.22739726027397
3.40954638785034,UNI,-5.19452054794521
5.15274903000367,UNI,-5.19452054794521
1,UNI,-5.19452054794521
4.02537282723342,UNI,-5.19452054794521
2.83060603577593,UNI,-5.16164383561644
2.55913669088656,UNI,-5.16164383561644
4.00524987961765,UNI,-5.16164383561644
4.92002614621033,UNI,-5.06301369863014
4.21250012984357,UNI,-5.06301369863014
NaN,UNI,-5.06301369863014
3.42153762502325,UNI,-5.06301369863014
4.24919966623894,UNI,-5.06301369863014
3.05029129261295,UNI,-4.9972602739726
4.01548154917522,UNI,-4.9972602739726
1.90327484865297,UNI,-0.394520547945205
2.65417870032659,UNI,-0.394520547945205
1.75277456577715,UNI,-0.394520547945205
1.74424273767386,UNI,-0.394520547945205
3.64008414188809,UNI,-0.361643835616438
4.77196451793947,UNI,-0.361643835616438
3.22882599349054,UNI,-0.361643835616438
3.79506508425188,UNI,-0.197260273972603
1.46036765472426,UNI,-0.197260273972603
4.55899554394442,UNI,-0.197260273972603
4.1211339197356,UNI,-0.197260273972603
4.65121064354398,UNI,-0.197260273972603
5.13310010124377,UNI,-0.197260273972603
3.72761707886469,UNI,-0.131506849315069
3.53841723127223,UNI,-0.131506849315069
1.55275833075466,UNI,-0.131506849315069
4.7004192049946,UNI,-0.131506849315069
4.78292527520838,UNI,-0.131506849315069
3.78121209045852,UNI,-0.131506849315069
3.78121209045852,UNI,-0.131506849315069
4.81609352230816,UNI,0.263013698630137
4.51049664388728,UNI,0.263013698630137
3.58014923554242,UNI,0.263013698630137
4.97287264378504,UNI,0.263013698630137
2.91051759343039,UNI,0.263013698630137
3.58014923554242,UNI,0.263013698630137
4.40744620700833,UNI,0.263013698630137
4.23350959097981,UNI,0.328767123287671
3.8085292794201,UNI,0.361643835616438
1.18636662304475,UNI,0.361643835616438
3.01158908389309,UNI,0.361643835616438
3.83138576444547,UNI,0.361643835616438
3.28400825969537,UNI,0.361643835616438
4.21650449180314,UNI,0.361643835616438
4.71389902978211,UNI,0.361643835616438
3.8085292794201,UNI,0.361643835616438
1.18636662304475,UNI,0.361643835616438
3.01158908389309,UNI,0.361643835616438
3.83138576444547,UNI,0.361643835616438
2.70710347708202,UNI,0.493150684931507
2.50804623126975,UNI,0.493150684931507
4.33588881439098,UNI,0.493150684931507
2.02443715064821,UNI,0.493150684931507
3.60593527351337,UNI,0.493150684931507
4.26865542740329,UNI,0.493150684931507
4.2319177071168,UNI,0.493150684931507
4.16429600852698,UNI,0.493150684931507
2.02443715064821,UNI,0.493150684931507
3.60593527351337,UNI,0.493150684931507
4.26865542740329,UNI,0.493150684931507
3.93419329268314,UNI,0.493150684931507
4.2319177071168,UNI,0.493150684931507
3.7872047250703,UNI,0.526027397260274
3.29099083208301,UNI,0.526027397260274
3.58360140013065,UNI,0.526027397260274
2.33782419959487,UNI,0.526027397260274
3.47454556871426,UNI,0.558904109589041
2.42910195439378,UNI,0.558904109589041
4.50146217393954,UNI,0.558904109589041
3.14931037696287,UNI,0.558904109589041
2.22220460339339,UNI,0.558904109589041
3.16991894975919,UNI,0.558904109589041
5.22786609932499,UNI,4.86575342465753
4.29601535302807,UNI,4.86575342465753
4.92474600932215,UNI,4.86575342465753
4.13510247955212,UNI,4.86575342465753
2.34001538178983,UNI,4.86575342465753
1.72546153807016,UNI,4.86575342465753
2.12544802002513,UNI,4.8986301369863
4.331973328029,UNI,4.8986301369863
4.82750271411045,UNI,4.8986301369863
4.6653921592889,UNI,4.8986301369863
2.54521223487439,UNI,4.93150684931507
2.46073252282585,UNI,4.93150684931507
2.53738442193126,UNI,4.93150684931507
4.4927254754336,UNI,5.0958904109589
3.66353996328689,UNI,5.0958904109589
3.73913168349039,UNI,5.0958904109589
3.12670189585364,UNI,5.0958904109589
3.22911527895669,UNI,5.0958904109589
4.16147914710178,UNI,5.12876712328767
4.0222268736619,UNI,5.12876712328767
4.83069185557045,UNI,5.39178082191781
5.36353837178991,UNI,5.39178082191781
1.69831405837534,UNI,5.58904109589041
5.00540026573888,UNI,5.58904109589041
4.56234065547296,UNI,5.58904109589041
2.57772131902804,UNI,5.58904109589041
3.32861024393104,UNI,5.58904109589041
2.1679549741246,UNI,5.58904109589041
2.24813322199228,UNI,5.58904109589041
4.96017948813761,UNI,5.65479452054795
5.61039327178755,UNI,5.65479452054795
3.69961474997285,UNI,5.65479452054795
4.18034328103948,UNI,10.4219178082192
4.49644438576097,UNI,10.4219178082192
4.60888376668992,UNI,10.4219178082192
2.13924532142601,UNI,10.4219178082192
4.41200550203513,UNI,10.4219178082192
3.40003015400265,UNI,10.4219178082192
4.15613197388756,UNI,10.4547945205479
5.08629729868652,UNI,10.4547945205479
2.47666415911372,UNI,10.4547945205479
4.4250856063399,UNI,10.4547945205479
4.75193569081863,UNI,10.4547945205479
3.82363122509846,UNI,10.4547945205479
3.31242879548707,UNI,10.4547945205479
4.42355562087575,UNI,10.4547945205479
5.08100023270224,UNI,10.4547945205479
3.71157290966543,UNI,10.4547945205479
4.97001473710555,UNI,10.6520547945205
4.74882912075329,UNI,10.6520547945205
4.21954004685411,UNI,10.6520547945205
4.13541610181173,UNI,10.6520547945205
4.34681737325342,UNI,10.6520547945205
3.13313404494628,UNI,10.6849315068493
1,UNI,10.6849315068493
4.94849348400322,UNI,10.6849315068493
4.23164979586696,UNI,10.6849315068493
2.79708429571872,UNI,10.6849315068493
3.82301947299846,UNI,10.6849315068493
3.39829592185677,UNI,10.6849315068493
3.43911162046276,UNI,10.6849315068493
3.73590610792899,UNI,10.6849315068493
4.08934679227989,UNI,10.6849315068493
3.25541750030041,UNI,10.6849315068493
3.58603888007312,UNI,10.7178082191781
3.44456997988371,UNI,10.7178082191781
5.20048003115903,UNI,10.7178082191781
5.08925893512911,UNI,10.7178082191781
2.73603101059327,UNI,10.8493150684931
2.92526893889372,UNI,10.8493150684931
1.70768745623827,UNI,10.8493150684931
4.40126778447841,UNI,10.8493150684931
4.40242605052092,UNI,10.8493150684931
1.4208095111988,UNI,10.9150684931507
3.35726774013552,UNI,10.9150684931507
2.86174338793872,UNI,10.9150684931507
2.72667092513788,UNI,10.9479452054795
4.74575519780285,UNI,10.9479452054795
2.65294933079958,UNI,10.9479452054795
3.55179975892414,UNI,11.1123287671233
3.82852435527469,UNI,11.1452054794521
4.58173380259979,UNI,11.1452054794521
3.1147891291901,UNI,11.1780821917808
2.51485596723237,UNI,11.1780821917808
4.23131398582414,UNI,11.1780821917808
4.39933486997831,UNI,11.1780821917808
2.52662640351913,UNI,11.1780821917808
2.03323352862268,UNI,11.3095890410959
2.21479892439855,UNI,11.3095890410959
3.03303401659828,UNI,11.3095890410959
4.5353099602506,UNI,11.3095890410959
2.19559004661123,UNI,11.3095890410959
3.49301766192576,UNI,11.3095890410959
4.03671800406825,UNI,11.3095890410959
2.26018603774022,UNI,11.3095890410959
2.41484361650404,UNI,11.3095890410959
1.71107838682629,UNI,11.3095890410959
1.27146981758708,UNI,11.3095890410959
2.06228111208989,UNI,11.4082191780822
2.5213734884909,UNI,11.4082191780822
2.99991689506015,UNI,11.4082191780822
3.36532198554282,UNI,11.4082191780822
4.61040099398822,UNI,11.4082191780822
2.34332487746028,UNI,11.4082191780822
2.32902887133902,UNI,11.4082191780822
2.91620045165531,UNI,11.4082191780822
1.33841594809961,UNI,11.5397260273973
1.89888857121977,UNI,11.5397260273973
1.85531790089099,UNI,11.5397260273973
4.55917655451609,UNI,11.5397260273973
3.36256855728315,UNI,11.5397260273973
3.29798740481358,UNI,11.5397260273973
3.09552049373557,UNI,11.5397260273973
4.38688969787063,UNI,11.5397260273973
4.17652783919761,UNI,11.5397260273973
1.82108677121118,UNI,11.572602739726
2.6698173491106,UNI,11.572602739726
2.4094694088827,UNI,11.572602739726
1.76599388883282,UNI,11.572602739726
1.23633857596526,UNI,11.572602739726
2.67075729474181,UNI,11.572602739726
2.83206268063091,UNI,11.572602739726
1.74390050891426,UNI,11.572602739726
1.44017971842987,UNI,11.572602739726
4.36378771508097,UNI,11.6054794520548
2.63011937210463,UNI,11.6054794520548
2.74100317530885,UNI,11.6054794520548
3.15759363372777,UNI,11.6054794520548
4.37478555407723,UNI,11.6054794520548
4.09523151656715,UNI,11.6054794520548
3.7393158960902,UNI,11.6054794520548
3.4208794465423,UNI,11.6054794520548
4.6260342579731,UNI,11.6054794520548
4.89295088770011,UNI,15.9452054794521
4.609179073456,UNI,15.9452054794521
4.44632595756136,UNI,15.9452054794521
4.24418791847472,UNI,15.9452054794521
5.77874088510423,UNI,15.9452054794521
4.76562986561781,UNI,15.9452054794521
4.86660658526108,UNI,15.9452054794521
5.40947851584702,UNI,15.9452054794521
4.39070284686482,UNI,15.9452054794521
5.07493182015944,UNI,15.9452054794521
3.74942054482038,UNI,15.9780821917808
4.65573682344835,UNI,15.9780821917808
4.41309390543933,UNI,15.9780821917808
4.88752030667056,UNI,15.9780821917808
3.81843535842756,UNI,15.9780821917808
2.14946244440381,UNI,15.9780821917808
3.04509014950628,UNI,15.9780821917808
4.12542618353768,UNI,15.9780821917808
4.19442098124806,UNI,15.9780821917808
3.8652517395084,UNI,15.9780821917808
5.204261718027,UNI,15.9780821917808
3.67239382747458,UNI,15.9780821917808
4.19269950093815,UNI,15.9780821917808
4.54386632234092,UNI,15.9780821917808
4.38621177977348,UNI,15.9780821917808
3.26221373319204,UNI,15.9780821917808
4.12103119969982,UNI,15.9780821917808
4.76280663683903,UNI,15.9780821917808
4.99492539876896,UNI,16.1753424657534
5.09498046764282,UNI,16.1753424657534
3.67375781179241,UNI,16.1753424657534
5.64949040873401,UNI,16.1753424657534
3.59639391862379,UNI,16.1753424657534
4.35710969353063,UNI,16.1753424657534
5.4141783833842,UNI,16.1753424657534
2.90194920259894,UNI,16.1753424657534
4.8133170503429,UNI,16.1753424657534
5.57099225065957,UNI,16.1753424657534
2.55985754991685,UNI,16.1753424657534
4.0660285497022,UNI,16.1753424657534
3.78106445134666,UNI,16.1753424657534
4.9253012419959,UNI,16.1753424657534
4.8507541078756,UNI,16.1753424657534
5.08719693924114,UNI,16.241095890411
4.61088293518416,UNI,16.241095890411
5.09859851843647,UNI,16.241095890411
3.27430526081315,UNI,16.241095890411
4.50825173013369,UNI,16.241095890411
4.37413497231081,UNI,16.241095890411
3.88513306178068,UNI,16.241095890411
3.10102045185477,UNI,16.241095890411
4.28866297442151,UNI,16.241095890411
4.55496881351604,UNI,16.241095890411
3.46049714844122,UNI,16.241095890411
2.07559809281492,UNI,16.241095890411
4.61562146294052,UNI,16.241095890411
4.97661229684548,UNI,16.241095890411
4.66365860514255,UNI,16.241095890411
3.66682382118155,UNI,16.4054794520548
1,UNI,16.4054794520548
4.87524149682433,UNI,16.4054794520548
4.33987620848973,UNI,16.4054794520548
4.01866814411253,UNI,16.4054794520548
2.65407770072493,UNI,16.4054794520548
2.78380176083591,UNI,16.4054794520548
4.56276196309216,UNI,16.4054794520548
2.98414023650252,UNI,16.4054794520548
4.46872596364397,UNI,16.4054794520548
4.20606060606061,UNI,16.4054794520548
4.66123542352019,UNI,16.4054794520548
3.93714521564916,UNI,16.4054794520548
3.01787080899029,UNI,16.4054794520548
4.01903684725801,UNI,16.4054794520548
1.58760932623148,UNI,16.4054794520548
2.95536112840328,UNI,16.4054794520548
3.85669212001703,UNI,16.4712328767123
2.94610465042807,UNI,16.4712328767123
4.61204199637801,UNI,16.4712328767123
4.89464358688716,UNI,16.4712328767123
2.42453773709299,UNI,16.4712328767123
2.97925131437917,UNI,16.4712328767123
2.65949320972427,UNI,16.4712328767123
2.06892728896984,UNI,16.4712328767123
1.99147303605362,UNI,16.4712328767123
1.25377345250942,UNI,16.4712328767123
4.52800991886245,UNI,16.8328767123288
2.73209228508396,UNI,16.8328767123288
4.09569282694546,UNI,16.8328767123288
4.24057379003237,UNI,16.8328767123288
4.222641976759,UNI,16.8328767123288
5.0090959670203,UNI,16.8328767123288
3.22054193393123,UNI,16.8328767123288
4.90520505598946,UNI,16.8328767123288
4.72126218164692,UNI,16.8328767123288
5.11144698396381,UNI,16.8328767123288
2.91574949042698,UNI,16.8657534246575
3.21019825632796,UNI,16.8657534246575
2.70809060992951,UNI,16.8657534246575
4.2903178971265,UNI,16.8657534246575
2.99207781863504,UNI,16.8657534246575
5.2271055298699,UNI,16.8657534246575
3.28282777187358,UNI,16.8657534246575
2.09997109137133,UNI,16.8657534246575
NaN,UNI,16.8657534246575
3.30722222550909,UNI,16.8657534246575
3.00020916747107,UNI,16.8657534246575
5.49615687075742,UNI,16.8657534246575
4.65148699838104,UNI,16.8657534246575
4.91756701153884,UNI,16.8657534246575
1.36932493098615,UNI,16.8657534246575
2.75708375193474,UNI,16.8657534246575
1.3235202106641,UNI,16.8657534246575
5.02742402578079,UNI,16.8986301369863
1.91401389882684,UNI,16.8986301369863
5.12160944731406,UNI,16.8986301369863
2.10441251583394,UNI,16.8986301369863
5.23097353724498,UNI,16.8986301369863
4.18823229398259,UNI,16.8986301369863
4.46521826829406,UNI,16.9315068493151
3.63616536206871,UNI,16.9315068493151
2.7564158470808,UNI,16.9315068493151
5.41200776778311,UNI,16.9315068493151
4.11909929090811,UNI,16.9315068493151
3.78277491039784,UNI,16.9315068493151
4.74726937032799,UNI,16.9315068493151
1.66515801455923,UNI,16.9315068493151
1.28321940738229,UNI,16.9315068493151
1.60199274473062,UNI,16.9315068493151
1.7948161239237,UNI,-5.26027397260274
3.08362967199662,UNI,-5.26027397260274
4.53790555858687,UNI,-5.26027397260274
4.57725589230957,UNI,-5.26027397260274
3.55576238836919,UNI,-5.26027397260274
3.62538085893141,UNI,-5.26027397260274
4.73523571362629,UNI,-4.96438356164384
4.25643438452724,UNI,-4.96438356164384
1.6514223624379,UNI,-0.164383561643836
2.96698029671793,UNI,-0.164383561643836
3.3649590309407,UNI,-0.164383561643836
4.41552596214034,UNI,-0.164383561643836
4.09813961748268,UNI,-0.164383561643836
1.99311234510495,UNI,0.295890410958904
4.0997843281182,UNI,0.295890410958904
3.66774306161634,UNI,0.295890410958904
4.95451550148887,UNI,0.295890410958904
1.99311234510495,UNI,0.295890410958904
4.0997843281182,UNI,0.295890410958904
1.19787009378921,UNI,0.591780821917808
1.23226048234777,UNI,0.591780821917808
4.25928121332268,UNI,5.12876712328767
4.2637774963351,UNI,5.12876712328767
4.29593223621489,UNI,5.12876712328767
4.6099701839092,UNI,5.12876712328767
4.99435387525843,UNI,5.12876712328767
3.70974858385227,UNI,5.12876712328767
3.71925424648026,UNI,5.12876712328767
3.61436699238583,UNI,5.16164383561644
3.54661988221351,UNI,5.16164383561644
3.23207908621695,UNI,5.16164383561644
5.18656891477704,UNI,5.16164383561644
2.55566918145435,UNI,5.16164383561644
4.2855146759103,UNI,5.42465753424657
3.25065258532175,UNI,5.42465753424657
3.33391132936007,UNI,5.42465753424657
2.27565551650854,UNI,5.42465753424657
3.39335815272484,UNI,5.42465753424657
3.20716991421251,UNI,5.42465753424657
4.88287388578555,UNI,5.42465753424657
3.5381940640486,UNI,5.42465753424657
4.47115973217905,UNI,10.4876712328767
2.60374181219247,UNI,10.4876712328767
4.39106485257067,UNI,10.4876712328767
4.202893521706,UNI,10.4876712328767
2.37937067264117,UNI,10.4876712328767
3.73051863560983,UNI,11.3424657534247
1.98252310165862,UNI,11.3424657534247
4.47093233670924,UNI,11.3424657534247
3.22628291851221,UNI,11.3424657534247
4.4600801858009,UNI,11.3424657534247
3.52706496490884,UNI,11.3424657534247
3.683053146986,UNI,11.3424657534247
1.71604383902778,UNI,11.3424657534247
3.72368879589515,UNI,11.3753424657534
5.26411190305539,UNI,11.3753424657534
4.43053263926794,UNI,11.3753424657534
4.57402677763125,UNI,11.3753424657534
5.01625353318654,UNI,11.3753424657534
4.25372325780998,UNI,11.6383561643836
4.80088129986282,UNI,11.6383561643836
4.16905237104692,UNI,11.6383561643836
3.75767512836188,UNI,11.6383561643836
4.36478214664443,UNI,16.372602739726
5.0534670643222,UNI,16.372602739726
4.96190696397347,UNI,16.372602739726
3.92379613371976,UNI,16.372602739726
4.04697254546432,UNI,16.372602739726
5.1315682197571,UNI,16.372602739726
3.47843156836921,UNI,16.372602739726
3.88006876630041,UNI,16.372602739726
5.53735878667583,UNI,16.372602739726
3.92871983453152,UNI,16.372602739726
3.70321755701727,UNI,16.372602739726
5.03069197625882,UNI,16.372602739726
4.84337262433402,UNI,16.372602739726
3.45124984920507,UNI,16.372602739726
3.43639413436998,UNI,16.372602739726
4.97747516388597,UNI,16.372602739726
4.35724580375994,UNI,16.372602739726
4.97004137886741,UNI,16.372602739726
3.90057601720611,UNI,16.372602739726
3.15829469339874,UNI,16.372602739726
4.4533932477642,UNI,16.372602739726
4.8528972132328,UNI,16.4383561643836
4.84545106968827,UNI,16.4383561643836
4.97438579582179,UNI,16.4383561643836
5.005928500373,UNI,16.4383561643836
5.04199029016362,UNI,16.4383561643836
3.83468471318887,UNI,16.4383561643836
4.80846785609463,UNI,16.4383561643836
6.16105589636064,UNI,16.4383561643836
5.49206787183818,UNI,16.4383561643836
5.0909719506825,UNI,16.4383561643836
5.5077992987562,UNI,16.6027397260274
3.81261954363982,UNI,16.6027397260274
4.61291717685199,UNI,16.6027397260274
4.8340774598345,UNI,16.6027397260274
4.09446916594333,UNI,16.6027397260274
4.07681269491935,UNI,16.6027397260274
4.88848596767768,UNI,16.6027397260274
3.14219182025803,UNI,16.6027397260274
2.87901758058248,UNI,16.6027397260274
3.91138694104723,UNI,16.6027397260274
4.54401677268436,UNI,16.6027397260274
1.35021677064608,UNI,16.6027397260274
2.4752520077451,UNI,16.6356164383562
5.47992959299731,UNI,16.6356164383562
3.6058487605899,UNI,16.6356164383562
4.39532511954169,UNI,16.6356164383562
2.05076110859626,UNI,16.6356164383562
4.91550447000406,UNI,16.6356164383562
4.18762190792145,UNI,16.6356164383562
4.61992391783113,UNI,16.6356164383562
4.01426742853445,UNI,16.6356164383562
2.00855048308197,UNI,16.6356164383562
3.66096401298367,UNI,16.6356164383562
2.90111667839467,UNI,16.6356164383562
3.71184562574878,UNI,16.6684931506849
NaN,UNI,16.6684931506849
3.534186469526,UNI,16.6684931506849
5.12338852214151,UNI,16.6684931506849
5.33809568761581,UNI,16.6684931506849
3.98087610342258,UNI,16.6684931506849
4.92865370628737,UNI,16.6684931506849
4.98326063609598,UNI,16.6684931506849
4.78265907952655,UNI,16.6684931506849
5.97788444546516,UNI,16.6684931506849
4.62703936525899,UNI,16.6684931506849
NaN,VIK,-10.4547945205479
3.68800394899136,VIK,-10.4547945205479
4.67224143262885,VIK,-10.2904109589041
2.67241191355325,VIK,-10.2904109589041
5.19905822522544,VIK,-10.2575342465753
4.56750219459308,VIK,-10.2575342465753
3.48234312390686,VIK,-10.2246575342466
2.35069955817379,VIK,-10.2246575342466
5.15509122755033,VIK,-10.0602739726027
4.20041813086224,VIK,-10.0602739726027
3.89503972348572,VIK,-9.99452054794521
5.09888918075693,VIK,-9.99452054794521
3.81072674148504,VIK,-9.99452054794521
5.29763755494102,VIK,-9.99452054794521
2.75853617616316,VIK,-9.17260273972603
2.438961896996,VIK,-9.17260273972603
1.68419731793144,VIK,-9.17260273972603
5.05857592735285,VIK,-7.95616438356164
1,VIK,-7.95616438356164
5.07608871039044,VIK,-7.95616438356164
5.04870708614024,VIK,-7.95616438356164
4.51220018447193,VIK,-7.95616438356164
4.6501599123776,VIK,-7.69315068493151
5.31315236354809,VIK,-7.69315068493151
3.95020157818348,VIK,-7.69315068493151
4.7562155246649,VIK,-7.69315068493151
2.43980410197457,VIK,-7.56164383561644
NaN,VIK,-7.56164383561644
4.69461940821192,VIK,-7.56164383561644
3.63282705731044,VIK,-7.26575342465753
4.72166586972898,VIK,-7.26575342465753
3.27765326129865,VIK,-7.26575342465753
3.04419934963494,VIK,-7.26575342465753
3.92601194563419,VIK,-7.26575342465753
3.45785755992918,VIK,-7.26575342465753
3.86862017994623,VIK,-7.03561643835616
3.66570292735815,VIK,-7.03561643835616
4.57464864266316,VIK,-7.03561643835616
3.81695706902328,VIK,-4.10958904109589
2.51762786713023,VIK,-3.87945205479452
2.50022087225642,VIK,-3.87945205479452
1.95821193823981,VIK,-3.87945205479452
3.32168634996226,VIK,-3.81369863013699
4.67051415779606,VIK,-3.81369863013699
4.7145424606675,VIK,-3.78082191780822
2.98984878315068,VIK,-3.55068493150685
4.81486031354445,VIK,-3.55068493150685
3.98323636773945,VIK,-3.55068493150685
4.01955106444962,VIK,-3.55068493150685
4.2640387824843,VIK,-3.55068493150685
4.48643191148004,VIK,-3.55068493150685
4.38619066329458,VIK,-3.55068493150685
3.75895627511227,VIK,-3.55068493150685
2.61368950978682,VIK,-3.55068493150685
3.95324959175696,VIK,-3.55068493150685
3.52620149624555,VIK,-3.55068493150685
4.94791275196219,VIK,-3.28767123287671
4.56724106845467,VIK,-3.28767123287671
3.45982377843131,VIK,-3.25479452054795
4.68822981315197,VIK,-3.25479452054795
5.17851122858752,VIK,-3.25479452054795
2.70717895827331,VIK,-3.25479452054795
3.71132755708095,VIK,-3.25479452054795
3.3976651864205,VIK,-3.25479452054795
3.89549456090123,VIK,6.73972602739726
4.56986057179617,VIK,6.73972602739726
4.02852026184916,VIK,6.73972602739726
3.1661735713775,VIK,6.73972602739726
5.01867547357083,VIK,6.73972602739726
4.41553039647545,VIK,7.2
4.80553030564756,VIK,7.2
3.26052131665764,VIK,7.23287671232877
3.64336333287781,VIK,7.23287671232877
3.55764777068162,VIK,7.23287671232877
1,VIK,7.23287671232877
2.3597301957876,VIK,7.23287671232877
5.0834053673735,VIK,7.23287671232877
1.6528621001398,VIK,7.23287671232877
4.00141020960415,VIK,7.23287671232877
4.66149900075626,VIK,7.3972602739726
4.53989626456617,VIK,7.3972602739726
3.27780769286743,VIK,7.3972602739726
4.71576699202521,VIK,7.3972602739726
4.38890358128326,VIK,7.3972602739726
4.59804491523275,VIK,7.3972602739726
4.85573637239885,VIK,7.3972602739726
1.97069167643611,VIK,7.3972602739726
4.42258575902143,VIK,7.3972602739726
4.54838519320146,VIK,7.3972602739726
3.68021568925035,VIK,7.62739726027397
4.83922856311567,VIK,7.62739726027397
4.11195540175548,VIK,7.62739726027397
1.71746595100446,VIK,7.62739726027397
4.59306181834902,VIK,7.66027397260274
1.66620417449404,VIK,7.66027397260274
3.8705920071452,VIK,7.66027397260274
1.44691134287453,VIK,7.66027397260274
4.84374637308385,VIK,7.66027397260274
3.17967257422515,VIK,7.66027397260274
4.51572378140855,VIK,7.66027397260274
4.75708046157382,VIK,7.66027397260274
4.25359708548113,VIK,11.8684931506849
4.37972080201302,VIK,11.8684931506849
5.13048034771391,VIK,11.8684931506849
4.47920173604384,VIK,11.8684931506849
4.58895887797133,VIK,11.8684931506849
4.62236545969976,VIK,11.8684931506849
4.47141201723552,VIK,11.8684931506849
5.16829564867394,VIK,11.8684931506849
4.94059697723403,VIK,11.8684931506849
4.59239240816011,VIK,11.8684931506849
5.02953432424333,VIK,11.8684931506849
5.12668257153791,VIK,11.8684931506849
4.47488820971175,VIK,11.8684931506849
4.06743245324872,VIK,12.0328767123288
4.49048316564267,VIK,12.0328767123288
3.26456062431011,VIK,12.0328767123288
2.6041844146092,VIK,12.0328767123288
3.83115883890076,VIK,12.0328767123288
3.77261506286418,VIK,12.0328767123288
4.63650894370633,VIK,12.6904109589041
1.95821193823981,VIK,12.6904109589041
4.81693022124841,VIK,12.6904109589041
4.60370222696402,VIK,12.2630136986301
2.67255181793694,VIK,12.2630136986301
4.2748986792592,VIK,12.2630136986301
4.89257632063971,VIK,12.2630136986301
4.48354180673345,VIK,12.2630136986301
4.11190563585457,VIK,12.2630136986301
2.08367445261443,VIK,12.2630136986301
4.32722648064848,VIK,12.2630136986301
2.77752437717403,VIK,12.2630136986301
3.56008977887563,VIK,12.4931506849315
5.42051580536772,VIK,12.4931506849315
5.45978679463171,VIK,12.4931506849315
4.49682536852268,VIK,12.4931506849315
4.76796064243101,VIK,12.4931506849315
4.57664585828186,VIK,12.4931506849315
4.83209971983855,VIK,13.0191780821918
3.41241021593794,VIK,13.0191780821918
4.511000394605,VIK,13.0191780821918
4.50751492929317,VIK,13.0191780821918
4.60398748949977,VIK,-7.23287671232877
2.1484756417389,VIK,-7.23287671232877
4.22642358549975,VIK,-7.23287671232877
2.17568293994038,VIK,-7.23287671232877
