mature,eff_dim,ID
31.5975342465753,12.0010768489707,All
30.8709589041096,12.1669174528764,All
31.0605479452055,12.3584185011967,All
32.2660273972603,11.1380589595036,All
31.5427397260274,9.80724126075724,All
32.5421917808219,10.9601616260391,All
30.7745205479452,12.8617299690334,All
31.6950684931507,11.4814991801187,All
31.4715068493151,11.1600595589964,All
31.6621917808219,9.80603026905604,All
31.4605479452055,11.5280730458195,All
31.8090410958904,10.2039969144497,All
31.6720547945206,12.0675211758285,All
30.9060273972603,9.80094519366149,All
31.9186301369863,9.78607538710073,All
32.138904109589,10.2519822466302,All
31.4802739726027,12.775828182408,All
30.8293150684931,12.8626895709806,All
30.9860273972603,12.4935350542907,All
31.1186301369863,12.9581723616382,All
30.7986301369863,10.00120402891,All
32.0117808219178,10.6770054636478,All
31.6709589041096,9.363156763607,All
30.7065753424658,10.6706409829039,All
30.9542465753425,12.1432746147746,All
31.8430136986301,11.0998467916567,All
31.4671232876712,10.751258223286,All
32.1750684931507,10.7069740109666,All
32.2605479452055,10.5548320553226,All
30.6802739726027,11.2748033508379,All
30.3854794520548,12.090610324247,All
31.1175342465753,10.4743606867627,All
31.7882191780822,9.25568673480496,All
31.7728767123288,11.716735145401,All
30.7931506849315,11.3036991010543,All
31.4769863013699,11.8836240828747,All
30.8928767123288,11.8055579727923,All
31.0715068493151,10.2139272327685,All
31.7378082191781,11.7623211622736,All
30.4983561643836,11.4541208289222,All
31.4978082191781,11.1510684185708,All
31.5975342465753,11.7717723900483,All
31.5098630136986,13.5591489526352,All
31.5942465753425,12.6697400691044,All
31.6556164383562,10.8453956520146,All
31.6556164383562,9.18173760825578,All
31.0528767123288,11.7342383717515,All
30.3460273972603,10.8040629814199,All
30.7219178082192,11.8993447920933,All
30.6758904109589,10.5368736800913,All
36.4424657534247,12.8845854688887,All
36.461095890411,12.3692711455185,All
36.0282191780822,12.7549657546461,All
35.7586301369863,11.3946725427555,All
36.3493150684931,12.7647203546764,All
35.153698630137,12.9914639302278,All
35.5339726027397,12.9667273590296,All
36.381095890411,12.9247438671798,All
36.0534246575342,11.3343289010362,All
35.9230136986301,12.3279744757192,All
35.7586301369863,13.2690102596596,All
36.3416438356164,12.5827204913388,All
35.9131506849315,13.3978251098543,All
35.7717808219178,12.0318517062801,All
36.086301369863,13.599444591117,All
35.0956164383562,12.5641197121292,All
36.6265753424657,10.9975909401198,All
35.5186301369863,11.4839418766387,All
35.6786301369863,13.2551474410725,All
35.7586301369863,13.0589589146935,All
36.0928767123288,12.1709588911533,All
36.1695890410959,13.3794793115716,All
35.9306849315068,13.3248605516271,All
36.9027397260274,13.6155651773692,All
36.4424657534247,12.9118500530037,All
36.0567123287671,12.4127127114203,All
36.5432876712329,11.538478677734,All
36.2101369863014,12.5809857549434,All
35.8221917808219,11.2658387160953,All
35.7049315068493,10.2313324601881,All
36.7427397260274,11.9697524070997,All
35.4791780821918,11.7856004230251,All
35.6205479452055,13.1597590127461,All
35.6194520547945,11.9340523118721,All
35.8901369863014,14.8934994694687,All
36.4972602739726,11.7734749777414,All
35.9098630136986,12.268791330264,All
36.2167123287671,11.4791937093512,All
36.1893150684932,12.4903695956575,All
36.0435616438356,13.2642633180312,All
35.1854794520548,12.9229704584088,All
36.3646575342466,12.7866587604482,All
35.5230136986301,11.7189758452997,All
35.7739726027397,11.8615030236396,All
36.1991780821918,12.1110075677609,All
35.501095890411,13.1308127874082,All
35.3630136986301,12.4942901012479,All
36.0698630136986,11.5762130893514,All
36.6320547945205,13.1518193479702,All
35.6950684931507,10.9944136630421,All
37.9723287671233,13.9415476747239,All
37.3695890410959,14.5438177950295,All
37.6106849315068,14.1206905771643,All
37.4583561643836,13.4862183421279,All
37.526301369863,13.7659206274676,All
37.2665753424658,14.0952138699064,All
38.1619178082192,12.460177440677,All
37.7794520547945,13.4301878638182,All
37.1690410958904,15.8990754267037,All
37.6457534246575,14.6959523878729,All
37.5471232876712,12.696733837911,All
37.4813698630137,15.5457597675399,All
37.7915068493151,14.4473558944773,All
37.7586301369863,13.8692410371274,All
37.2950684931507,13.5092280875692,All
37.5778082191781,12.8096642814563,All
37.6578082191781,14.609541946487,All
37.8123287671233,15.0145833031448,All
37.8232876712329,13.1051284342692,All
37.6720547945206,14.0320902755808,All
38.2134246575342,14.1184753186263,All
37.072602739726,15.473158701896,All
37.6939726027397,14.7688983609958,All
37.952602739726,14.7596068357497,All
37.713698630137,12.7429853062879,All
37.8649315068493,14.1748788666865,All
37.6315068493151,13.148765101581,All
38.0391780821918,13.6752110373875,All
37.5602739726027,13.71753434983,All
38.1312328767123,14.3172169843403,All
37.2841095890411,14.6035486633747,All
37.4331506849315,13.6473154599899,All
36.6386301369863,14.4740987851109,All
37.4715068493151,15.5249674265162,All
37.7542465753425,11.2854347627568,All
36.9717808219178,13.5604887475543,All
37.8616438356164,11.3893931507168,All
38.1630136986301,15.0972573303812,All
38.0238356164383,13.7154774740663,All
37.1493150684931,15.1162693676212,All
37.3695890410959,14.067271073937,All
36.967397260274,14.8045329701141,All
37.8221917808219,14.5479006931454,All
37.1,14.7361072183733,All
36.9783561643836,14.0593880358818,All
37.5843835616438,15.3745355916596,All
36.8545205479452,13.6561023992499,All
37.6830136986301,11.07077131731,All
37.7169863013699,14.6625780475901,All
37.2852054794521,13.5493644428066,All
37.4627397260274,16.324311455958,All
37.9383561643836,14.6166492515917,All
38.2517808219178,14.9993203590161,All
37.366301369863,12.7675809277452,All
37.9076712328767,13.8469475524026,All
37.5328767123288,14.8171244736237,All
37.3706849315068,14.1278327870587,All
37.9854794520548,13.3255493086444,All
37.9778082191781,11.8526687289486,All
38.487397260274,15.7616538114655,All
37.8079452054794,15.4096752427315,All
37.6315068493151,13.8967932890511,All
37.9865753424657,14.6543395755407,All
37.0791780821918,14.7640420760585,All
37.1515068493151,13.5531615583099,All
37.4221917808219,14.8532204517139,All
37.9438356164384,12.2625047419376,All
37.5712328767123,15.1226126160597,All
37.5372602739726,14.7125701751295,All
37.8846575342466,12.3378024638823,All
37.6293150684931,14.3819875377912,All
38.298904109589,14.6303514557405,All
37.9460273972603,15.2833224870694,All
37.6830136986301,15.9561513454355,All
38.0402739726027,14.3076322519282,All
38.0128767123288,15.5001886689045,All
37.7652054794521,13.5091437756751,All
37.8408219178082,14.6590897344595,All
38.0315068493151,15.1774072557186,All
37.5021917808219,14.3553400489568,All
38.2386301369863,14.8619799003261,All
37.9186301369863,13.9155480130475,All
37.8101369863014,16.4003895073382,All
37.7005479452055,13.2200467065164,All
37.5701369863014,15.2089030120373,All
37.8758904109589,13.872780997753,All
37.4101369863014,15.1476448301428,All
38.3109589041096,13.4768117050707,All
37.9701369863014,15.1364566394655,All
38.2035616438356,13.8442262659019,All
37.6939726027397,14.8871204446143,All
37.6676712328767,14.3506142116838,All
37.7827397260274,14.6835182105326,All
37.4912328767123,15.3293499233455,All
37.9493150684931,11.5774410555086,All
38.1575342465753,13.0866864700557,All
37.9876712328767,13.0835322661497,All
38.3208219178082,15.0963524169731,All
37.7465753424658,14.2847327334664,All
37.5898630136986,15.3200046939523,All
37.4320547945205,13.4246491985056,All
38.1169863013698,14.5063881014901,All
38.1093150684931,12.8796463306003,All
37.7728767123288,13.4024900063063,All
38.2572602739726,14.4893884246318,All
37.8145205479452,13.6019071968942,All
37.9756164383562,14.4168777613143,All
37.4813698630137,12.4972208569974,All
38.1630136986301,15.7062845224897,All
38.1071232876712,16.0047292445121,All
37.5975342465753,15.2166516121573,All
37.3421917808219,14.2495208314263,All
37.7772602739726,13.0596848221604,All
37.6205479452055,14.150604706546,All
37.2895890410959,15.7272397010321,All
37.5668493150685,15.1851945722386,All
37.9569863013699,14.6801232816011,All
37.9186301369863,13.0612026155675,All
37.5438356164384,14.6622660043065,All
38.4271232876712,14.4724747248386,All
38.2956164383562,13.2185886838473,All
37.2271232876712,10.1694133217845,All
37.7038356164384,14.4678077678487,All
37.4342465753425,15.8014924626262,All
37.7498630136986,15.3308962493308,All
37.3783561643836,12.9810144995254,All
37.9635616438356,14.8486211991186,All
37.4780821917808,14.2240908306981,All
37.3860273972603,15.010197047771,All
37.6413698630137,13.662912559527,All
37.9887671232877,14.4779126205468,All
37.2665753424658,14.1170851538054,All
38.0632876712329,12.4792622649916,All
37.6567123287671,14.1945134410936,All
37.5712328767123,14.8026492166272,All
37.7958904109589,15.0738991748442,All
37.7147945205479,14.1866779732199,All
37.7367123287671,15.626412933191,All
37.7356164383562,15.6285401621735,All
37.898904109589,15.7061857806116,All
38.2298630136986,14.2214524610186,All
38.113698630137,13.5103956147237,All
38.2419178082192,15.454054979643,All
38.2353424657534,14.9641129673111,All
37.5569863013699,13.198337249231,All
38.1323287671233,15.1462331127508,All
37.7608219178082,13.8328606469861,All
38.166301369863,15.8824327743437,All
38.1706849315068,13.8238049819531,All
38.1049315068493,15.2899211977151,All
39.6983561643836,13.8743059414742,All
39.1854794520548,15.4581610282033,All
40.5487671232877,14.7322407273259,All
39.4331506849315,15.1735550250984,All
40.6835616438356,15.2048957531595,All
39.9405479452055,15.6384118937293,All
39.9580821917808,15.0592900337478,All
39.098904109589,14.8834755133524,All
39.872602739726,15.9271934418937,All
38.4227397260274,15.4408303478693,All
39.5580821917808,15.9458730886558,All
39.1547945205479,14.8947134397339,All
40.4720547945205,16.5731105151012,All
40.0884931506849,13.3099900763408,All
39.3816438356164,16.3089944482437,All
40.6583561643836,14.0480663163359,All
39.6906849315068,16.4121156183565,All
38.9147945205479,16.4231917753447,All
40.1115068493151,15.7387744518923,All
39.5657534246575,15.2475436554741,All
39.4627397260274,14.7826617004266,All
40.1882191780822,15.2055213376768,All
39.6358904109589,14.3644719662057,All
39.7827397260274,14.5996078139198,All
39.8123287671233,13.4437827855725,All
38.9279452054794,15.4984970007502,All
39.6260273972603,16.3282306284653,All
40.4490410958904,14.285406187847,All
39.8309589041096,15.2395964353183,All
40.3449315068493,15.774860313576,All
40.3252054794521,14.5218858006426,All
39.7312328767123,15.9376858080252,All
39.9372602739726,14.2793072073596,All
39.1361643835616,12.1955531325841,All
40.0797260273973,16.0115567600842,All
40.2616438356164,14.8315815723582,All
39.527397260274,15.0233126752842,All
40.3832876712329,16.1305460581829,All
39.5975342465753,14.7445446712949,All
39.8879452054794,15.2435623521041,All
40.3854794520548,16.4154483669837,All
39.8101369863014,14.3131455575815,All
39.5865753424657,15.5956461140745,All
39.9745205479452,12.625118426635,All
39.8868493150685,15.3238590398146,All
39.2709589041096,14.3724233551735,All
39.9153424657534,15.2872912525682,All
40.2484931506849,13.2770687235594,All
39.5745205479452,14.4308481652457,All
39.7838356164384,14.4773215870972,All
41.5295890410959,16.1741635699853,All
40.618904109589,14.834021058548,All
40.9279452054794,17.5623561839895,All
40.4665753424658,14.3374164723766,All
41.3246575342466,14.9107436712988,All
40.9104109589041,15.5713617384913,All
40.5268493150685,15.3812628536759,All
40.993698630137,14.9955767391399,All
41.0112328767123,13.5172253975139,All
41.9043835616438,16.8520335372989,All
40.4961643835616,15.4580548117421,All
40.8457534246575,15.7705261887134,All
40.8271232876712,16.3179064276594,All
40.007397260274,16.6641071288732,All
40.6484931506849,14.8329758877336,All
41.0539726027397,16.8903382645342,All
41.1328767123288,14.8489780155242,All
40.6978082191781,13.9165961507174,All
41.421095890411,17.2831438508713,All
41.4758904109589,15.4378460558139,All
40.9049315068493,16.0308410861204,All
40.8139726027397,14.0382175741407,All
41.3575342465753,14.4196431395632,All
39.8528767123288,15.3131261668544,All
41.2709589041096,15.3052479735439,All
40.7756164383562,13.8213238237422,All
41.5021917808219,16.4381868242597,All
40.7920547945205,15.9842483766907,All
40.7558904109589,16.3500643530011,All
41.1821917808219,15.4882372253967,All
40.3515068493151,13.7445040921446,All
40.7241095890411,14.9886860258648,All
41.3071232876712,15.2119380563225,All
40.8687671232877,15.9439440457326,All
40.806301369863,15.4393912187518,All
41.9569863013699,15.1761685693373,All
41.8495890410959,14.9627916637502,All
41.0178082191781,15.7254472100772,All
41.2676712328767,14.8749977959848,All
40.9717808219178,14.6512759584669,All
41.152602739726,14.838638686327,All
40.2221917808219,13.8521839079839,All
40.7131506849315,14.4232824324902,All
40.2572602739726,14.7332647137637,All
41.0342465753425,15.6838649089183,All
41.1558904109589,14.1646654363305,All
40.566301369863,14.9763007885869,All
41.713698630137,15.1853217576408,All
40.7241095890411,14.7343184698752,All
39.6249315068493,15.9420279464719,All
41.4934246575342,16.4242839275783,All
39.6983561643836,13.1221845025336,All
41.7849315068493,16.6362296907703,All
40.9882191780822,15.019481661319,All
41.0167123287671,16.3038533464061,All
41.9175342465753,15.779887485218,All
41.5931506849315,15.6778400318489,All
40.9805479452055,14.8993731043781,All
41.4002739726027,15.6214469344134,All
42.1323287671233,17.4181795317381,All
40.9761643835616,15.8819837308335,All
42.0786301369863,14.5532319851694,All
41.2249315068493,15.2425413814878,All
40.9147945205479,14.4776146825813,All
41.3575342465753,14.5701983565916,All
41.552602739726,16.0093519501026,All
41.0671232876712,15.0636892780336,All
41.1778082191781,15.3000415838145,All
41.3772602739726,16.4976818498855,All
41.3728767123288,14.783571054305,All
40.9739726027397,15.0093669481188,All
41.0616438356164,15.1891930736305,All
41.5460273972603,14.4257133148082,All
41.1767123287671,13.3432337021809,All
41.5350684931507,15.1013614361374,All
41.1438356164384,15.3822173896302,All
42.2561643835616,16.4340475062626,All
40.9915068493151,15.5241969444166,All
40.0731506849315,16.3084040034806,All
40.806301369863,15.2013688708554,All
41.0956164383562,14.5051862412245,All
40.9487671232877,15.3431609084828,All
42.4994520547945,14.7711517365468,All
41.9076712328767,16.7217535909159,All
40.9838356164384,13.9224432765988,All
40.1487671232877,15.5318756272853,All
41.3323287671233,15.9513893658953,All
41.0035616438356,16.7017521787333,All
41.4539726027397,15.3933644561977,All
40.938904109589,14.2515624958408,All
41.2643835616438,15.7283673164979,All
41.1460273972603,15.2446455919121,All
41.6994520547945,15.1700740797923,All
41.4769863013699,16.1006215240099,All
41.5843835616438,14.3959355042558,All
40.8621917808219,14.7993536044651,All
41.9153424657534,14.0649639473944,All
40.7635616438356,14.6156567376602,All
40.9728767123288,15.0523183332635,All
40.9224657534246,15.9337920541183,All
42.0610958904109,16.0833262540681,All
41.8353424657534,13.9511521251444,All
41.606301369863,13.5397121980941,All
42.3153424657534,14.8156410224104,All
41.8660273972603,12.7790513747037,All
41.6468493150685,16.113180710651,All
41.6764383561644,15.7845312174517,All
40.8008219178082,12.8210752739667,All
41.367397260274,14.4046284851111,All
41.8397260273972,14.8218570834772,All
42.3295890410959,15.7177410627532,All
42.1772602739726,16.6702335601826,All
42.2320547945206,15.486554996288,All
42.4106849315068,14.7586756916515,All
42.2441095890411,15.8859557134422,All
41.6928767123288,15.9957428686357,All
41.5186301369863,15.4561288189764,All
41.8101369863014,15.3998723202049,All
42.2112328767123,15.4608235652497,All
42.4161643835616,16.0962212647369,All
42.0315068493151,16.1962860856349,All
41.8024657534247,15.3843468419293,All
42.5520547945206,15.0077240555953,All
41.4090410958904,16.2015862611422,All
42.6769863013699,16.1845933156165,All
41.9120547945206,14.5856154207936,All
41.392602739726,13.8487069398966,All
41.8320547945205,16.6585094077883,All
42.4139726027397,15.6995379293926,All
41.686301369863,15.7052685684602,All
42.4567123287671,15.609160882837,All
42.1783561643836,14.3446179326676,All
42.2627397260274,16.9144708064788,All
41.3345205479452,15.7595323850698,All
41.0298630136986,15.490591010845,All
41.6479452054794,16.4703807788121,All
41.3805479452055,16.6529904597314,All
41.1712328767123,14.5840146800316,All
41.7553424657534,15.9985588756148,All
41.4320547945205,15.7739699438012,All
41.6150684931507,15.0814847868453,All
42.5169863013699,15.2684862644402,All
41.261095890411,14.2473608746611,All
41.7191780821918,15.8019201062745,All
42.6594520547945,15.795145315631,All
42.0928767123288,15.5335143591836,All
41.5657534246575,15.4335350941687,All
41.6260273972603,15.8903595133897,All
42.194794520548,15.5424412477071,All
41.287397260274,14.6661727851323,All
43.4671232876712,15.8589327708772,All
44.7898630136986,15.3965885067822,All
43.8550684931507,16.6386224748852,All
44.4369863013699,14.4366676512777,All
43.7838356164384,13.7551837046682,All
44.7723287671233,16.0899411872354,All
44.6791780821918,16.3350402334405,All
43.6983561643835,17.6798678581375,All
44.0950684931507,16.9247479989426,All
44.6682191780822,16.0757652107411,All
44.7909589041096,14.5489645906632,All
43.8769863013699,16.7940748382116,All
44.4391780821918,15.3524625793172,All
44.1553424657534,16.8975133505995,All
44.7087671232877,16.4834675003697,All
43.1635616438356,14.78555150615,All
44.0041095890411,15.0553284580736,All
44.246301369863,15.1207532350406,All
44.2879452054794,15.4703524270797,All
44.5147945205479,13.9151060963864,All
44.138904109589,15.503098163861,All
43.9142465753425,17.2467760552142,All
43.8824657534247,15.1544629625866,All
43.4769863013699,14.2603292273096,All
43.8901369863014,16.992826172474,All
44.3624657534247,15.8425249018994,All
44.8665753424657,15.4726548364504,All
44.698904109589,14.4102205864937,All
44.0819178082192,16.0112074562502,All
44.3427397260274,14.5055677833719,All
43.4210958904109,14.8572973210793,All
45.0835616438356,15.4406601228408,All
44.7931506849315,16.1239468306018,All
44.7482191780822,15.5137154193219,All
44.5060273972603,16.3321112706634,All
43.9690410958904,16.2239935074556,All
44.6320547945205,15.8459347564391,All
44.2068493150685,16.6576710282218,All
44.6430136986301,16.4924622366922,All
44.8139726027397,14.4261175372056,All
44.0052054794521,15.7143263825938,All
44.4030136986301,16.5412322031178,All
44.6046575342466,15.3511348633889,All
45.1032876712329,15.1953105631343,All
45.3082191780822,15.119547137378,All
43.3783561643836,15.4544915801121,All
44.8479452054795,14.7866745738627,All
44.5684931506849,17.2961747416875,All
44.0994520547945,15.9343836745347,All
43.3268493150685,14.2144998769873,All
45.2260273972603,15.4546861456313,All
46.0808219178082,15.9054664602359,All
46.4128767123288,16.4283068212284,All
46.2758904109589,17.169086252371,All
45.7958904109589,14.3001726331142,All
46.2616438356164,16.2076279670443,All
46.0556164383562,14.4058430543549,All
45.0967123287671,15.8697312275129,All
46.0578082191781,15.6939291576856,All
45.9471232876712,17.4039299392604,All
45.5832876712329,16.2531915787539,All
45.8539726027397,14.9881409864358,All
45.5767123287671,15.4710894520926,All
45.1821917808219,13.5438663235654,All
46.5816438356164,17.4615306343177,All
45.6786301369863,14.99890830043,All
46.4402739726027,15.4962345238037,All
46.167397260274,16.289240145214,All
45.2786301369863,14.1622980701956,All
45.8978082191781,14.8972651155151,All
45.4386301369863,14.5191736059541,All
46.1027397260274,17.1010943821265,All
45.5591780821918,17.0400093039778,All
46.0030136986301,17.0222529389156,All
46.2057534246575,16.6445768129182,All
46.3558904109589,14.1659190442479,All
45.4057534246575,15.6631888685192,All
46.3975342465753,15.4171015867233,All
45.9383561643836,14.8282766484674,All
46.4128767123288,15.3940971928774,All
46.6167123287671,17.1338414519724,All
45.9076712328767,16.3894527083075,All
46.1465753424657,17.6775333674176,All
46.5969863013699,15.6845925358206,All
45.7378082191781,14.4807236743567,All
45.6424657534247,16.2703399768642,All
44.6309589041096,15.2731794045448,All
46.9476712328767,16.6204510811372,All
46.2484931506849,14.0612272531613,All
45.3750684931507,15.7779916257949,All
45.8594520547945,14.468108089185,All
45.6786301369863,14.3272277926767,All
45.1153424657534,16.046852539497,All
46.2079452054794,14.8562376958147,All
45.3115068493151,15.7953545625604,All
45.6939726027397,14.5158436165012,All
45.5493150684932,15.3948165142896,All
46.1586301369863,15.6106823063064,All
45.0035616438356,14.9166914177936,All
46.113698630137,14.817429027329,All
46.938904109589,15.590843656364,All
47.2610958904109,16.4164647648382,All
46.138904109589,15.401040086569,All
46.9849315068493,17.3083796397385,All
46.7558904109589,16.4492027700387,All
46.8249315068493,15.2965411652484,All
47.0013698630137,16.4898723936707,All
45.58,15.0754515892995,All
45.7323287671233,15.6764888907034,All
46.8150684931507,16.9960264234775,All
46.6101369863014,14.7271310408031,All
45.686301369863,17.5751365331609,All
45.5679452054794,16.4510874188485,All
46.193698630137,16.9317615070373,All
46.9980821917808,15.9325316205204,All
47.1712328767123,15.0204121710227,All
46.2934246575342,13.9113128744859,All
46.0150684931507,15.7827940667657,All
46.2890410958904,15.7725756726251,All
47.0386301369863,15.3826712337738,All
46.7679452054794,14.3730597188291,All
47.018904109589,16.2798123687014,All
46.1542465753425,15.9066055498083,All
45.8671232876712,15.1481128440911,All
46.2145205479452,14.2859541371203,All
46.3745205479452,15.0868540078757,All
46.3942465753425,16.6887484297784,All
46.0698630136986,15.5645921069161,All
46.6441095890411,16.2307208731032,All
46.9980821917808,15.5275597245002,All
46.3547945205479,15.3088422502816,All
45.8802739726027,15.1638933051731,All
46.806301369863,16.4658859290319,All
46.1202739726027,15.5446618914543,All
46.1860273972603,15.9299221817853,All
46.7953424657534,15.367631913808,All
45.7564383561644,14.981837320948,All
46.4380821917808,15.9553699662497,All
45.7750684931507,14.9574368860863,All
46.433698630137,15.8086478137453,All
45.4430136986301,17.0046621076176,All
46.8271232876712,14.7809959883122,All
47.0287671232877,14.6723177884594,All
46.0501369863014,16.3992402384931,All
45.978904109589,15.9039158599401,All
45.7202739726027,15.3064378615818,All
46.3427397260274,15.0387610717715,All
47.2556164383562,16.3572201727642,All
46.3657534246575,16.0620551199313,All
47.4791780821918,15.5313420234339,All
47.3520547945205,16.3370271136739,All
46.9871232876712,15.3951769564127,All
47.7454794520548,16.7526381847613,All
48.6627397260274,14.6177649571977,All
47.6194520547945,16.1025524610664,All
46.1432876712329,15.5383702550066,All
47.6709589041096,15.2888432581221,All
47.2008219178082,15.5356837665054,All
46.7427397260274,16.3389906761149,All
47.7202739726027,15.2675765147367,All
47.4024657534247,16.8866222201687,All
46.5476712328767,15.9341431512873,All
47.0879452054794,16.5120854987561,All
47.4408219178082,13.9355168331951,All
48.9246575342466,16.743443202851,All
47.4178082191781,14.8676812704955,All
47.1482191780822,15.8194499615784,All
47.2610958904109,17.040223386804,All
46.1805479452055,15.4520036025781,All
47.874794520548,14.993792167027,All
46.9717808219178,15.2453213076829,All
46.9816438356164,15.9405433044486,All
47.0419178082192,13.8754748052507,All
46.7361643835616,15.8997380843525,All
46.6627397260274,15.4745205523764,All
46.8238356164383,15.049043109559,All
47.6895890410959,16.695020573604,All
46.832602739726,15.7752588821156,All
46.8172602739726,15.1372175983346,All
47.898904109589,16.4501566626912,All
48.5564383561644,17.1289373862816,All
48.0906849315069,16.9393209390586,All
47.7378082191781,16.8641534920947,All
47.3202739726027,15.8213693202144,All
47.9701369863014,15.2912748406059,All
48.1827397260274,17.1646915277067,All
46.8676712328767,16.591054947776,All
49.0484931506849,16.3034325278022,All
46.6561643835616,15.4694653644469,All
46.8961643835616,14.5178610612324,All
47.5142465753425,15.7796840069723,All
48.9750684931507,16.0249438303147,All
46.9641095890411,15.2269467704523,All
47.2764383561644,16.6254243778466,All
47.2205479452055,15.2204393869745,All
47.8441095890411,16.1995007553226,All
47.578904109589,16.2016791051903,All
46.912602739726,16.4613743128795,All
47.3893150684931,16.6788783508784,All
46.3065753424657,16.4111056211506,All
49.9164383561644,16.450994264379,All
49.8112328767123,12.7446435310818,All
48.5301369863014,15.7312898361371,All
49.2369863013698,14.8202722323832,All
49.846301369863,15.4938048558011,All
48.8424657534247,16.2122810955083,All
49.0857534246575,16.7977088423549,All
49.8704109589041,16.3055480452847,All
49.3027397260274,15.7703326021402,All
48.6484931506849,16.1817340913863,All
49.1767123287671,15.3509095081944,All
49.4298630136986,15.9398179691374,All
49.5405479452055,15.9232303172791,All
49.0638356164384,16.303670518746,All
49.7345205479452,15.5078901607866,All
49.098904109589,15.7359602910025,All
49.6775342465753,16.0614149555366,All
49.2391780821918,17.6375528239838,All
49.2676712328767,15.3478362101547,All
48.7295890410959,16.2771207843356,All
48.9827397260274,14.9162455756902,All
48.9794520547945,16.154968393265,All
49.5284931506849,15.6461616259908,All
49.126301369863,14.9785936203922,All
49.0934246575342,14.1550595198087,All
49.7641095890411,16.6739147640885,All
50.1904109589041,15.1762549818407,All
49.3060273972603,16.0666801092466,All
49.847397260274,15.9743328528812,All
49.4583561643836,16.7590767356717,All
49.7191780821918,15.0866103186539,All
48.221095890411,15.9150992807383,All
49.3246575342466,15.2269358196873,All
48.912602739726,16.6073547994831,All
49.181095890411,15.7972806905797,All
48.8687671232877,15.4358601055208,All
50.0775342465753,16.7634826453446,All
49.127397260274,14.7642257158597,All
49.7553424657534,15.5937924858046,All
49.6512328767123,16.2507368548117,All
49.7093150684932,16.2170330557863,All
49.5241095890411,16.386631026185,All
49.3268493150685,15.8496235682053,All
49.9021917808219,15.1446954167101,All
49.3717808219178,16.2930963601188,All
49.9986301369863,16.7193148891649,All
49.1635616438356,16.6975811629913,All
49.1142465753424,15.1740821329495,All
49.6512328767123,16.7283173832617,All
49.1668493150685,16.5220434705956,All
51.6841095890411,15.7901664825618,All
52.2331506849315,16.6467466809622,All
51.58,15.9101797409432,All
51.847397260274,17.1766584649653,All
51.5328767123288,17.4737073840286,All
51.3772602739726,16.5595932671477,All
51.5449315068493,17.7432703822061,All
51.8090410958904,16.0150529153809,All
52.0534246575343,15.9887604917446,All
51.2621917808219,15.5623695309649,All
50.9772602739726,16.5036811089849,All
51.2578082191781,16.4566311465955,All
51.0539726027397,15.3818379031754,All
51.4484931506849,16.0270782534055,All
51.5449315068493,16.5963204701546,All
51.1350684931507,16.055096098466,All
50.9904109589041,15.7367400865186,All
50.8249315068493,17.4538605364742,All
51.1131506849315,15.5661627914394,All
51.9493150684932,14.1617503094384,All
51.5131506849315,15.2653766432276,All
52.1619178082192,17.0475332704045,All
51.0528767123288,17.9264376536979,All
50.4884931506849,15.3077414495012,All
52.0095890410959,15.9792415279564,All
51.5723287671233,16.9114276082035,All
51.6260273972603,16.7332882387422,All
50.7098630136986,16.8869576418919,All
51.2654794520548,17.0533711106159,All
52.2430136986301,16.0135240248087,All
50.6758904109589,15.1806091187109,All
52.0249315068493,14.8018895110009,All
50.781095890411,15.7093748986532,All
51.6698630136986,14.8407875994601,All
51.3312328767123,15.4991635582835,All
51.5613698630137,14.6317201393166,All
51.5087671232877,14.8469400869454,All
51.0660273972603,17.8148922616537,All
50.8917808219178,15.0212425015276,All
51.8572602739726,15.4781551883447,All
51.606301369863,15.3981733090449,All
51.101095890411,15.7072259656002,All
50.8797260273973,16.5681345280395,All
51.3871232876712,16.7174798474463,All
52.0939726027397,16.2045091850969,All
51.3027397260274,17.1810531131107,All
51.5997260273973,15.8942228587802,All
51.5854794520548,15.7409428555731,All
52.0249315068493,16.4316021218326,All
51.6578082191781,16.4413610802352,All
51.606301369863,15.9161650720456,All
50.193698630137,15.1035107332236,All
52.3602739726027,17.7323093483121,All
52.2287671232877,15.7311543390026,All
52.6912328767123,14.5328740984605,All
52.0545205479452,16.2152002292682,All
52.4808219178082,16.6690856905984,All
51.4386301369863,15.5877720513351,All
52.4994520547945,15.4472111267,All
51.6052054794521,16.6499002244783,All
52.1586301369863,16.5630079557272,All
51.3882191780822,17.4708744292426,All
51.6260273972603,15.5865481656042,All
51.6271232876712,14.3038910907852,All
51.7257534246575,16.8011745672322,All
51.3531506849315,15.5459717089852,All
52.7964383561644,16.6403659837374,All
52.2605479452055,15.1415692517848,All
52.2287671232877,16.5881640555826,All
51.5317808219178,15.6081953974285,All
51.8386301369863,15.5941678651327,All
51.7246575342466,16.2380492211465,All
51.9986301369863,16.5056562737193,All
51.8134246575342,15.1172255495608,All
51.5931506849315,17.0482137302709,All
51.5832876712329,17.1449184501511,All
52.5684931506849,16.3169904904645,All
52.5410958904109,16.435667266429,All
51.5920547945206,15.7732623504694,All
50.913698630137,15.818165750452,All
51.3213698630137,15.915409432006,All
51.9493150684932,15.4621470778068,All
51.8386301369863,16.6729554349856,All
51.7542465753425,16.770330985972,All
52.4150684931507,15.9083329380117,All
51.3619178082192,17.7816707648758,All
51.9350684931507,16.057250586847,All
51.6841095890411,16.3026953085001,All
51.8068493150685,16.804306422136,All
51.9580821917808,16.4390461541432,All
51.8616438356164,15.6937734722767,All
52.5104109589041,16.0872412817428,All
52.3186301369863,16.0127686626028,All
52.2660273972603,16.1602646276902,All
51.9065753424658,16.0303931753923,All
51.4769863013699,16.448867455816,All
51.767397260274,14.7101847544294,All
52.2704109589041,16.2555189863047,All
51.7345205479452,17.6542282064773,All
51.2676712328767,17.212529992924,All
52.7438356164384,16.9022936222798,All
52.8556164383562,16.7219930804427,All
52.8523287671233,15.3613668690265,All
53.8134246575342,16.5277545410277,All
52.4731506849315,17.8787917107055,All
52.6079452054795,14.8144533590108,All
53.3476712328767,14.7485831788927,All
53.1953424657534,15.8221855589312,All
53.392602739726,15.8371564374365,All
53.8660273972603,15.5063754651258,All
54.1860273972603,15.9565019126688,All
53.3871232876712,17.1148957477489,All
53.3915068493151,16.4019698942028,All
53.3564383561644,16.5448314092856,All
53.5613698630137,15.7857653277276,All
52.5476712328767,16.0169311909296,All
52.5608219178082,16.1025361271822,All
52.4698630136986,16.6754146615817,All
53.5624657534246,16.6238517700113,All
53.1986301369863,15.4385568371045,All
52.9706849315068,15.2513507849152,All
53.66,14.8613995506946,All
53.6271232876712,16.2531258063217,All
52.7065753424658,15.6195836137218,All
52.994794520548,15.0021725348128,All
53.4693150684931,15.1169804850777,All
53.1241095890411,16.2628741099261,All
53.0364383561644,16.7482901117626,All
53.3695890410959,15.9955849316885,All
53.1405479452055,16.0747305983559,All
54.513698630137,16.5449536749444,All
53.1350684931507,16.5708098898245,All
52.5290410958904,16.4991638862899,All
53.6413698630137,16.1309310566844,All
53.7049315068493,17.5768209632641,All
54.1169863013698,15.4203332822823,All
52.8808219178082,17.1107934218577,All
53.7093150684931,14.7262406145486,All
53.7487671232877,15.3622549288893,All
52.6265753424658,15.7299899664056,All
53.1909589041096,16.8342385122754,All
52.9958904109589,17.1222991433904,All
53.1131506849315,15.6625351813939,All
53.2852054794521,15.6136092337286,All
53.8101369863014,16.7564403322639,All
53.7783561643836,16.3292343035265,All
53.7104109589041,17.5471089223777,All
52.8106849315069,16.0188681018171,All
53.8035616438356,15.0913186084181,All
54.0271232876712,16.4099827264732,All
54.4271232876712,16.3539871151917,All
55.1821917808219,15.6456857329094,All
53.4035616438356,14.488239049528,All
54.5641095890411,17.2972034268445,All
55.8320547945205,15.5715672726406,All
54.326301369863,16.4016592487371,All
54.5761643835616,16.230347605846,All
54.0621917808219,16.7371535533857,All
54.9695890410959,15.1460143998555,All
54.8841095890411,16.6398186404088,All
55.2742465753425,16.8896611739916,All
54.8709589041096,16.9276886310461,All
54.621095890411,16.7680281506225,All
55.2665753424658,16.694696557641,All
55.5898630136986,15.0632919247177,All
54.4227397260274,14.3497635909369,All
54.9082191780822,16.1516577450888,All
54.2769863013699,15.0385592577254,All
53.4901369863014,15.8192265960945,All
53.6895890410959,17.0550860127962,All
54.5904109589041,16.6518432344317,All
54.8523287671233,16.6974383851736,All
54.6397260273973,16.8527754152256,All
55.1635616438356,16.4514697406876,All
54.0895890410959,17.1200978667111,All
53.6030136986302,16.9665501302791,All
54.9564383561644,17.3670021666613,All
53.3586301369863,16.5878463050518,All
54.5980821917808,16.2445568895653,All
54.4808219178082,16.0162206719222,All
54.458904109589,15.7080434606155,All
54.1794520547945,15.3982357349385,All
54.352602739726,14.55975057299,All
54.4731506849315,18.1984549803867,All
54.7690410958904,15.6790949379244,All
53.3465753424657,15.6488738827478,All
54.5202739726027,15.4248406288977,All
54.3931506849315,16.5039564453611,All
53.2928767123288,16.0719580885071,All
53.9131506849315,16.5509402333736,All
54.4479452054794,17.3752613866187,All
54.1980821917808,15.8810975213108,All
54.6901369863014,15.9572726931397,All
55.1284931506849,14.8619483620992,All
55.1405479452055,16.3687409525087,All
54.3032876712329,17.420462355234,All
55.2753424657534,16.174088903596,All
54.1016438356164,15.8611023290409,All
54.5575342465753,17.0028678445248,All
54.5783561643836,15.7205146798953,All
56.486301369863,16.9114829506144,All
56.5038356164384,15.7947252651918,All
56.1750684931507,16.1655851464635,All
56.3010958904109,17.6001987252428,All
56.0402739726027,15.6598626907644,All
55.1613698630137,15.6070011202535,All
56.2649315068493,15.3533933595741,All
55.3027397260274,14.5929011001397,All
55.3827397260274,15.5652136912575,All
55.2654794520548,16.9103636158057,All
55.4747945205479,15.8288573595029,All
56.5958904109589,15.9059693636069,All
55.2501369863014,16.3214971180281,All
56.4939726027397,15.5846724339448,All
55.713698630137,16.6847642027928,All
56.5345205479452,17.482026995068,All
56.3613698630137,17.3827909198263,All
55.5745205479452,16.0396028146475,All
56.7120547945205,15.9118608310564,All
55.9328767123288,16.4405708731339,All
56.3821917808219,16.2950208046464,All
56.326301369863,17.2603016532938,All
55.2205479452055,14.8035592715048,All
55.9306849315069,17.13835444552,All
56.2013698630137,16.2036314486846,All
55.9679452054794,17.4644758619096,All
56.5060273972603,16.4616843545396,All
56.1246575342466,16.815161564274,All
56.806301369863,16.5515759785564,All
56.4928767123288,16.6616339842722,All
56.0194520547945,16.7895188026814,All
55.847397260274,16.0668344305663,All
56.3449315068493,17.5315143999821,All
56.3361643835616,16.197061398897,All
57.2304109589041,16.9565062652422,All
55.8780821917808,17.22743065527,All
56.0183561643836,16.1479241785652,All
55.4364383561644,15.9923519106869,All
56.8567123287671,15.3855313273757,All
56.2813698630137,17.0132254426057,All
55.0747945205479,16.5933942678318,All
56.8643835616438,16.941022113192,All
55.9482191780822,14.7069219997104,All
55.4627397260274,16.1743313080172,All
56.2046575342466,15.0396490889464,All
56.2232876712329,16.8146234096273,All
55.9745205479452,17.0644626961555,All
56.5301369863014,15.7643996500838,All
56.1520547945205,16.8365320868803,All
55.9383561643836,16.5642647524581,All
56.9476712328767,16.2836818778814,All
57.3169863013699,15.5682051819935,All
56.8720547945206,17.5024610810016,All
56.2890410958904,17.3009854306053,All
57.9997260273973,15.7660778085431,All
57.5460273972603,15.3581789922413,All
55.4221917808219,15.0315877302135,All
57.1065753424657,17.3078039288891,All
56.9882191780822,15.5124938919961,All
56.8019178082192,15.4718099444166,All
58.193698630137,15.2021131396621,All
57.4309589041096,15.8341519915192,All
56.3032876712329,17.027848075342,All
57.8879452054794,14.7603737645973,All
56.5312328767123,16.2272040479667,All
57.3575342465753,15.4849707345961,All
56.6693150684931,17.1645249658662,All
56.8961643835616,16.8746531142063,All
56.9257534246575,17.5186225892259,All
57.1087671232877,16.7190300637861,All
57.1339726027397,17.9030992605003,All
56.6769863013699,16.3785316594049,All
56.4621917808219,16.3257270480616,All
56.0654794520548,16.9671760133052,All
56.9345205479452,16.5990888465231,All
56.1915068493151,15.6766111414378,All
56.86,15.0403200084927,All
56.7306849315069,17.0389935002959,All
57.606301369863,15.0298885324977,All
57.2720547945205,16.1977780171884,All
56.621095890411,15.5248310916282,All
56.5290410958904,17.5295651234149,All
57.845205479452,16.5561950050251,All
57.5613698630137,16.6195011524991,All
56.9049315068493,18.0562556462508,All
56.2353424657534,17.0358156623548,All
56.4906849315068,16.0004094995118,All
55.5723287671233,17.0322867285348,All
57.3575342465753,17.011046995102,All
56.4402739726028,15.8615261518127,All
56.8961643835616,16.933316628343,All
56.7701369863014,15.9287362238355,All
56.6528767123288,15.8129672183459,All
56.7931506849315,15.2159981922123,All
56.5180821917808,17.1127270253954,All
58.1115068493151,14.7780533096471,All
56.5827397260274,15.9374071594667,All
56.3953424657534,16.4416662474579,All
56.2923287671233,15.1084829259311,All
56.1619178082192,16.377317112589,All
58.1717808219178,16.2175123856303,All
57.9756164383562,15.7575527545467,All
58.221095890411,14.4451912762019,All
58.3054794520548,17.4327750258666,All
57.3191780821918,16.4102448453354,All
58.5071232876712,16.2516831791755,All
58.5904109589041,16.7821374220222,All
57.9832876712329,17.1558437235433,All
58.2967123287671,14.8623165321925,All
58.247397260274,15.4038887329114,All
58.7087671232877,15.6883954232539,All
58.7175342465753,16.6888616781595,All
58.3142465753425,15.4529034669834,All
58.0775342465753,16.6454527655677,All
58.6123287671233,16.9743046422273,All
58.8731506849315,16.7006815370915,All
58.7252054794521,17.162195327479,All
58.0567123287671,15.2783870758777,All
57.6545205479452,17.7068426416973,All
57.5832876712329,16.4137647941907,All
58.5958904109589,16.4379993846365,All
57.9646575342466,16.3962978462676,All
58.085205479452,15.9073448254412,All
58.7328767123288,15.6035517020866,All
57.581095890411,15.0228115612771,All
58.0764383561644,16.2021154866425,All
58.7,16.5832516069795,All
58.6079452054794,16.3304840358877,All
58.1980821917808,16.175957992059,All
58.8117808219178,17.2946668958357,All
58.1465753424658,16.5139660329117,All
58.0380821917808,16.053130879882,All
59.6139726027397,16.6536475331736,All
59.3487671232877,15.4285619854361,All
58.8797260273973,15.6172644213853,All
58.8457534246575,16.1340616113127,All
57.233698630137,15.2161371810569,All
58.1005479452055,16.9533395454193,All
57.9241095890411,17.4299297854665,All
58.2605479452055,16.679128557592,All
59.1438356164384,14.9920279324299,All
58.0216438356165,15.2994832600551,All
59.5690410958904,17.4216799227452,All
58.7679452054795,16.6772042080404,All
58.5553424657534,16.9175201313825,All
59.3958904109589,15.9599869263162,All
58.6572602739726,17.1624764238703,All
58.4545205479452,15.1318201254153,All
57.9865753424657,17.259668992881,All
59.4386301369863,14.9218885131455,All
59.3312328767123,16.8416110836813,All
59.7904109589041,14.4478408250744,All
59.3279452054795,15.5693767581748,All
59.5920547945205,14.2143282278967,All
60.8841095890411,16.2324229922844,All
59.4506849315069,15.8755159901281,All
59.7509589041096,16.3340265794094,All
60.006301369863,17.0181492981129,All
59.7356164383562,17.0738711678331,All
59.9876712328767,16.0168847099862,All
59.818904109589,15.8556453074763,All
60.5991780821918,16.3982035134412,All
60.5520547945205,17.1917193818796,All
59.5712328767123,16.7362871859966,All
59.9832876712329,16.0082558389486,All
60.3843835616438,16.3680298134126,All
59.2358904109589,15.3571340896654,All
59.6183561643835,15.5443722695156,All
58.8347945205479,15.652641999008,All
60.0413698630137,15.9402148766156,All
58.0545205479452,16.6404838627088,All
59.2621917808219,16.3552972021638,All
58.9904109589041,15.641196748523,All
59.2216438356164,15.4280136437419,All
59.5295890410959,16.6367149047217,All
59.2183561643836,17.1778974047438,All
59.9328767123288,16.0971349583741,All
59.0298630136986,15.5752056727958,All
60.938904109589,15.5564152918004,All
59.7597260273973,16.3243965385337,All
60.2386301369863,15.9352788600164,All
58.8808219178082,15.5723299712343,All
59.1876712328767,16.738901563887,All
60.2221917808219,13.5201689044763,All
59.5504109589041,17.4159068689853,All
59.4276712328767,16.9663720103155,All
58.0819178082192,15.5996189396037,All
59.792602739726,15.0637288456713,All
59.8561643835617,17.0194948881862,All
60.1378082191781,16.4567192946205,All
59.8243835616438,16.5455136678319,All
60.3920547945205,16.6547275102222,All
58.9597260273973,16.6473324655872,All
59.4035616438356,16.4106427944338,All
58.218904109589,15.2838148200949,All
58.5191780821918,13.382451327397,All
59.4452054794521,15.110898515771,All
60.3569863013699,13.9129943465381,All
60.5871232876712,16.2757293487952,All
60.5980821917808,16.4595479139996,All
60.9871232876712,15.8606111744246,All
62.273698630137,16.1497169860437,All
62.0282191780822,14.3377885478419,All
61.2742465753425,15.9263276623764,All
61.4956164383562,16.9523589229139,All
61.8539726027397,15.7100297639095,All
62.0797260273973,16.8644231994021,All
61.4890410958904,16.9850598229029,All
61.5186301369863,15.0735761610571,All
60.9520547945206,16.0250239397554,All
61.4835616438356,15.6813020440869,All
60.7449315068493,16.6510800382594,All
60.9235616438356,17.5743250972602,All
61.4868493150685,15.7852419775784,All
61.9547945205479,17.358812188297,All
61.2424657534247,17.2765244073001,All
61.2052054794521,15.8221960815977,All
61.3783561643836,14.8133111945107,All
61.4024657534247,16.1468568207922,All
61.7334246575343,15.5304013442008,All
61.2567123287671,17.0266657197659,All
61.2830136986301,15.3311683363167,All
60.6671232876713,16.0481707625812,All
62.0084931506849,16.811609415078,All
61.0276712328767,15.6325516808422,All
61.7860273972603,16.8318031617792,All
61.2260273972603,16.6149470602157,All
60.6868493150685,14.5199657931992,All
60.6002739726027,16.3460170087402,All
61.5109589041096,17.1782328517107,All
60.6441095890411,15.5451523935666,All
60.6430136986301,16.5974721299486,All
61.6106849315069,16.8458817099037,All
61.3268493150685,15.8635387639952,All
61.3947945205479,16.0534962516461,All
61.6315068493151,15.8707239584088,All
61.4682191780822,17.4619833321397,All
62.221095890411,16.290568455991,All
61.4156164383562,17.4785463313361,All
61.7882191780822,16.5251759028506,All
61.4419178082192,16.0122652797257,All
61.7235616438356,16.2077673130083,All
60.9082191780822,15.0675162735272,All
61.818904109589,15.1250906877095,All
62.5432876712329,14.6436867383206,All
61.0967123287671,16.3134324709359,All
60.3701369863014,15.6298358450473,All
62.3021917808219,16.523789298453,All
61.421095890411,18.0611459765306,All
61.0419178082192,16.3885618201449,All
61.1986301369863,16.0365785771984,All
61.7991780821918,16.6033616099803,All
62.1093150684932,16.0936822420608,All
60.8830136986302,17.0335342909312,All
61.6676712328767,16.1795600095449,All
61.4495890410959,16.7175255622444,All
62.5608219178082,16.4600462856307,All
62.2769863013699,17.335147332131,All
60.9849315068493,16.9243867462617,All
61.0890410958904,15.743845634487,All
61.4013698630137,17.7482468840679,All
61.4397260273973,17.1972217892372,All
60.9586301369863,16.8632305616197,All
62.0928767123288,16.6985214331257,All
61.0506849315068,16.0754915951012,All
60.834794520548,16.1097250208428,All
61.3772602739726,18.0653253299027,All
62.5323287671233,14.1173525100416,All
61.82,16.0993716999236,All
61.392602739726,15.1608907283973,All
61.552602739726,17.1151867683554,All
61.4441095890411,16.6493291341781,All
61.634794520548,16.154505219578,All
61.8682191780822,15.0849395499482,All
61.5,16.1340993683513,All
61.8484931506849,15.9346611803133,All
61.0013698630137,15.226882971431,All
61.2742465753424,16.523407347724,All
61.206301369863,15.9501912441775,All
61.1778082191781,17.3226174718002,All
62.0468493150685,15.8138739682425,All
61.153698630137,16.0904432356058,All
61.1701369863014,17.3879649464767,All
61.7827397260274,17.5627984292305,All
61.578904109589,17.1133159904439,All
62.0939726027397,15.4475927848311,All
60.8698630136986,16.1475485018481,All
61.6830136986301,16.7342353475336,All
61.4824657534247,15.2733301829908,All
61.2632876712329,16.5742305016261,All
61.4309589041096,15.9597350874003,All
61.7202739726027,17.2697102248948,All
62.0249315068493,17.585654747642,All
61.4704109589041,16.7010627621774,All
61.233698630137,18.0694679202586,All
62.4282191780822,15.979298248404,All
62.5860273972603,14.2305208641063,All
62.1378082191781,16.3481470064558,All
62.1356164383562,16.6609039841644,All
60.9093150684932,16.0503339681249,All
63.3158904109589,14.9634255768029,All
63.4167123287671,14.1515440491717,All
62.4720547945205,16.682331285483,All
63.0386301369863,17.1330650451068,All
62.7734246575343,16.4775220819833,All
63.5164383561644,16.6153417361705,All
62.54,16.6872956722403,All
62.3471232876712,16.1865692567875,All
63.526301369863,16.9172578133448,All
62.7339726027397,16.4615896076524,All
62.7361643835616,15.866368010334,All
62.8117808219178,15.5510500377617,All
63.3334246575342,16.0278140027698,All
62.5750684931507,17.1683178059406,All
63.1208219178082,16.402198208203,All
62.2934246575342,16.4627584557146,All
62.5969863013699,17.4116881032745,All
62.1378082191781,15.5265326352429,All
62.9027397260274,16.6416172356188,All
62.7438356164384,16.3324882050266,All
63.0452054794521,15.7322669318513,All
62.4468493150685,15.6331862974496,All
62.5827397260274,17.5616477285411,All
62.7438356164384,15.7081212632552,All
62.8084931506849,15.7605498950108,All
62.5838356164384,15.9290738363431,All
62.6693150684931,15.3920865440267,All
62.1717808219178,16.5486755112155,All
62.861095890411,15.6265663276455,All
62.9717808219178,16.4489504926845,All
62.352602739726,16.8527397428101,All
62.5071232876712,16.062322344204,All
62.8139726027397,16.2228336777643,All
62.7690410958904,16.1804928045679,All
63.3147945205479,16.5303391118756,All
63.2950684931507,15.5419125061146,All
63.3202739726027,15.9821638142664,All
62.7449315068493,15.1603453704745,All
63.6928767123288,17.399765419734,All
63.2205479452055,16.380566685082,All
62.8369863013699,14.8145644262426,All
62.6134246575343,14.7405752019965,All
63.2052054794521,16.6163428102905,All
63.0320547945206,15.8599440705287,All
62.3504109589041,16.8759163963485,All
62.6517808219178,17.3948406743738,All
62.5871232876713,15.9326055214829,All
62.6682191780822,16.6426823992967,All
63.0802739726027,15.1603391356169,All
63.6139726027397,15.2804911206717,All
64.7284931506849,15.0299443325436,All
65.4857534246575,16.9145969373612,All
64.7986301369863,15.7692836848069,All
65.8298630136986,17.1124171963275,All
64.6276712328767,16.3004797820022,All
64.8435616438356,16.6090062443394,All
64.6857534246575,16.1038255384623,All
64.2923287671233,17.2432757264852,All
64.9191780821918,14.9338811211052,All
65.6479452054794,15.5609892778307,All
65.6545205479452,15.7512009036875,All
64.5893150684931,15.8828446260289,All
65.0254794520548,17.6225704539726,All
64.5553424657534,15.97032969258,All
65.1175342465753,16.9310991633009,All
64.7843835616438,17.7942237845544,All
63.9591780821918,16.3972112662301,All
65.2424657534246,15.0013905306381,All
64.7230136986301,14.5270800577729,All
65.3838356164384,15.8441365102829,All
64.7197260273973,15.0514294457653,All
65.4254794520548,16.9053324078524,All
65.6917808219178,16.887422582286,All
65.5756164383561,16.5688017285409,All
65.8101369863013,15.2347636432296,All
65.3871232876712,16.0480736295813,All
65.7367123287671,15.9143552329015,All
64.8720547945206,16.1557335208715,All
64.8457534246575,15.051804213911,All
65.7728767123288,15.1234991195509,All
66.0128767123288,16.0615903835141,All
65.0287671232877,15.5110012608895,All
65.2490410958904,14.3336300358366,All
64.3328767123288,17.6478271378385,All
64.9750684931507,16.4525557739784,All
65.4123287671233,17.2698948799449,All
66.1224657534247,15.1580938692891,All
64.8117808219178,16.6886582843112,All
64.221095890411,18.0837884941176,All
64.7482191780822,16.6701342760682,All
65.4704109589041,17.351486682189,All
65.2884931506849,15.9863143474537,All
65.5580821917808,17.7811159221193,All
64.6035616438356,16.719275376062,All
64.2956164383562,17.6509476623904,All
65.42,15.4313840022414,All
63.8090410958904,16.7193965065243,All
65.7049315068493,15.7556453256638,All
64.6583561643836,15.9595218698955,All
64.541095890411,16.0029894220988,All
65.978904109589,15.2402385758666,All
66.1498630136986,17.6054756573656,All
66.1487671232877,17.0999546955624,All
67.2841095890411,17.2027908082346,All
65.6950684931507,16.3614134967677,All
65.74,17.5779650134388,All
65.5756164383562,14.8652543990789,All
66.9772602739726,16.8120271230343,All
66.3613698630137,15.7730182188475,All
65.7487671232877,15.8698087938524,All
67.2709589041096,16.3203646173996,All
66.6276712328767,17.5879086324943,All
66.3252054794521,14.3386160316605,All
66.6079452054795,16.4014492343616,All
66.4709589041096,16.9151812504603,All
66.3054794520548,16.3065343782592,All
66.5476712328767,15.359716551106,All
66.5794520547945,16.0940480004351,All
67.1832876712329,16.8859289816426,All
65.6698630136986,17.605581048702,All
66.2101369863014,16.5980372158862,All
67.7871232876712,15.2625489951524,All
66.5487671232877,15.1913831308321,All
66.2254794520548,16.0847102922109,All
65.4156164383562,16.7018491788325,All
66.0019178082192,16.383670490162,All
66.3175342465754,15.3529573612582,All
66.5202739726027,16.1638870140459,All
67.0715068493151,16.2769640802833,All
66.912602739726,16.2294799042337,All
65.7608219178082,15.3767882763168,All
66.7635616438356,17.9878738481125,All
66.7734246575342,16.0333699348312,All
65.7082191780822,16.2039370490888,All
66.0095890410959,17.4416264843259,All
66.9180821917808,16.7394125481854,All
66.7131506849315,14.939387629445,All
65.8802739726028,15.6657576539088,All
66.3416438356164,17.39409688123,All
66.3394520547945,14.0674132425967,All
66.7405479452055,15.2072849513004,All
66.9027397260274,15.0977483628065,All
66.0117808219178,17.7531404292879,All
66.0216438356164,14.7849256146487,All
66.4523287671233,15.9416854956978,All
66.701095890411,15.4985281484656,All
66.5706849315068,15.7219104450371,All
66.0895890410959,17.3400551991026,All
66.7065753424657,16.9706884125562,All
65.5350684931507,16.8410131417956,All
66.1816438356164,15.8951496482396,All
66.5082191780822,16.6716779610753,All
66.7613698630137,17.0456739112544,All
66.2145205479452,16.5905777769273,All
66.9608219178082,16.7621960321071,All
67.0441095890411,17.6950448266884,All
66.2747945205479,17.4327174230218,All
66.8227397260274,15.6680796387877,All
66.6342465753425,16.2580531863948,All
66.4216438356164,15.4209232591249,All
66.2956164383562,15.9233842912344,All
66.6660273972603,16.5027515239256,All
66.3504109589041,15.0100743957327,All
65.9898630136986,15.9406689955933,All
67.0156164383562,17.7543053667557,All
66.9432876712329,17.5435359359656,All
66.4687671232877,15.9760594079874,All
66.1334246575343,15.622678684915,All
66.1531506849315,16.2800236962786,All
67.607397260274,15.1472778394616,All
66.8972602739726,15.9942578892164,All
66.1465753424658,16.1415286186898,All
67.2830136986301,17.3663696621647,All
66.8753424657534,16.3383946624907,All
66.7131506849315,15.6587748518764,All
65.9942465753425,16.7652578511148,All
66.2386301369863,16.2267893829361,All
66.22,13.462094794261,All
65.7323287671233,16.2498260239895,All
66.621095890411,15.7491579706056,All
67.2698630136986,15.5708340715774,All
66.8084931506849,14.7481229882287,All
66.2090410958904,15.7049013240899,All
66.0194520547945,16.944654642398,All
65.1723287671233,15.0714677460381,All
66.7701369863014,16.2885666952015,All
66.5608219178082,16.4719117712735,All
65.391506849315,15.137149597241,All
66.0369863013699,16.8084311114976,All
66.0128767123288,16.3492161451406,All
65.9383561643836,16.0819824450875,All
65.8430136986301,17.4350455622612,All
66.5421917808219,16.4619270736996,All
67.2358904109589,16.0100883153676,All
66.3054794520548,16.9576054888301,All
67.072602739726,16.0589281909984,All
66.1980821917808,16.7702172548424,All
66.4150684931507,14.1491669824263,All
65.8353424657534,16.2924023910967,All
65.7476712328767,16.058471795025,All
67.4638356164384,17.446869031992,All
67.8627397260274,16.2873830215304,All
67.7049315068493,16.1095571677559,All
67.2928767123288,14.9725622171459,All
66.9169863013699,16.340733342749,All
66.8621917808219,15.2239005409036,All
67.5131506849315,16.6114297975389,All
67.3893150684931,16.2346200950216,All
67.4868493150685,14.8825295535487,All
66.8446575342466,16.6192947471019,All
66.8457534246575,15.7797186218657,All
67.7608219178082,15.4204077035725,All
67.3367123287671,15.3503001299797,All
67.2391780821918,16.2551186222678,All
66.6287671232877,16.0350497019739,All
67.101095890411,15.27096549119,All
68.0172602739726,15.9194983009512,All
67.3608219178082,14.2597226282894,All
67.287397260274,16.7394202421148,All
67.473698630137,15.4083434703493,All
67.4791780821918,15.2979445520741,All
67.0046575342466,17.9030501434554,All
67.9383561643836,15.6373805080712,All
67.5547945205479,16.7651091039352,All
67.446301369863,15.7743089600473,All
66.9750684931507,15.4029108622277,All
67.2808219178082,16.7704413205548,All
68.1367123287671,15.7123384615975,All
67.7915068493151,16.460721312173,All
67.9427397260274,15.3770636610256,All
67.552602739726,14.8380082618293,All
67.4101369863014,18.0120971806479,All
67.5427397260274,16.0494568333333,All
67.554794520548,14.107370431294,All
67.6501369863014,17.3180819141737,All
67.4506849315068,16.7294306094289,All
67.2852054794521,16.5077499544855,All
67.5482191780822,16.7201647073975,All
67.714794520548,15.7926150147632,All
66.9454794520548,14.0755437552203,All
67.7882191780822,17.2294160927512,All
66.9049315068493,14.2371237251278,All
68.1520547945205,17.3221999422998,All
66.8293150684932,14.7005409419597,All
67.5515068493151,15.9897415774187,All
67.5909589041096,15.8843799443596,All
67.1975342465754,15.0926563288101,All
67.1624657534247,16.750503133017,All
67.498904109589,15.6726671400932,All
67.8824657534247,15.3794161703279,All
70.8841095890411,13.8718937605135,All
70.5586301369863,14.8332624334803,All
70.6627397260274,15.7749798827162,All
70.2802739726027,16.6157719704781,All
70.6561643835616,16.5005130224513,All
70.6780821917808,16.2409023618437,All
70.4731506849315,16.4994283943349,All
69.7575342465754,15.1276326003528,All
69.898904109589,15.1660913691873,All
70.22,15.4794857233939,All
70.9093150684931,16.2743849009488,All
69.4419178082192,16.7752502677986,All
69.9328767123288,15.4415947319092,All
69.7553424657534,14.7891426701168,All
71.3695890410959,15.2388665241543,All
70.0808219178082,16.4899723956043,All
70.6682191780822,16.1359945571941,All
70.4216438356164,17.028394310418,All
70.5487671232877,17.5001334060199,All
70.246301369863,14.2907389215701,All
70.2934246575342,14.597461292699,All
69.8704109589041,16.9432920544793,All
70.7350684931507,17.5810141254853,All
69.4112328767123,15.7344091448035,All
70.1608219178082,17.3753187972382,All
70.3613698630137,17.8615882711256,All
70.967397260274,17.5250188555803,All
70.032602739726,16.6669456738869,All
69.6008219178082,15.3213615681489,All
71.8145205479452,16.1740549370355,All
69.8386301369863,17.6898047622262,All
70.3032876712329,15.4365665813377,All
69.5876712328767,16.978975797834,All
71.632602739726,16.83333298876,All
69.3904109589041,15.3186639476291,All
70.5641095890411,15.7448283813446,All
71.34,14.8052385715942,All
70.593698630137,17.6285951357642,All
69.6446575342466,17.0105000870578,All
70.673698630137,13.0931436218433,All
70.4150684931507,15.5150802757817,All
69.2227397260274,17.3428025101877,All
70.8106849315068,17.569568806603,All
70.5389041095891,16.0566814188378,All
70.5005479452055,15.8646265068221,All
69.4090410958904,16.2238961629514,All
69.4758904109589,17.044328745684,All
70.5564383561644,15.5516282538635,All
69.7947945205479,15.5540902580307,All
70.1750684931507,14.7380802328567,All
