ID,Task,mature,age,percorr,percorr_class_1,percorr_class_2,percorr_class_3,percorr_class_4,percorr_class_5,percorr_class_6,percorr_class_7,percorr_class_8,percorr_class_9,percorr_class_10,percorr_class_11,percorr_class_12,percorr_class_13,percorr_class_14,percorr_class_15,percorr_class_16,percorr_class_17,percorr_class_18,percorr_class_19,percorr_class_20
OLI,ODRdistractor_cardinal,-12.83333333,47.06666667,0.529411765,0.9,0.75,0.818181818,1,1,0.818181818,0.6,0.173076923,0.818181818,0.75,0.642857143,0.9,0.692307692,0.818181818,0.9,0.346153846,0.257142857,0.2,0.818181818,0.692307692
OLI,ODRdistractor_diagonal,-12.8,47.1,0.623188406,0.666666667,0.5,0.4,1,0.666666667,1,1,1,1,1,1,1,1,1,1,1,0.222222222,0.5,1,0.166666667
OLI,ODRdistractor_diagonal,-12.8,47.1,NaN,NaN,NaN,NaN,NaN,NaN,NaN,NaN,NaN,NaN,NaN,NaN,NaN,NaN,NaN,NaN,NaN,NaN,NaN,NaN,NaN
OLI,ODRdistractor_diagonal,-12.76666667,47.13333333,0.73255814,1,1,0.75,1,1,0.818181818,1,0.36,0.909090909,1,0.75,0.9,0.3,0.818181818,0.769230769,1,0.909090909,0.409090909,0.818181818,0.909090909
OLI,ODRdistractor_cardinal,-12.63333333,47.26666667,0.570200573,0.769230769,1,0.769230769,1,1,0.588235294,0.277777778,0.111111111,0.714285714,0.555555556,1,1,0.625,1,1,0.666666667,0.769230769,0.5,0.909090909,0.833333333
OLI,ODRdistractor_diagonal,-12.6,47.3,0.722021661,0.588235294,0.5,0.344827586,1,0.714285714,1,0.769230769,0.714285714,0.909090909,1,0.833333333,0.769230769,0.526315789,1,1,0.588235294,0.909090909,0.833333333,0.714285714,0.909090909
OLI,ODRdistractor_cardinal,-12.56666667,47.33333333,0.673400673,1,1,1,1,0.909090909,0.526315789,0.454545455,0.169491525,0.5,0.625,1,1,1,0.909090909,1,1,0.909090909,0.714285714,1,0.714285714
OLI,ODRdistractor_cardinal,-12.53333333,47.36666667,0.769784173,1,1,1,0.846153846,1,0.666666667,0.55,0.34375,0.416666667,0.625,1,1,0.916666667,0.846153846,0.916666667,1,0.916666667,1,1,0.846153846
OLI,ODRdistractor_diagonal,-12.16666667,47.73333333,NaN,NaN,NaN,NaN,NaN,NaN,NaN,NaN,NaN,NaN,NaN,NaN,NaN,NaN,NaN,NaN,NaN,NaN,NaN,NaN,NaN
OLI,ODRdistractor_diagonal,-12.16666667,47.73333333,NaN,NaN,NaN,NaN,NaN,NaN,NaN,NaN,NaN,NaN,NaN,NaN,NaN,NaN,NaN,NaN,NaN,NaN,NaN,NaN,NaN
OLI,ODRdistractor_cardinal,-12.13333333,47.76666667,0.807086614,1,1,0.909090909,0.909090909,0.909090909,0.833333333,0.733333333,0.333333333,0.625,0.714285714,0.833333333,1,0.909090909,0.833333333,1,0.909090909,0.833333333,1,0.909090909,0.909090909
OLI,ODRdistractor_diagonal,-12.1,47.8,0.73800738,0.555555556,0.526315789,0.416666667,0.384615385,0.714285714,0.909090909,1,1,1,0.909090909,0.833333333,0.833333333,0.666666667,1,0.714285714,1,0.714285714,0.909090909,1,1
OLI,ODRdistractor_diagonal,-12.06666667,47.83333333,0.829875519,0.769230769,0.833333333,0.434782609,0.833333333,0.769230769,0.833333333,0.909090909,1,0.909090909,1,0.769230769,0.909090909,0.714285714,1,0.833333333,0.769230769,1,0.909090909,1,1
OLI,ODRdistractor_cardinal,-11,48.9,0.621761658,0.857142857,0.857142857,0.857142857,0.6,0.6,0.666666667,0.6,0.375,0.428571429,0.6,0.666666667,0.857142857,0.666666667,0.75,0.666666667,0.5,0.5,0.5,0.857142857,0.75
OLI,ODRdistractor_diagonal,-10.96666667,48.93333333,0.863309353,0.75,0.857142857,0.857142857,1,0.75,0.857142857,0.75,0.857142857,0.857142857,0.857142857,0.857142857,0.857142857,0.75,0.857142857,1,1,0.75,1,1,1
OLI,ODRdistractor_cardinal,-10.9,49,0.724637681,0.909090909,0.909090909,1,1,0.909090909,0.714285714,0.588235294,0.263157895,0.714285714,0.5,0.714285714,0.909090909,0.769230769,0.909090909,1,0.666666667,0.833333333,0.909090909,0.909090909,0.833333333
OLI,ODRdistractor_cardinal,-10.76666667,49.13333333,0.688461538,0.818181818,0.9,1,0.9,1,0.5625,0.307692308,0.529411765,0.642857143,0.6,0.5625,1,0.75,0.9,0.9,0.6,0.529411765,0.692307692,0.818181818,0.9
OLI,ODRdistractor_cardinal,-10.73333333,49.16666667,0.72556391,0.909090909,1,0.75,0.714285714,0.714285714,0.769230769,0.769230769,0.666666667,0.9,0.909090909,1,1,1,0.9,1,0.375,0.36,0.428571429,1,0.714285714
OLI,ODRdistractor_cardinal,-10.7,49.2,0.765550239,0.666666667,0.8,0.8,0.888888889,0.8,0.888888889,0.533333333,0.8,0.571428571,0.8,0.8,0.888888889,0.8,0.888888889,1,0.727272727,0.727272727,1,0.666666667,0.666666667
OLI,ODRdistractor_cardinal,-10.66666667,49.23333333,0.796812749,0.909090909,1,1,0.909090909,0.909090909,0.555555556,0.625,0.666666667,0.833333333,0.666666667,0.909090909,1,0.909090909,0.909090909,1,0.526315789,0.833333333,0.714285714,0.833333333,0.833333333
OLI,ODRdistractor_diagonal,-10.5,49.4,0.786407767,0.666666667,1,1,0.666666667,0.8,1,1,1,0.666666667,0.8,0.833333333,1,1,1,1,0.666666667,0.444444444,0.666666667,0.571428571,0.8
OLI,ODRdistractor_cardinal,-10.46666667,49.43333333,0.914414414,0.909090909,1,0.916666667,1,1,0.833333333,0.833333333,0.833333333,0.909090909,0.833333333,1,0.909090909,0.833333333,1,1,1,0.846153846,0.833333333,0.909090909,1
OLI,ODRdistractor_diagonal,-10.43333333,49.46666667,0.809716599,0.909090909,0.769230769,0.588235294,0.714285714,0.909090909,0.909090909,0.833333333,0.714285714,0.909090909,0.909090909,0.714285714,0.769230769,0.714285714,0.909090909,1,0.909090909,1,0.588235294,0.909090909,0.909090909
OLI,ODRdistractor_diagonal,-5.666666667,54.23333333,0.535714286,0.428571429,0.6,0.333333333,1,0.75,1,1,1,0.6,1,1,1,0.333333333,1,1,0.136363636,0.75,0.230769231,0.75,1
OLI,ODRdistractor_cardinal,-5.6,54.3,0.695652174,0.8,0.888888889,0.8,0.888888889,0.888888889,0.888888889,0.666666667,0.533333333,0.727272727,1,0.888888889,0.888888889,0.888888889,0.888888889,0.8,0.363636364,0.285714286,0.8,0.727272727,0.727272727
OLI,ODRdistractor_diagonal,-5.566666667,54.33333333,0.666666667,0.8,0.8,0.666666667,1,1,1,1,1,1,1,0.444444444,1,1,1,0.666666667,0.210526316,0.307692308,0.5,0.8,1
OLI,ODRdistractor_cardinal,-5.533333333,54.36666667,0.840336134,0.833333333,0.833333333,0.909090909,1,0.909090909,0.909090909,0.833333333,0.769230769,0.714285714,0.833333333,0.714285714,0.909090909,0.909090909,1,0.909090909,0.555555556,0.833333333,0.769230769,1,1
OLI,ODRdistractor_diagonal,-5.4,54.5,0.654205607,0.4375,0.411764706,0.35,1,0.636363636,1,1,0.777777778,1,1,1,0.875,0.368421053,0.875,0.636363636,0.7,0.583333333,0.5,0.875,0.777777778
OLI,ODRdistractor_cardinal,-5.366666667,54.53333333,0.816326531,0.769230769,0.833333333,0.909090909,0.909090909,1,1,0.909090909,0.625,0.909090909,0.909090909,1,1,1,1,0.909090909,0.5,0.555555556,0.833333333,0.666666667,0.769230769
OLI,ODRdistractor_cardinal,-5.333333333,54.56666667,0.877192982,0.909090909,0.769230769,1,1,0.909090909,0.833333333,0.769230769,0.625,0.909090909,1,0.833333333,1,0.909090909,0.909090909,0.909090909,0.833333333,1,0.833333333,0.909090909,0.909090909
OLI,ODRdistractor_cardinal,-5.3,54.6,0.869565217,0.909090909,0.769230769,0.909090909,0.909090909,1,0.769230769,0.833333333,0.769230769,1,1,0.909090909,0.909090909,0.909090909,1,1,0.909090909,0.666666667,0.833333333,0.909090909,0.714285714
OLI,ODRdistractor_cardinal,-5.133333333,54.76666667,0.765258216,0.5,0.8,0.666666667,1,1,0.888888889,1,0.5,0.888888889,0.8,1,1,1,1,1,0.333333333,0.888888889,0.727272727,0.8,0.8
OLI,ODRdistractor_diagonal,-5.1,54.8,0.917431193,0.909090909,1,0.666666667,0.833333333,0.909090909,1,1,1,1,1,0.909090909,1,1,1,1,0.909090909,0.909090909,0.769230769,1,0.769230769
OLI,ODRdistractor_diagonal,-0.7,59.2,0.941176471,1,1,0.818181818,0.909090909,1,1,1,1,1,1,0.909090909,1,1,0.909090909,0.909090909,0.818181818,0.833333333,0.9,1,0.9
OLI,ODRdistractor_cardinal,-0.666666667,59.23333333,0.919753086,0.777777778,0.7,0.875,1,1,0.875,0.888888889,1,0.875,0.888888889,1,1,1,1,1,0.7,1,1,1,1
OLI,ODRdistractor_cardinal,-0.633333333,59.26666667,0.715447154,1,0.833333333,1,0.8,1,0.8,1,0.571428571,0.8,1,0.285714286,1,0.363636364,0.8,1,0.454545455,0.8,0.833333333,0.8,0.8
OLI,ODRdistractor_cardinal,-0.5,59.4,0.838323353,0.777777778,0.7,1,0.875,1,1,0.875,0.875,0.875,1,1,1,1,1,0.875,0.777777778,0.318181818,1,1,1
OLI,ODRdistractor_cardinal,-0.466666667,59.43333333,0.916030534,0.857142857,0.857142857,0.857142857,0.857142857,1,1,1,1,1,1,1,1,1,1,1,0.545454545,1,1,0.857142857,0.857142857
OLI,ODRdistractor_cardinal,-0.433333333,59.46666667,0.938967136,1,0.909090909,0.909090909,1,1,1,0.909090909,1,0.833333333,1,1,1,1,1,0.909090909,0.714285714,0.833333333,1,0.909090909,1
OLI,ODRdistractor_diagonal,-0.4,59.5,0.913242009,0.909090909,0.909090909,0.769230769,0.909090909,0.909090909,1,1,1,1,1,1,0.769230769,0.909090909,0.909090909,0.909090909,0.833333333,0.909090909,0.833333333,0.909090909,1
OLI,ODRdistractor_diagonal,-0.266666667,59.63333333,0.911111111,1,0.857142857,0.857142857,0.857142857,1,1,1,0.875,1,1,1,1,0.75,1,1,0.857142857,0.857142857,0.75,0.857142857,0.875
OLI,ODRdistractor_diagonal,-0.233333333,59.66666667,0.942408377,1,0.818181818,0.9,0.9,1,0.9,1,1,1,1,0.9,1,0.75,0.818181818,1,1,1,1,1,1
OLI,ODRdistractor_cardinal,-0.033333333,59.86666667,0.926267281,0.909090909,1,0.833333333,1,0.909090909,0.909090909,0.909090909,0.714285714,1,1,1,0.909090909,1,0.909090909,1,1,1,0.909090909,0.909090909,0.833333333
OLI,ODRdistractor_diagonal,0,59.9,0.986547085,0.846153846,1,1,1,1,1,1,0.916666667,1,1,1,1,1,1,1,1,1,1,1,1
OLI,ODRdistractor_diagonal,0.033333333,59.93333333,0.952879581,0.9,1,0.9,1,1,1,1,1,1,0.9,0.9,1,1,0.818181818,1,1,0.9,1,0.9,0.9
OLI,ODRdistractor_diagonal,4.633333333,64.53333333,0.883977901,0.571428571,0.888888889,0.727272727,1,0.888888889,1,1,1,0.8,1,1,0.8,1,1,1,0.8,1,0.8,0.8,1
OLI,ODRdistractor_cardinal,4.666666667,64.56666667,0.902439024,0.909090909,1,1,1,0.9,0.75,0.818181818,0.833333333,1,1,1,1,1,1,1,0.9,0.818181818,0.5625,0.9,1
OLI,ODRdistractor_cardinal,4.733333333,64.63333333,0.835897436,0.8,0.888888889,1,0.888888889,1,1,0.888888889,1,0.8,0.888888889,1,1,0.888888889,0.888888889,0.9,0.5,0.727272727,0.8,0.533333333,0.888888889
OLI,ODRdistractor_cardinal,4.866666667,64.76666667,0.805882353,0.7,0.636363636,0.875,1,0.7,1,0.7,0.875,1,0.875,1,1,0.875,1,1,0.666666667,0.777777778,0.636363636,0.7,0.6
OLI,ODRdistractor_cardinal,4.9,64.8,0.696517413,0.777777778,0.538461538,0.466666667,0.4375,0.875,0.875,0.875,0.636363636,0.777777778,0.636363636,0.875,0.777777778,0.777777778,1,0.875,0.583333333,1,0.583333333,0.777777778,0.583333333
OLI,ODRdistractor_cardinal,4.933333333,64.83333333,0.830601093,0.7,0.8,1,1,1,1,0.8,0.777777778,1,0.7,1,1,1,1,0.888888889,0.5,0.888888889,0.583333333,0.7,0.777777778
OLI,ODRdistractor_diagonal,4.966666667,64.86666667,0.895604396,0.888888889,0.727272727,1,0.8,1,0.888888889,1,1,0.8,1,1,0.727272727,0.8,1,0.888888889,1,1,0.9,0.888888889,0.8
OLI,ODRdistractor_diagonal,5.1,65,0.786206897,0.6,0.833333333,0.833333333,1,1,1,1,1,1,1,0.857142857,0.75,0.545454545,0.857142857,0.857142857,0.6,0.857142857,0.454545455,0.75,0.714285714
OLI,ODRdistractor_diagonal,5.133333333,65.03333333,0.927835052,0.9,1,1,0.75,0.9,0.9,0.818181818,1,0.9,1,1,0.9,1,0.9,1,1,1,1,0.9,0.818181818
OLI,ODRdistractor_diagonal,5.166666667,65.06666667,0.905,0.9,1,0.9,0.818181818,0.9,0.769230769,1,0.9,0.9,0.75,1,1,0.9,1,1,0.9,1,0.9,0.75,1
OLI,ODRdistractor_cardinal,5.2,65.1,0.935672515,0.727272727,1,1,1,0.888888889,0.888888889,0.8,1,0.8,1,1,1,1,1,1,1,1,1,0.888888889,0.888888889
OLI,ODRdistractor_cardinal,5.333333333,65.23333333,0.829493088,1,1,0.818181818,1,1,0.75,0.818181818,0.6,0.642857143,0.75,0.692307692,0.9,1,1,0.9,0.9,0.75,0.818181818,0.818181818,0.818181818
OLI,ODRdistractor_diagonal,5.366666667,65.26666667,0.875,0.727272727,0.727272727,0.8,1,0.818181818,0.8,0.8,1,1,0.8,0.727272727,1,1,1,0.888888889,0.888888889,0.8,1,1,1
OLI,ODRdistractor_cardinal,5.4,65.3,0.953051643,0.909090909,1,0.909090909,0.846153846,1,1,0.833333333,0.909090909,1,1,1,1,1,1,0.909090909,1,1,1,0.909090909,0.909090909
OLI,ODRdistractor_cardinal,5.433333333,65.33333333,0.967914439,1,1,1,1,0.9,0.9,1,0.9,1,1,1,1,1,1,1,1,1,0.818181818,0.9,1
OLI,ODRdistractor_cardinal,5.566666667,65.46666667,0.840336134,1,0.833333333,0.833333333,0.625,0.714285714,0.714285714,1,0.833333333,0.833333333,0.833333333,1,0.555555556,1,0.833333333,1,1,1,0.833333333,1,0.833333333
OLI,ODRdistractor_diagonal,5.6,65.5,0.848,1,1,0.714285714,0.833333333,1,1,0.714285714,1,0.833333333,0.857142857,1,0.625,1,1,1,0.6,0.714285714,0.666666667,1,1
OLI,ODRdistractor_diagonal,5.633333333,65.53333333,0.952755906,1,1,0.857142857,1,1,1,1,1,0.857142857,1,0.857142857,1,1,0.857142857,1,1,0.857142857,1,0.857142857,1
OLI,ODRdistractor_cardinal,5.666666667,65.56666667,0.989690722,1,1,1,1,0.833333333,1,1,1,1,1,1,1,1,1,1,1,1,1,1,1
OLI,ODRdistractor_cardinal,10,69.9,0.724489796,0.538461538,0.5,0.875,0.875,0.875,0.8,0.875,0.875,1,0.777777778,0.777777778,0.7,0.875,0.636363636,1,0.583333333,0.466666667,1,0.583333333,0.7
OLI,ODRdistractor_cardinal,10.03333333,69.93333333,0.808641975,1,0.75,1,0.875,1,1,1,0.777777778,0.777777778,1,0.875,0.875,0.875,0.7,0.857142857,0.666666667,0.428571429,0.75,0.75,0.75
OLI,ODRdistractor_diagonal,10.23333333,70.13333333,0.718592965,0.875,0.777777778,0.636363636,0.777777778,1,1,1,1,1,1,0.777777778,0.875,0.875,0.8,0.777777778,0.318181818,0.636363636,0.4375,0.5,0.636363636
OLI,ODRdistractor_cardinal,10.26666667,70.16666667,0.825641026,0.571428571,0.666666667,0.727272727,0.615384615,1,0.727272727,0.75,0.888888889,0.888888889,0.727272727,1,0.888888889,1,0.888888889,1,1,1,1,0.727272727,1
OLI,ODRdistractor_diagonal,10.3,70.2,0.888888889,0.666666667,0.888888889,0.727272727,0.888888889,0.888888889,1,1,0.888888889,0.8,0.727272727,1,0.8,1,1,1,1,1,0.888888889,0.888888889,1
OLI,ODRdistractor_diagonal,10.46666667,70.36666667,0.538461538,0.216216216,0.222222222,0.275862069,0.25,0.296296296,1,0.8,0.642857143,0.666666667,0.727272727,0.888888889,1,1,1,1,1,1,0.888888889,1,0.888888889
OLI,ODRdistractor_cardinal,10.5,70.4,0.858369099,0.833333333,1,1,1,1,0.833333333,0.769230769,0.625,0.666666667,0.476190476,1,1,1,0.909090909,0.909090909,1,0.909090909,1,0.909090909,1
OLI,ODRdistractor_diagonal,10.53333333,70.43333333,0.962566845,1,1,1,1,0.9,1,0.9,0.9,1,1,1,1,1,1,1,0.9,0.9,0.9,1,0.9
OLI,ODRdistractor_cardinal,10.56666667,70.46666667,0.932642487,1,1,1,1,1,1,0.75,0.9,0.75,0.75,1,1,1,0.9,0.9,0.9,1,1,1,1
OLI,ODRdistractor_cardinal,10.7,70.6,0.736842105,0.636363636,1,1,0.875,1,0.875,0.388888889,0.5,0.411764706,0.583333333,0.875,1,0.636363636,1,0.7,0.875,1,0.875,0.875,1
OLI,ODRdistractor_diagonal,10.73333333,70.63333333,0.91503268,1,1,0.7,0.777777778,1,1,1,1,0.875,0.875,1,1,1,0.875,0.875,0.875,0.875,1,1,0.777777778
OLI,ODRdistractor_cardinal,10.76666667,70.66666667,0.846560847,1,1,0.888888889,1,1,0.727272727,0.8,0.727272727,0.421052632,0.615384615,1,1,1,1,1,0.8,1,0.888888889,0.888888889,1
PIC,ODRdistractor_cardinal,-31.33333333,47.3,0.857142857,1,1,1,1,1,1,0.857142857,0.857142857,1,1,0.75,1,0.6,0.75,0.75,1,0.857142857,0.6,0.75,0.857142857
PIC,ODRdistractor_diagonal,-31.26666667,47.36666667,NaN,NaN,NaN,NaN,NaN,NaN,NaN,NaN,NaN,NaN,NaN,NaN,NaN,NaN,NaN,NaN,NaN,NaN,NaN,NaN,NaN
PIC,ODRdistractor_cardinal,-31.13333333,47.5,0.803149606,0.857142857,1,0.833333333,0.714285714,0.5,1,1,1,1,1,0.833333333,0.714285714,0.833333333,0.625,1,1,0.833333333,0.625,0.555555556,0.833333333
PIC,ODRdistractor_diagonal,-31.1,47.53333333,NaN,NaN,NaN,NaN,NaN,NaN,NaN,NaN,NaN,NaN,NaN,NaN,NaN,NaN,NaN,NaN,NaN,NaN,NaN,NaN,NaN
PIC,ODRdistractor_cardinal,-31.06666667,47.56666667,NaN,NaN,NaN,NaN,NaN,NaN,NaN,NaN,NaN,NaN,NaN,NaN,NaN,NaN,NaN,NaN,NaN,NaN,NaN,NaN,NaN
PIC,ODRdistractor_cardinal,-30.66666667,47.96666667,0.87012987,0.857142857,1,0.857142857,0.857142857,0.6,1,1,1,1,1,1,0.875,0.75,0.5,0.875,1,0.875,1,1,0.857142857
PIC,ODRdistractor_diagonal,-30.63333333,48,0.961538462,0.857142857,1,1,1,0.666666667,1,1,1,1,0.875,1,1,1,1,1,1,1,1,1,1
PIC,ODRdistractor_cardinal,-30.6,48.03333333,0.98,1,1,0.666666667,1,1,1,1,1,1,1,1,1,1,1,1,1,1,1,1,1
PIC,ODRdistractor_cardinal,-30.6,48.03333333,0.988764045,1,1,1,1,1,1,1,1,1,1,1,1,1,1,1,1,1,0.833333333,1,1
PIC,ODRdistractor_diagonal,-30.43333333,48.2,0.789473684,0.818181818,0.666666667,0.615384615,0.444444444,0.380952381,1,1,1,1,1,1,0.888888889,1,0.727272727,1,1,0.727272727,0.9,0.888888889,0.888888889
PIC,ODRdistractor_cardinal,-30.4,48.23333333,0.925675676,0.7,0.875,0.875,0.636363636,0.857142857,1,1,1,1,1,1,1,1,1,1,1,1,1,1,0.875
PIC,ODRdistractor_diagonal,-30.36666667,48.26666667,0.963855422,1,1,0.888888889,1,1,0.888888889,1,1,1,1,1,1,1,1,1,1,0.888888889,1,0.888888889,0.8
PIC,ODRdistractor_cardinal,-30.2,48.43333333,0.952380952,1,0.9,1,1,0.9,1,1,0.9,1,1,1,1,0.818181818,0.9,1,1,0.9,1,0.818181818,1
PIC,ODRdistractor_diagonal,-30.16666667,48.46666667,0.96803653,1,0.916666667,1,0.916666667,1,1,1,1,0.916666667,0.833333333,1,1,1,1,1,1,0.909090909,1,1,0.909090909
PIC,ODRdistractor_diagonal,-30.13333333,48.5,0.91503268,1,1,1,1,0.875,1,1,1,1,1,0.875,0.7,0.583333333,0.875,0.875,1,0.875,1,1,1
PIC,ODRdistractor_cardinal,-25,53.63333333,0.814070352,0.470588235,0.727272727,0.615384615,0.888888889,0.8,1,1,1,0.888888889,1,1,1,1,1,1,0.727272727,0.666666667,0.727272727,0.727272727,0.727272727
PIC,ODRdistractor_cardinal,-24.96666667,53.66666667,0.729957806,0.75,0.666666667,0.666666667,0.666666667,0.571428571,0.9,0.9,1,0.818181818,1,1,1,1,1,1,0.75,0.615384615,0.421052632,0.45,0.5
PIC,ODRdistractor_diagonal,-24.83333333,53.8,0.916666667,0.916666667,1,0.916666667,0.916666667,1,1,0.916666667,1,1,1,0.916666667,0.916666667,1,1,0.846153846,0.916666667,0.916666667,0.916666667,0.733333333,0.6875
PIC,ODRdistractor_cardinal,-24.8,53.83333333,0.890756303,0.647058824,0.785714286,0.833333333,1,1,1,1,0.916666667,1,1,1,1,0.909090909,1,0.846153846,1,1,0.6875,0.769230769,0.785714286
PIC,ODRdistractor_cardinal,-24.76666667,53.86666667,0.824902724,0.833333333,0.714285714,0.714285714,0.916666667,0.909090909,0.833333333,0.916666667,1,0.647058824,1,0.909090909,0.846153846,0.6875,0.916666667,0.916666667,0.785714286,0.733333333,0.846153846,0.733333333,0.916666667
PIC,ODRdistractor_diagonal,-24.73333333,53.9,0.760204082,0.888888889,1,1,1,1,0.8,0.444444444,0.32,1,1,0.7,1,0.875,0.7,0.777777778,0.7,0.8,1,0.7,1
PIC,ODRdistractor_diagonal,-24.6,54.03333333,0.785407725,0.9,0.9,1,1,0.9,1,1,1,1,0.909090909,0.818181818,0.642857143,0.310344828,0.642857143,0.529411765,0.818181818,0.909090909,0.9,0.9,0.9
PIC,ODRdistractor_cardinal,-24.56666667,54.06666667,0.888888889,0.909090909,1,0.833333333,0.909090909,0.909090909,1,1,1,1,1,0.909090909,1,0.909090909,0.909090909,0.909090909,0.769230769,0.833333333,0.714285714,0.625,0.909090909
PIC,ODRdistractor_diagonal,-24.53333333,54.1,0.826666667,1,1,1,1,1,1,0.818181818,0.714285714,1,1,0.625,0.75,0.5625,0.642857143,0.642857143,1,0.769230769,1,0.9,0.75
PIC,ODRdistractor_cardinal,-24.5,54.13333333,0.779816514,0.666666667,0.818181818,0.8,0.75,0.75,1,0.8,0.727272727,0.818181818,0.9,0.9,0.615384615,0.6,0.533333333,0.8,0.9,0.8,1,0.9,0.888888889
PIC,ODRdistractor_cardinal,-24.36666667,54.26666667,0.947368421,0.9,0.9,0.692307692,1,1,0.9,1,1,1,1,1,1,1,1,1,1,0.818181818,1,1,0.9
PIC,ODRdistractor_diagonal,-24.33333333,54.3,0.87804878,0.9,1,0.9,0.818181818,0.9,0.75,0.6,0.6,1,1,1,1,1,0.9,1,0.9,0.9,0.818181818,1,1
PIC,ODRdistractor_cardinal,-24.3,54.33333333,0.925714286,1,1,0.666666667,0.888888889,0.727272727,1,1,1,1,1,1,0.888888889,0.888888889,1,1,1,1,0.888888889,0.9,0.888888889
PIC,ODRdistractor_diagonal,-24.26666667,54.36666667,0.905405405,0.833333333,0.833333333,0.909090909,0.785714286,0.909090909,1,0.833333333,1,1,1,1,0.909090909,1,0.909090909,1,0.909090909,1,0.833333333,0.714285714,0.909090909
PIC,ODRdistractor_cardinal,-20.6,58.03333333,0.927835052,1,1,1,1,0.818181818,0.9,1,1,0.9,0.9,0.9,1,1,1,0.9,0.9,0.818181818,0.818181818,0.818181818,1
PIC,ODRdistractor_diagonal,-20.56666667,58.06666667,0.95631068,1,1,1,1,0.909090909,1,0.909090909,1,1,1,1,0.909090909,1,0.909090909,1,0.909090909,0.909090909,0.9,0.909090909,0.909090909
PIC,ODRdistractor_diagonal,-20.4,58.23333333,0.970588235,0.909090909,1,0.909090909,1,1,1,1,1,1,1,1,1,1,1,1,1,1,1,0.75,0.909090909
PIC,ODRdistractor_cardinal,-20.36666667,58.26666667,0.975409836,1,1,0.857142857,1,1,1,1,1,1,1,1,1,1,1,1,1,0.75,1,1,1
PIC,ODRdistractor_cardinal,-20.33333333,58.3,0.901345291,1,1,1,0.833333333,0.909090909,0.833333333,0.909090909,0.769230769,1,0.714285714,1,0.833333333,1,1,1,1,0.833333333,0.769230769,0.916666667,0.909090909
PIC,ODRdistractor_cardinal,-20.13333333,58.5,0.860215054,0.727272727,0.666666667,0.571428571,0.727272727,0.8,1,0.888888889,0.8,1,0.888888889,1,1,1,1,0.888888889,1,1,1,1,0.727272727
PIC,ODRdistractor_cardinal,-19.93333333,58.7,0.862068966,1,1,0.833333333,1,1,0.833333333,0.833333333,0.714285714,0.625,1,1,0.833333333,0.714285714,0.833333333,1,1,1,0.714285714,0.714285714,1
PIC,ODRdistractor_cardinal,-19.9,58.73333333,0.720720721,0.888888889,0.666666667,0.888888889,1,0.8,1,1,1,1,1,0.5,0.444444444,0.5,0.533333333,0.727272727,0.8,0.533333333,0.571428571,0.8,0.888888889
PIC,ODRdistractor_diagonal,-19.86666667,58.76666667,0.845070423,0.857142857,1,0.857142857,1,0.857142857,0.75,0.666666667,0.857142857,0.75,1,1,1,1,1,1,0.75,0.6,1,0.6,0.857142857
PIC,ODRdistractor_diagonal,-19.7,58.93333333,0.883116883,0.909090909,0.833333333,0.833333333,1,1,0.833333333,0.909090909,0.909090909,1,1,1,0.909090909,0.909090909,1,1,0.625,0.733333333,0.909090909,0.769230769,0.833333333
PIC,ODRdistractor_cardinal,-19.66666667,58.96666667,0.693965517,0.727272727,0.571428571,0.533333333,0.666666667,0.615384615,1,1,1,1,1,0.571428571,0.571428571,0.727272727,0.533333333,0.727272727,0.8,0.529411765,0.421052632,1,1
PIC,ODRdistractor_cardinal,-19.63333333,59,0.829896907,0.666666667,0.5,0.8,0.8,0.888888889,0.888888889,0.666666667,1,0.8,1,0.8,0.888888889,1,1,1,1,0.8,0.8,0.888888889,1
PIC,ODRdistractor_cardinal,-19.6,59.03333333,0.970873786,1,0.833333333,1,1,0.833333333,1,1,0.833333333,1,1,1,1,1,1,1,1,1,1,1,1
PIC,ODRdistractor_cardinal,-19.6,59.03333333,0.792207792,0.5,1,1,1,0.6,0.75,0.75,0.3,0.75,1,1,1,0.8,1,1,1,1,1,1,1
PIC,ODRdistractor_diagonal,-19.46666667,59.16666667,0.863309353,0.857142857,1,0.857142857,1,1,0.428571429,0.75,0.857142857,0.75,0.857142857,1,1,1,1,1,1,0.857142857,1,0.75,1
PIC,ODRdistractor_diagonal,-19.43333333,59.2,0.877192982,0.714285714,0.833333333,1,0.769230769,1,0.909090909,1,1,0.909090909,0.833333333,1,1,0.833333333,0.909090909,1,0.833333333,0.769230769,1,0.625,0.909090909
PIC,ODRdistractor_cardinal,-19.4,59.23333333,0.771929825,0.47826087,0.785714286,0.611111111,0.55,0.578947368,0.916666667,1,0.785714286,0.916666667,1,0.916666667,0.846153846,1,0.785714286,1,0.916666667,0.846153846,0.785714286,0.647058824,0.785714286
PIC,ODRdistractor_cardinal,-19.36666667,59.26666667,0.845070423,0.642857143,0.75,1,0.692307692,0.5625,0.818181818,0.75,0.9,1,0.9,1,0.9,1,0.9,1,0.9,1,0.818181818,1,0.818181818
PIC,ODRdistractor_diagonal,-19.23333333,59.4,0.869565217,0.666666667,0.857142857,1,0.75,0.857142857,0.857142857,1,1,0.857142857,1,0.857142857,1,1,1,1,0.75,1,0.666666667,1,0.666666667
PIC,ODRdistractor_cardinal,-19.2,59.43333333,0.729927007,0.833333333,0.909090909,0.833333333,0.588235294,0.588235294,0.833333333,0.769230769,0.555555556,0.476190476,0.714285714,1,1,1,1,0.909090909,0.909090909,0.666666667,0.434782609,0.909090909,0.625
PIC,ODRdistractor_diagonal,-19.16666667,59.46666667,0.841121495,1,0.75,0.692307692,0.45,0.75,1,0.9,1,1,1,1,1,0.9,1,1,0.818181818,0.75,0.692307692,1,0.818181818
PIC,ODRdistractor_diagonal,-19.13333333,59.5,0.75,0.346153846,0.75,0.818181818,0.642857143,0.692307692,0.6,1,1,0.75,0.9,1,1,1,1,1,0.9,0.5,0.9,0.642857143,0.692307692
PIC,ODRdistractor_diagonal,-15.23333333,63.4,0.802325581,0.875,0.777777778,0.777777778,1,1,0.875,1,1,1,1,1,1,1,1,1,0.777777778,0.583333333,0.5,0.636363636,0.352941176
PIC,ODRdistractor_diagonal,-15.2,63.43333333,0.772511848,0.8,0.9,0.888888889,0.444444444,0.727272727,0.8,1,1,1,0.9,1,1,1,1,1,0.666666667,1,0.727272727,0.380952381,0.5
PIC,ODRdistractor_cardinal,-15.16666667,63.46666667,0.923076923,1,1,1,0.818181818,0.8,1,0.666666667,0.888888889,1,1,1,1,1,0.666666667,1,1,1,1,1,0.9
PIC,ODRdistractor_cardinal,-15.03333333,63.6,0.662068966,0.833333333,1,0.5,1,0.833333333,0.714285714,0.285714286,0.307692308,0.555555556,1,1,0.833333333,1,1,0.833333333,0.625,0.625,0.5,1,0.444444444
PIC,ODRdistractor_diagonal,-15,63.63333333,0.729927007,0.625,1,0.5,0.555555556,0.833333333,0.333333333,0.625,1,0.454545455,0.555555556,1,1,1,1,1,1,1,1,1,0.833333333
PIC,ODRdistractor_cardinal,-14.96666667,63.66666667,0.676012461,0.588235294,0.916666667,0.846153846,0.785714286,1,0.611111111,0.5,0.5,0.846153846,0.785714286,0.916666667,0.846153846,1,0.5,0.916666667,0.733333333,0.523809524,0.5,0.526315789,0.555555556
PIC,ODRdistractor_cardinal,-14.76666667,63.86666667,0.823170732,0.875,1,0.857142857,1,0.857142857,1,0.75,0.666666667,0.777777778,1,0.875,1,1,1,0.875,0.875,0.538461538,0.545454545,0.875,0.636363636
PIC,ODRdistractor_cardinal,-14.73333333,63.9,0.744827586,0.5,1,0.857142857,0.625,0.75,1,0.833333333,1,1,1,0.5,0.625,0.625,0.714285714,1,1,0.666666667,0.833333333,0.714285714,0.454545455
PIC,ODRdistractor_cardinal,-14.7,63.93333333,0.773504274,0.818181818,1,0.818181818,0.5625,0.642857143,1,1,1,1,1,1,1,1,1,0.9,0.75,0.75,0.529411765,0.391304348,0.555555556
PIC,ODRdistractor_cardinal,-14.56666667,64.06666667,0.877419355,0.875,1,1,1,1,0.777777778,0.857142857,0.6,1,0.777777778,1,1,1,1,1,0.875,0.857142857,0.7,1,0.6
PIC,ODRdistractor_cardinal,-14.53333333,64.1,0.613636364,0.666666667,0.888888889,0.615384615,0.444444444,0.727272727,0.888888889,1,1,0.888888889,1,0.888888889,0.9,1,0.8,0.888888889,0.380952381,0.307692308,0.333333333,0.363636364,0.421052632
PIC,ODRdistractor_diagonal,-14.5,64.13333333,0.83902439,1,0.75,0.8,0.727272727,0.818181818,0.9,1,1,0.9,1,1,1,1,1,1,0.8,0.6,0.642857143,0.666666667,0.666666667
PIC,ODRdistractor_cardinal,-14.33333333,64.3,0.614107884,0.636363636,1,0.636363636,0.368421053,0.8,0.875,0.888888889,0.888888889,0.888888889,1,0.5,0.8,0.777777778,0.727272727,0.888888889,0.466666667,0.318181818,0.333333333,0.538461538,0.470588235
PIC,ODRdistractor_diagonal,-14.3,64.33333333,0.771689498,0.818181818,0.692307692,1,0.615384615,0.818181818,1,1,1,1,1,1,1,1,1,1,0.615384615,0.888888889,0.615384615,0.258064516,0.727272727
PIC,ODRdistractor_diagonal,-14.26666667,64.36666667,0.528301887,0.555555556,0.666666667,0.857142857,0.24,0.5,0.857142857,1,1,1,1,1,1,1,1,1,0.294117647,0.277777778,0.294117647,0.206896552,0.461538462
PIC,ODRdistractor_cardinal,-14.23333333,64.4,0.542986425,0.6,0.461538462,0.666666667,0.545454545,0.666666667,1,1,1,1,1,0.6,0.75,0.5,0.333333333,0.461538462,0.5,0.285714286,0.461538462,0.333333333,0.428571429
PIC,ODRdistractor_cardinal,1.1,79.73333333,NaN,NaN,NaN,NaN,NaN,NaN,NaN,NaN,NaN,NaN,NaN,NaN,NaN,NaN,NaN,NaN,NaN,NaN,NaN,NaN,NaN
PIC,ODRdistractor_diagonal,1.133333333,79.76666667,NaN,NaN,NaN,NaN,NaN,NaN,NaN,NaN,NaN,NaN,NaN,NaN,NaN,NaN,NaN,NaN,NaN,NaN,NaN,NaN,NaN
PIC,ODRdistractor_cardinal,1.266666667,79.9,NaN,NaN,NaN,NaN,NaN,NaN,NaN,NaN,NaN,NaN,NaN,NaN,NaN,NaN,NaN,NaN,NaN,NaN,NaN,NaN,NaN
PIC,ODRdistractor_cardinal,1.3,79.93333333,NaN,NaN,NaN,NaN,NaN,NaN,NaN,NaN,NaN,NaN,NaN,NaN,NaN,NaN,NaN,NaN,NaN,NaN,NaN,NaN,NaN
PIC,ODRdistractor_diagonal,1.333333333,79.96666667,NaN,NaN,NaN,NaN,NaN,NaN,NaN,NaN,NaN,NaN,NaN,NaN,NaN,NaN,NaN,NaN,NaN,NaN,NaN,NaN,NaN
PIC,ODRdistractor_diagonal,1.366666667,80,NaN,NaN,NaN,NaN,NaN,NaN,NaN,NaN,NaN,NaN,NaN,NaN,NaN,NaN,NaN,NaN,NaN,NaN,NaN,NaN,NaN
PIC,ODRdistractor_cardinal,1.4,80.03333333,NaN,NaN,NaN,NaN,NaN,NaN,NaN,NaN,NaN,NaN,NaN,NaN,NaN,NaN,NaN,NaN,NaN,NaN,NaN,NaN,NaN
PIC,ODRdistractor_cardinal,1.5,80.13333333,NaN,NaN,NaN,NaN,NaN,NaN,NaN,NaN,NaN,NaN,NaN,NaN,NaN,NaN,NaN,NaN,NaN,NaN,NaN,NaN,NaN
PIC,ODRdistractor_diagonal,1.533333333,80.16666667,NaN,NaN,NaN,NaN,NaN,NaN,NaN,NaN,NaN,NaN,NaN,NaN,NaN,NaN,NaN,NaN,NaN,NaN,NaN,NaN,NaN
PIC,ODRdistractor_cardinal,1.566666667,80.2,NaN,NaN,NaN,NaN,NaN,NaN,NaN,NaN,NaN,NaN,NaN,NaN,NaN,NaN,NaN,NaN,NaN,NaN,NaN,NaN,NaN
PIC,ODRdistractor_diagonal,1.6,80.23333333,NaN,NaN,NaN,NaN,NaN,NaN,NaN,NaN,NaN,NaN,NaN,NaN,NaN,NaN,NaN,NaN,NaN,NaN,NaN,NaN,NaN
PIC,ODRdistractor_cardinal,1.633333333,80.26666667,NaN,NaN,NaN,NaN,NaN,NaN,NaN,NaN,NaN,NaN,NaN,NaN,NaN,NaN,NaN,NaN,NaN,NaN,NaN,NaN,NaN
PIC,ODRdistractor_cardinal,2.933333333,81.56666667,NaN,NaN,NaN,NaN,NaN,NaN,NaN,NaN,NaN,NaN,NaN,NaN,NaN,NaN,NaN,NaN,NaN,NaN,NaN,NaN,NaN
PIC,ODRdistractor_diagonal,2.966666667,81.6,NaN,NaN,NaN,NaN,NaN,NaN,NaN,NaN,NaN,NaN,NaN,NaN,NaN,NaN,NaN,NaN,NaN,NaN,NaN,NaN,NaN
PIC,ODRdistractor_cardinal,3,81.63333333,NaN,NaN,NaN,NaN,NaN,NaN,NaN,NaN,NaN,NaN,NaN,NaN,NaN,NaN,NaN,NaN,NaN,NaN,NaN,NaN,NaN
PIC,ODRdistractor_diagonal,3.133333333,81.76666667,NaN,NaN,NaN,NaN,NaN,NaN,NaN,NaN,NaN,NaN,NaN,NaN,NaN,NaN,NaN,NaN,NaN,NaN,NaN,NaN,NaN
ROS,ODRdistractor_cardinal,-20.86666667,46.1,0.575757576,0.111111111,0.25,0.222222222,1,0.5,0.666666667,1,0.5,1,0.666666667,1,1,1,1,1,0.666666667,0.5,1,0.666666667,1
ROS,ODRdistractor_cardinal,-20.86666667,46.1,0.877777778,0.8,0.8,0.8,1,1,1,1,0.5,1,1,1,1,1,1,1,0.8,0.8,0.666666667,0.8,1
ROS,ODRdistractor_diagonal,-20.83333333,46.13333333,0.857142857,1,1,0.888888889,0.875,1,0.7,0.636363636,0.636363636,0.7,0.875,1,0.875,0.875,1,1,1,1,0.666666667,1,0.777777778
ROS,ODRdistractor_cardinal,-20.8,46.16666667,0.9,1,0.888888889,1,0.8,1,1,1,0.8,0.888888889,1,1,0.888888889,0.888888889,1,0.8,0.8,1,0.727272727,0.727272727,1
ROS,ODRdistractor_cardinal,-20.76666667,46.2,0.905797101,1,0.866666667,0.923076923,0.866666667,1,0.928571429,1,0.8,1,1,1,1,0.923076923,0.684210526,0.923076923,0.75,1,0.857142857,0.928571429,0.857142857
ROS,ODRdistractor_diagonal,-20.63333333,46.33333333,0.795454545,0.8,1,0.5,0.5,1,0.8,0.75,0.5,0.5,1,1,1,1,1,1,0.8,1,0.75,1,1
ROS,ODRdistractor_diagonal,-20.63333333,46.33333333,0.678082192,0.833333333,0.714285714,0.555555556,1,1,0.625,0.555555556,0.137931034,0.625,0.833333333,1,1,0.714285714,1,1,1,1,0.833333333,0.833333333,1
ROS,ODRdistractor_cardinal,-20.6,46.36666667,0.813953488,1,0.75,1,1,1,1,1,0.25,0.75,1,1,0.75,0.8,1,0.8,1,0.8,1,1,0.8
ROS,ODRdistractor_cardinal,-20.6,46.36666667,0.89380531,1,1,1,0.714285714,0.833333333,1,0.833333333,0.833333333,0.714285714,1,1,1,0.714285714,1,1,1,0.714285714,0.833333333,1,1
ROS,ODRdistractor_diagonal,-20.56666667,46.4,0.769230769,0.363636364,0.666666667,0.666666667,0.615384615,1,0.8,0.8,0.8,0.666666667,1,0.8,1,1,0.8,0.8,0.888888889,1,0.727272727,1,0.888888889
ROS,ODRdistractor_cardinal,-20.53333333,46.43333333,0.799342105,0.923076923,0.866666667,0.75,0.705882353,0.75,0.8125,0.923076923,0.375,0.75,0.631578947,1,1,0.923076923,0.923076923,1,0.8,1,0.923076923,0.8,0.923076923
ROS,ODRdistractor_diagonal,-20.4,46.56666667,0.705882353,0.9,0.642857143,0.9,0.818181818,0.692307692,1,0.818181818,0.642857143,0.692307692,0.6,0.409090909,0.75,0.692307692,0.9,0.818181818,1,0.75,0.642857143,0.409090909,0.9
ROS,ODRdistractor_cardinal,-20.36666667,46.6,0.745341615,0.857142857,0.857142857,0.75,0.5,1,0.545454545,0.545454545,0.545454545,0.666666667,0.857142857,0.857142857,1,0.857142857,1,0.75,0.6,1,0.857142857,0.666666667,1
ROS,ODRdistractor_diagonal,-20.33333333,46.63333333,0.900900901,0.833333333,0.714285714,0.714285714,1,1,0.909090909,1,0.909090909,1,1,0.909090909,1,0.909090909,0.909090909,0.909090909,0.833333333,1,1,0.769230769,0.909090909
ROS,ODRdistractor_cardinal,-20.3,46.66666667,0.869565217,1,0.909090909,0.909090909,0.833333333,0.833333333,0.769230769,0.769230769,0.769230769,0.769230769,0.833333333,1,1,1,1,1,0.769230769,0.769230769,0.909090909,0.833333333,0.909090909
ROS,ODRdistractor_cardinal,-20.16666667,46.8,NaN,NaN,NaN,NaN,NaN,NaN,NaN,NaN,NaN,NaN,NaN,NaN,NaN,NaN,NaN,NaN,NaN,NaN,NaN,NaN,NaN
ROS,ODRdistractor_cardinal,-20.16666667,46.8,0.664383562,0.833333333,0.714285714,1,0.714285714,1,0.714285714,0.25,0.222222222,0.833333333,0.555555556,1,0.833333333,1,1,1,0.833333333,1,0.5,0.555555556,0.833333333
ROS,ODRdistractor_cardinal,-20.13333333,46.83333333,0.764890282,0.923076923,1,0.923076923,0.8,0.684210526,0.631578947,0.461538462,0.433333333,0.75,0.75,0.866666667,0.8,0.857142857,1,0.857142857,0.857142857,0.923076923,0.8,0.923076923,0.866666667
ROS,ODRdistractor_cardinal,-20.1,46.86666667,0.920152091,1,1,0.923076923,1,1,0.857142857,1,0.75,0.923076923,0.8,1,1,0.923076923,1,1,0.857142857,0.857142857,0.923076923,0.8,0.923076923
ROS,ODRdistractor_diagonal,-19.93333333,47.03333333,0.742331288,0.857142857,0.6,0.666666667,0.857142857,0.857142857,0.75,1,0.545454545,1,0.75,1,0.777777778,0.6,1,0.75,0.857142857,0.75,0.857142857,0.4,0.75
ROS,ODRdistractor_diagonal,-19.9,47.06666667,0.934579439,1,1,0.769230769,1,1,1,1,0.909090909,0.833333333,1,1,1,0.909090909,0.909090909,1,0.909090909,0.909090909,0.833333333,0.909090909,0.909090909
ROS,ODRdistractor_cardinal,-19.86666667,47.1,0.868085106,0.909090909,1,0.909090909,1,1,0.909090909,0.666666667,0.588235294,0.909090909,0.666666667,1,1,1,1,1,0.846153846,1,1,0.769230769,0.666666667
ROS,ODRdistractor_cardinal,-19.7,47.26666667,0.907894737,0.846153846,1,0.909090909,0.846153846,0.909090909,0.909090909,0.846153846,0.714285714,1,1,1,0.909090909,1,1,1,1,0.785714286,0.909090909,0.769230769,1
ROS,ODRdistractor_cardinal,-19.66666667,47.3,0.905405405,0.769230769,1,0.909090909,0.909090909,1,0.909090909,1,0.526315789,0.909090909,0.909090909,1,1,0.909090909,1,1,1,0.909090909,1,0.909090909,0.909090909
ROS,ODRdistractor_diagonal,-19.63333333,47.33333333,0.87012987,0.909090909,0.714285714,0.833333333,0.769230769,1,0.833333333,1,0.666666667,0.714285714,0.909090909,1,0.909090909,0.833333333,0.833333333,1,1,0.909090909,1,0.916666667,0.909090909
ROS,ODRdistractor_cardinal,-19.46666667,47.5,0.836820084,0.769230769,0.909090909,0.833333333,1,0.909090909,1,0.714285714,0.555555556,0.909090909,0.833333333,1,0.909090909,0.833333333,0.909090909,0.909090909,0.833333333,0.833333333,0.769230769,0.666666667,1
ROS,ODRdistractor_cardinal,-19,47.96666667,NaN,NaN,NaN,NaN,NaN,NaN,NaN,NaN,NaN,NaN,NaN,NaN,NaN,NaN,NaN,NaN,NaN,NaN,NaN,NaN,NaN
ROS,ODRdistractor_diagonal,-18.96666667,48,0.782101167,1,0.625,0.769230769,0.909090909,0.833333333,0.833333333,0.909090909,0.285714286,1,0.833333333,1,0.833333333,0.666666667,0.909090909,1,0.769230769,0.916666667,0.833333333,1,1
ROS,ODRdistractor_cardinal,-18.06666667,48.9,0.865800866,0.625,1,0.833333333,0.909090909,0.909090909,0.909090909,0.909090909,0.555555556,1,0.833333333,0.909090909,1,1,1,1,1,0.833333333,0.909090909,0.833333333,0.769230769
ROS,ODRdistractor_diagonal,-18,48.96666667,0.769230769,0.714285714,0.714285714,0.588235294,0.714285714,0.588235294,0.909090909,0.909090909,0.833333333,0.909090909,0.833333333,1,0.909090909,0.476190476,0.833333333,0.833333333,0.833333333,0.769230769,0.833333333,0.833333333,0.833333333
ROS,ODRdistractor_cardinal,-17.96666667,49,0.761904762,1,1,0.888888889,0.727272727,0.666666667,0.727272727,0.615384615,0.4,0.666666667,0.888888889,0.888888889,1,1,1,0.888888889,0.666666667,0.666666667,0.727272727,0.666666667,1
ROS,ODRdistractor_cardinal,-17.56666667,49.4,0.814479638,1,1,1,0.9,1,0.75,0.818181818,0.428571429,0.9,0.75,0.75,0.9,0.818181818,1,0.75,0.75,0.75,0.75,1,0.9
ROS,ODRdistractor_cardinal,-17.53333333,49.43333333,0.882845188,0.909090909,0.769230769,1,0.916666667,1,0.909090909,1,0.916666667,0.846153846,0.916666667,0.909090909,0.909090909,0.846153846,0.909090909,0.785714286,0.666666667,0.909090909,0.909090909,0.846153846,0.916666667
ROS,ODRdistractor_diagonal,-17.5,49.46666667,0.823770492,1,1,1,1,1,0.357142857,1,1,0.714285714,0.833333333,1,0.909090909,0.416666667,0.909090909,0.909090909,1,0.909090909,0.909090909,1,1
ROS,ODRdistractor_cardinal,-13.86666667,53.1,0.884955752,0.909090909,1,0.769230769,1,0.909090909,1,1,0.833333333,1,1,0.909090909,1,0.666666667,0.833333333,0.769230769,0.909090909,0.714285714,0.769230769,1,1
ROS,ODRdistractor_diagonal,-13.83333333,53.13333333,0.733870968,0.642857143,0.692307692,0.6,0.692307692,0.642857143,0.769230769,0.473684211,0.692307692,0.529411765,0.75,0.9,0.9,0.818181818,1,0.9,0.692307692,0.9,0.909090909,0.9,0.818181818
ROS,ODRdistractor_diagonal,-13.66666667,53.3,0.858638743,0.888888889,1,0.615384615,0.8,0.8,0.888888889,0.75,0.888888889,0.888888889,1,1,1,0.9,0.9,0.888888889,1,0.666666667,1,0.888888889,0.727272727
ROS,ODRdistractor_cardinal,-13.63333333,53.33333333,0.809045226,0.888888889,0.571428571,0.888888889,1,1,0.571428571,0.615384615,0.615384615,1,0.8,1,1,0.888888889,0.888888889,0.888888889,0.615384615,0.888888889,0.9,0.8,1
ROS,ODRdistractor_diagonal,-13.6,53.36666667,0.689655172,1,0.466666667,0.35,0.7,0.333333333,0.875,0.583333333,0.875,0.583333333,0.5,1,1,1,0.875,1,1,0.875,0.777777778,0.875,0.875
ROS,ODRdistractor_cardinal,-13.56666667,53.4,0.934579439,0.909090909,1,0.909090909,1,1,0.909090909,0.833333333,0.909090909,0.833333333,1,1,1,1,1,1,0.909090909,0.833333333,0.909090909,0.833333333,1
ROS,ODRdistractor_diagonal,-13.53333333,53.43333333,0.930232558,1,1,0.909090909,0.909090909,1,0.909090909,0.833333333,0.909090909,0.909090909,1,1,1,1,1,0.909090909,0.909090909,1,0.714285714,0.909090909,0.909090909
ROS,ODRdistractor_diagonal,-13.4,53.56666667,0.569395018,0.285714286,0.333333333,0.173913043,0.380952381,0.222222222,0.888888889,1,1,1,1,1,1,1,1,1,0.888888889,1,0.8,0.888888889,0.888888889
ROS,ODRdistractor_cardinal,-13.36666667,53.6,0.941176471,0.8,1,1,0.8,0.888888889,1,1,1,1,1,0.888888889,0.8,1,1,1,1,0.888888889,0.888888889,1,1
ROS,ODRdistractor_diagonal,-13.33333333,53.63333333,0.939597315,0.7,1,1,1,0.875,1,1,1,1,1,1,0.875,1,1,1,0.875,1,0.875,0.875,0.875
ROS,ODRdistractor_diagonal,-13.06666667,53.9,0.9375,1,1,1,0.818181818,0.9,1,1,1,1,1,1,1,1,1,1,0.9,0.818181818,0.75,1,0.75
ROS,ODRdistractor_diagonal,-13.03333333,53.93333333,0.806451613,0.857142857,0.777777778,0.857142857,0.857142857,0.428571429,1,1,1,1,1,0.777777778,0.666666667,0.7,1,1,1,0.857142857,0.6,1,0.6
ROS,ODRdistractor_cardinal,-13,53.96666667,0.918918919,0.8,0.888888889,0.9,0.8,0.888888889,1,1,1,1,1,1,1,1,1,1,0.9,0.8,0.818181818,0.75,1
ROS,ODRdistractor_diagonal,-12.96666667,54,0.891719745,1,1,1,1,1,0.5,1,1,0.636363636,0.875,1,1,0.875,1,0.875,0.875,0.875,1,1,0.875
ROS,ODRdistractor_diagonal,-12.93333333,54.03333333,0.820512821,1,0.888888889,0.888888889,1,1,0.533333333,0.888888889,0.727272727,0.5,0.615384615,1,1,1,1,0.888888889,0.727272727,0.8,0.8,0.888888889,1
ROS,ODRdistractor_cardinal,-12.9,54.06666667,0.94488189,1,1,1,0.857142857,1,0.857142857,1,1,1,0.857142857,1,1,1,0.857142857,1,1,1,1,0.75,0.857142857
ROS,ODRdistractor_cardinal,-9.2,57.76666667,0.765957447,0.642857143,0.818181818,0.75,0.473684211,0.428571429,0.9,0.9,1,1,0.75,1,1,0.9,1,1,0.692307692,0.692307692,0.75,0.642857143,0.9
ROS,ODRdistractor_diagonal,-9.166666667,57.8,0.7960199,0.666666667,0.470588235,0.666666667,0.888888889,1,1,1,0.888888889,0.727272727,0.8,1,0.888888889,0.727272727,0.888888889,0.888888889,0.888888889,0.888888889,0.727272727,0.666666667,0.8
ROS,ODRdistractor_cardinal,-9.133333333,57.83333333,0.72,0.9,0.692307692,0.9,1,0.75,0.642857143,0.6,0.75,0.642857143,0.692307692,1,0.9,1,1,1,0.642857143,0.45,0.642857143,0.529411765,0.529411765
ROS,ODRdistractor_cardinal,-9.1,57.86666667,0.632411067,0.470588235,0.888888889,0.8,0.5,0.333333333,0.888888889,0.8,0.666666667,0.888888889,1,1,1,1,1,1,0.380952381,0.5,0.533333333,0.421052632,0.444444444
ROS,ODRdistractor_diagonal,-8.966666667,58,0.903225806,1,0.9,0.888888889,1,1,0.888888889,1,1,0.9,0.9,0.9,1,1,1,1,0.666666667,0.9,0.818181818,0.8,0.727272727
ROS,ODRdistractor_cardinal,-8.933333333,58.03333333,0.980295567,1,1,1,1,1,1,1,1,1,1,1,1,1,0.909090909,1,0.909090909,0.818181818,1,1,1
ROS,ODRdistractor_diagonal,-8.9,58.06666667,0.947867299,1,1,1,1,1,0.909090909,0.909090909,0.909090909,1,0.909090909,1,1,1,1,1,0.909090909,0.833333333,1,0.833333333,0.833333333
ROS,ODRdistractor_diagonal,-8.866666667,58.1,0.934108527,1,0.923076923,0.857142857,0.857142857,0.857142857,1,1,1,1,1,1,1,1,1,1,0.857142857,0.857142857,0.8,0.923076923,0.857142857
ROS,ODRdistractor_diagonal,-8.733333333,58.23333333,0.941176471,1,0.888888889,0.888888889,0.888888889,1,1,1,1,1,1,1,1,1,1,1,0.888888889,1,0.888888889,0.727272727,0.8
ROS,ODRdistractor_cardinal,-8.7,58.26666667,0.846560847,1,0.888888889,0.8,0.8,0.8,0.888888889,0.888888889,0.533333333,0.888888889,0.727272727,1,1,1,1,1,0.727272727,0.8,0.888888889,0.8,0.888888889
ROS,ODRdistractor_diagonal,-8.666666667,58.3,0.895027624,0.888888889,0.727272727,1,0.8,0.727272727,0.888888889,1,1,1,0.888888889,1,1,1,1,1,0.888888889,0.727272727,0.8,1,0.8
ROS,ODRdistractor_cardinal,-8.633333333,58.33333333,0.759493671,0.75,0.6,0.6,1,0.545454545,1,0.75,0.428571429,0.75,0.75,1,1,1,1,1,0.666666667,0.75,0.75,0.75,1
ROS,ODRdistractor_diagonal,-8.5,58.46666667,0.805194805,1,0.6,1,0.75,0.6,0.75,1,0.75,0.5,0.6,1,1,1,1,1,0.75,1,0.75,1,0.8
ROS,ODRdistractor_cardinal,-8.466666667,58.5,0.838323353,0.875,0.875,0.777777778,0.583333333,0.777777778,0.777777778,0.777777778,1,0.875,0.875,1,0.875,1,0.875,0.875,1,1,0.875,0.777777778,0.636363636
ROS,ODRdistractor_diagonal,-8.433333333,58.53333333,0.901734104,1,1,1,0.888888889,1,0.875,0.8,1,1,0.727272727,1,0.888888889,0.888888889,1,1,0.888888889,1,0.875,0.8,0.666666667
ROS,ODRdistractor_diagonal,-8.266666667,58.7,0.820512821,0.571428571,0.8,0.888888889,1,0.615384615,0.888888889,0.888888889,0.888888889,1,1,0.888888889,0.8,0.8,0.888888889,0.8,0.8,1,0.8,0.571428571,1
ROS,ODRdistractor_cardinal,-8.233333333,58.73333333,0.913705584,1,1,1,1,0.9,1,0.692307692,0.75,0.9,0.9,1,1,1,1,1,0.818181818,0.9,0.75,1,0.9
ROS,ODRdistractor_diagonal,-8.033333333,58.93333333,0.909090909,1,0.777777778,0.666666667,0.777777778,0.8,1,1,1,0.888888889,0.8,0.875,1,1,1,1,0.888888889,1,1,1,1
ROS,ODRdistractor_diagonal,-8,58.96666667,0.946745562,1,1,1,1,0.888888889,0.888888889,0.888888889,1,0.666666667,1,1,1,0.888888889,1,1,1,1,1,1,0.888888889
ROS,ODRdistractor_diagonal,-7.966666667,59,0.947867299,1,1,0.909090909,0.909090909,1,0.833333333,1,1,0.909090909,1,1,1,0.909090909,1,1,1,0.833333333,1,0.833333333,0.909090909
ROS,ODRdistractor_cardinal,-7.933333333,59.03333333,0.970873786,1,0.909090909,1,1,1,1,0.909090909,1,1,1,0.909090909,1,1,1,1,0.909090909,1,1,0.833333333,1
ROS,ODRdistractor_diagonal,-7.8,59.16666667,0.875,1,0.777777778,0.411764706,0.875,1,1,1,1,1,1,1,1,1,0.875,1,1,0.875,0.7,0.777777778,1
ROS,ODRdistractor_diagonal,-7.766666667,59.2,0.9375,1,1,0.75,0.9,1,1,0.9,1,1,1,0.9,1,1,1,1,1,0.818181818,0.9,0.818181818,0.9
ROS,ODRdistractor_cardinal,-7.733333333,59.23333333,0.943181818,0.888888889,1,0.8,0.9,1,1,0.888888889,1,1,1,1,1,1,1,1,1,0.8,0.9,0.8,1
ROS,ODRdistractor_cardinal,-3.366666667,63.6,0.483091787,0.25,0.3125,1,0.5,0.3125,0.357142857,0.5,0.357142857,0.454545455,0.555555556,1,0.714285714,0.833333333,1,0.714285714,0.625,0.555555556,0.3125,0.714285714,0.416666667
ROS,ODRdistractor_diagonal,-3.333333333,63.63333333,0.722891566,0.545454545,0.666666667,0.6,0.6,0.666666667,0.75,0.545454545,1,0.75,1,1,1,1,1,1,0.6,0.6,0.75,0.666666667,0.545454545
ROS,ODRdistractor_diagonal,-3.3,63.66666667,0.896860987,0.909090909,0.833333333,0.833333333,1,0.909090909,0.769230769,0.833333333,1,0.833333333,0.833333333,0.909090909,0.909090909,0.909090909,1,1,0.909090909,1,0.833333333,0.909090909,0.909090909
ROS,ODRdistractor_cardinal,-3.266666667,63.7,0.947867299,1,0.909090909,0.909090909,1,1,1,0.833333333,0.833333333,1,0.909090909,1,1,1,0.909090909,0.909090909,1,1,1,0.833333333,1
ROS,ODRdistractor_diagonal,-3.133333333,63.83333333,0.9,1,0.75,0.9,1,0.9,0.692307692,0.9,1,0.9,0.818181818,1,1,1,1,0.9,0.818181818,0.9,0.9,1,0.818181818
ROS,ODRdistractor_cardinal,-3.1,63.86666667,0.952380952,1,0.833333333,0.909090909,1,0.833333333,1,1,1,0.769230769,1,1,1,1,1,1,1,1,1,0.833333333,1
ROS,ODRdistractor_cardinal,-3.033333333,63.93333333,0.952380952,0.909090909,1,0.833333333,0.909090909,0.909090909,0.909090909,1,1,1,1,1,1,1,1,1,1,1,0.833333333,0.909090909,0.909090909
ROS,ODRdistractor_cardinal,-2.9,64.06666667,0.935185185,1,1,0.916666667,0.909090909,1,1,0.909090909,0.833333333,0.833333333,0.909090909,1,1,1,1,0.916666667,0.909090909,0.909090909,0.833333333,0.909090909,1
ROS,ODRdistractor_cardinal,-2.866666667,64.1,0.961538462,1,1,1,0.833333333,1,1,0.909090909,1,1,0.909090909,1,1,1,1,1,0.909090909,1,0.909090909,0.909090909,0.909090909
ROS,ODRdistractor_diagonal,-2.833333333,64.13333333,0.980392157,1,1,1,1,1,0.909090909,0.909090909,1,1,1,1,0.909090909,1,1,1,1,1,1,1,0.909090909
ROS,ODRdistractor_cardinal,-2.8,64.16666667,0.94488189,1,1,1,1,1,1,1,1,0.857142857,0.75,1,1,1,1,1,0.857142857,1,0.857142857,1,0.75
ROS,ODRdistractor_diagonal,-2.666666667,64.3,0.784482759,0.818181818,0.692307692,0.75,1,0.75,0.5625,0.692307692,0.909090909,0.642857143,0.6,1,1,0.9,1,1,0.818181818,0.692307692,0.692307692,0.818181818,0.818181818
ROS,ODRdistractor_cardinal,-2.633333333,64.33333333,0.925925926,0.909090909,1,0.769230769,1,1,0.833333333,0.909090909,0.909090909,0.909090909,0.909090909,0.909090909,0.909090909,1,0.909090909,1,1,0.909090909,1,1,0.833333333
ROS,ODRdistractor_cardinal,-2.6,64.36666667,0.980392157,0.833333333,1,1,0.909090909,1,1,1,0.909090909,1,1,1,1,1,1,1,1,1,1,1,1
ROS,ODRdistractor_cardinal,-2.566666667,64.4,0.97752809,0.9,0.9,0.9,1,1,1,1,1,1,1,1,1,0.888888889,1,1,1,1,1,1,1
ROS,ODRdistractor_diagonal,1.066666667,68.03333333,0.979020979,1,1,1,1,1,1,1,1,1,1,0.875,1,0.875,1,1,0.875,1,1,1,1
ROS,ODRdistractor_cardinal,1.1,68.06666667,0.985781991,1,1,1,0.909090909,1,1,1,1,1,1,1,1,1,1,1,1,0.909090909,1,1,0.916666667
ROS,ODRdistractor_diagonal,1.133333333,68.1,0.964497041,1,1,1,0.8,1,1,1,1,1,1,1,1,0.888888889,0.888888889,0.888888889,1,1,1,0.888888889,1
ROS,ODRdistractor_cardinal,1.166666667,68.13333333,0.962962963,1,1,1,1,0.9,1,1,1,1,0.818181818,1,1,1,1,0.9,1,0.9,0.9,1,0.9
ROS,ODRdistractor_cardinal,1.3,68.26666667,0.940789474,0.875,0.875,1,1,0.875,0.888888889,0.875,1,1,1,0.875,1,1,1,1,0.875,0.875,1,1,0.888888889
ROS,ODRdistractor_diagonal,1.333333333,68.3,0.911111111,0.888888889,1,1,0.888888889,1,0.727272727,0.888888889,1,0.888888889,0.666666667,1,1,1,1,1,0.888888889,0.818181818,0.8,1,1
ROS,ODRdistractor_cardinal,1.366666667,68.33333333,0.954285714,0.9,0.8,1,1,0.888888889,1,1,1,0.888888889,1,1,1,1,0.888888889,0.888888889,1,1,1,0.888888889,1
ROS,ODRdistractor_diagonal,1.4,68.36666667,0.987096774,1,0.8,1,1,1,1,1,1,1,1,1,1,1,1,1,1,1,1,1,1
ROS,ODRdistractor_diagonal,1.533333333,68.5,0.857142857,0.857142857,0.857142857,1,1,0.857142857,0.6,0.6,1,1,0.545454545,1,1,1,1,1,0.857142857,0.857142857,1,1,0.75
ROS,ODRdistractor_cardinal,1.566666667,68.53333333,0.985915493,1,1,1,1,1,1,1,1,1,0.875,1,1,1,1,1,1,0.875,1,1,1
ROS,ODRdistractor_cardinal,13.2,80.16666667,NaN,NaN,NaN,NaN,NaN,NaN,NaN,NaN,NaN,NaN,NaN,NaN,NaN,NaN,NaN,NaN,NaN,NaN,NaN,NaN,NaN
ROS,ODRdistractor_cardinal,13.23333333,80.2,NaN,NaN,NaN,NaN,NaN,NaN,NaN,NaN,NaN,NaN,NaN,NaN,NaN,NaN,NaN,NaN,NaN,NaN,NaN,NaN,NaN
ROS,ODRdistractor_cardinal,13.26666667,80.23333333,NaN,NaN,NaN,NaN,NaN,NaN,NaN,NaN,NaN,NaN,NaN,NaN,NaN,NaN,NaN,NaN,NaN,NaN,NaN,NaN,NaN
ROS,ODRdistractor_cardinal,13.3,80.26666667,NaN,NaN,NaN,NaN,NaN,NaN,NaN,NaN,NaN,NaN,NaN,NaN,NaN,NaN,NaN,NaN,NaN,NaN,NaN,NaN,NaN
ROS,ODRdistractor_diagonal,13.4,80.36666667,NaN,NaN,NaN,NaN,NaN,NaN,NaN,NaN,NaN,NaN,NaN,NaN,NaN,NaN,NaN,NaN,NaN,NaN,NaN,NaN,NaN
ROS,ODRdistractor_cardinal,13.46666667,80.43333333,NaN,NaN,NaN,NaN,NaN,NaN,NaN,NaN,NaN,NaN,NaN,NaN,NaN,NaN,NaN,NaN,NaN,NaN,NaN,NaN,NaN
ROS,ODRdistractor_cardinal,13.5,80.46666667,NaN,NaN,NaN,NaN,NaN,NaN,NaN,NaN,NaN,NaN,NaN,NaN,NaN,NaN,NaN,NaN,NaN,NaN,NaN,NaN,NaN
ROS,ODRdistractor_cardinal,13.53333333,80.5,NaN,NaN,NaN,NaN,NaN,NaN,NaN,NaN,NaN,NaN,NaN,NaN,NaN,NaN,NaN,NaN,NaN,NaN,NaN,NaN,NaN
ROS,ODRdistractor_cardinal,13.66666667,80.63333333,NaN,NaN,NaN,NaN,NaN,NaN,NaN,NaN,NaN,NaN,NaN,NaN,NaN,NaN,NaN,NaN,NaN,NaN,NaN,NaN,NaN
ROS,ODRdistractor_cardinal,13.7,80.66666667,NaN,NaN,NaN,NaN,NaN,NaN,NaN,NaN,NaN,NaN,NaN,NaN,NaN,NaN,NaN,NaN,NaN,NaN,NaN,NaN,NaN
ROS,ODRdistractor_cardinal,13.73333333,80.7,NaN,NaN,NaN,NaN,NaN,NaN,NaN,NaN,NaN,NaN,NaN,NaN,NaN,NaN,NaN,NaN,NaN,NaN,NaN,NaN,NaN
ROS,ODRdistractor_cardinal,13.76666667,80.73333333,NaN,NaN,NaN,NaN,NaN,NaN,NaN,NaN,NaN,NaN,NaN,NaN,NaN,NaN,NaN,NaN,NaN,NaN,NaN,NaN,NaN
ROS,ODRdistractor_cardinal,13.86666667,80.83333333,NaN,NaN,NaN,NaN,NaN,NaN,NaN,NaN,NaN,NaN,NaN,NaN,NaN,NaN,NaN,NaN,NaN,NaN,NaN,NaN,NaN
ROS,ODRdistractor_diagonal,13.9,80.86666667,NaN,NaN,NaN,NaN,NaN,NaN,NaN,NaN,NaN,NaN,NaN,NaN,NaN,NaN,NaN,NaN,NaN,NaN,NaN,NaN,NaN
ROS,ODRdistractor_cardinal,13.93333333,80.9,NaN,NaN,NaN,NaN,NaN,NaN,NaN,NaN,NaN,NaN,NaN,NaN,NaN,NaN,NaN,NaN,NaN,NaN,NaN,NaN,NaN
ROS,ODRdistractor_cardinal,13.96666667,80.93333333,NaN,NaN,NaN,NaN,NaN,NaN,NaN,NaN,NaN,NaN,NaN,NaN,NaN,NaN,NaN,NaN,NaN,NaN,NaN,NaN,NaN
ROS,ODRdistractor_cardinal,14,80.96666667,NaN,NaN,NaN,NaN,NaN,NaN,NaN,NaN,NaN,NaN,NaN,NaN,NaN,NaN,NaN,NaN,NaN,NaN,NaN,NaN,NaN
UNI,ODRdistractor_diagonal,-6,39.2,0.701680672,0.888888889,0.666666667,1,0.888888889,0.692307692,0.818181818,0.727272727,0.4,0.9,0.9,1,1,0.266666667,1,1,0.888888889,0.727272727,0.666666667,0.444444444,0.8
UNI,ODRdistractor_diagonal,-5.966666667,39.23333333,0.652027027,0.642857143,0.75,0.642857143,1,0.692307692,0.909090909,0.476190476,0.310344828,1,1,1,0.909090909,0.526315789,0.833333333,1,0.625,0.434782609,0.6,0.454545455,0.642857143
UNI,ODRdistractor_diagonal,-5.933333333,39.26666667,0.860759494,0.733333333,0.714285714,0.769230769,0.555555556,0.714285714,1,0.909090909,0.909090909,1,1,1,0.909090909,0.909090909,1,1,0.833333333,0.833333333,0.909090909,0.909090909,1
UNI,ODRdistractor_diagonal,-5.8,39.4,0.763975155,0.666666667,0.857142857,1,0.75,0.75,0.857142857,0.375,0.461538462,1,0.875,1,1,0.6,0.666666667,1,1,0.857142857,0.7,1,1
UNI,ODRdistractor_diagonal,-5.766666667,39.43333333,NaN,NaN,NaN,NaN,NaN,NaN,NaN,NaN,NaN,NaN,NaN,NaN,NaN,NaN,NaN,NaN,NaN,NaN,NaN,NaN,NaN
UNI,ODRdistractor_diagonal,-5.766666667,39.43333333,NaN,NaN,NaN,NaN,NaN,NaN,NaN,NaN,NaN,NaN,NaN,NaN,NaN,NaN,NaN,NaN,NaN,NaN,NaN,NaN,NaN
UNI,ODRdistractor_cardinal,-5.7,39.5,0.755102041,1,1,0.25,1,1,1,1,0.25,1,1,0.666666667,1,1,1,1,0.4,1,0.5,1,1
UNI,ODRdistractor_cardinal,-5.7,39.5,NaN,NaN,NaN,NaN,NaN,NaN,NaN,NaN,NaN,NaN,NaN,NaN,NaN,NaN,NaN,NaN,NaN,NaN,NaN,NaN,NaN
UNI,ODRdistractor_diagonal,-5.533333333,39.66666667,0.720588235,1,1,0.714285714,0.714285714,0.833333333,0.833333333,0.5,0.714285714,0.833333333,0.714285714,0.571428571,0.833333333,0.454545455,0.833333333,0.833333333,1,0.625,0.833333333,0.5,0.714285714
UNI,ODRdistractor_cardinal,-5.5,39.7,0.743961353,0.888888889,1,1,1,0.888888889,0.666666667,0.615384615,0.8,0.615384615,0.466666667,1,1,0.307692308,1,1,1,0.583333333,0.777777778,0.888888889,0.888888889
UNI,ODRdistractor_diagonal,-5.466666667,39.73333333,0.786786787,1,0.928571429,1,1,0.875,0.764705882,0.393939394,0.565217391,0.8125,1,0.722222222,0.866666667,0.52,0.928571429,0.928571429,0.866666667,0.8125,0.722222222,1,1
UNI,ODRdistractor_diagonal,-5.333333333,39.86666667,0.833333333,0.916666667,0.733333333,0.833333333,0.909090909,1,0.916666667,0.846153846,0.785714286,0.916666667,0.916666667,1,0.916666667,0.611111111,0.909090909,0.909090909,0.916666667,0.846153846,0.647058824,0.769230769,0.6875
UNI,ODRdistractor_diagonal,-5.3,39.9,0.901234568,0.875,1,1,0.888888889,1,1,0.7,0.875,1,0.875,1,1,0.727272727,1,0.777777778,0.888888889,1,0.875,1,0.777777778
UNI,ODRdistractor_diagonal,-5.3,39.9,0.825,1,1,1,1,1,0.75,0.75,0.6,1,1,1,0.75,0.75,0.75,0.8,0.75,1,0.5,1,0.6
UNI,ODRdistractor_diagonal,-5.266666667,39.93333333,0.845410628,0.888888889,0.6,0.818181818,1,0.75,0.818181818,1,0.615384615,1,0.9,0.9,1,0.692307692,1,0.9,1,0.888888889,0.818181818,0.8,0.9
UNI,ODRdistractor_cardinal,-5.233333333,39.96666667,0.48852459,1,0.888888889,0.727272727,0.8,1,0.7,0.7,0.666666667,1,1,0.173913043,0.175,0.122807018,1,0.5,0.666666667,0.875,0.777777778,0.636363636,0.888888889
UNI,ODRdistractor_diagonal,-5.133333333,40.06666667,0.83908046,0.785714286,0.785714286,0.916666667,0.647058824,0.6875,1,0.846153846,0.909090909,1,1,1,1,0.6875,0.733333333,1,0.846153846,0.846153846,0.916666667,0.6875,0.846153846
UNI,ODRdistractor_diagonal,-5.066666667,40.13333333,0.888888889,1,0.909090909,1,0.833333333,1,1,1,0.909090909,1,1,1,0.909090909,0.625,0.909090909,0.909090909,0.666666667,0.909090909,0.769230769,0.909090909,0.833333333
UNI,ODRdistractor_cardinal,-5.033333333,40.16666667,0.678431373,1,0.888888889,0.615384615,1,1,0.818181818,0.818181818,0.571428571,0.615384615,0.75,0.642857143,0.818181818,0.181818182,0.9,1,0.818181818,0.666666667,0.642857143,0.818181818,0.9
UNI,ODRdistractor_diagonal,-4.866666667,40.33333333,0.964912281,1,1,0.857142857,0.857142857,1,1,1,1,1,1,1,1,1,1,1,0.75,1,1,1,1
UNI,ODRdistractor_cardinal,-4.833333333,40.36666667,0.586666667,1,0.75,0.9,0.9,0.9,0.391304348,0.470588235,0.347826087,0.45,0.6,0.9,0.9,0.148148148,0.9,0.818181818,0.692307692,0.727272727,0.692307692,0.9,1
UNI,ODRdistractor_cardinal,-4.8,40.4,0.604347826,1,0.875,0.7,1,1,0.583333333,0.7,0.304347826,0.875,0.636363636,0.7,0.777777778,0.105263158,1,1,1,1,0.875,0.875,1
UNI,ODRdistractor_cardinal,-4.766666667,40.43333333,0.487654321,0.8,1,0.8,1,1,0.259259259,0.152173913,0.195121951,0.444444444,0.380952381,0.8,0.888888889,0.173913043,1,1,0.888888889,0.888888889,1,0.727272727,0.888888889
UNI,ODRdistractor_cardinal,-4.633333333,40.56666667,0.569852941,0.888888889,0.888888889,0.8,1,0.888888889,0.225806452,0.296296296,0.2,0.777777778,0.411764706,0.571428571,0.875,0.275862069,1,1,0.888888889,1,1,1,1
UNI,ODRdistractor_cardinal,-4.6,40.6,0.401015228,0.8,1,0.8,1,0.8,0.148148148,0.25,0.8,0.8,0.19047619,1,0.571428571,0.050847458,1,1,1,1,0.666666667,1,1
UNI,ODRdistractor_diagonal,-4.533333333,40.66666667,0.825,0.8,0.8,0.888888889,0.8,1,1,0.9,0.8,1,1,0.5625,0.888888889,0.8,0.615384615,0.9,0.8,1,0.888888889,0.9,0.615384615
UNI,ODRdistractor_cardinal,-0.4,44.8,0.673758865,1,0.714285714,0.625,0.833333333,0.833333333,0.625,0.625,0.454545455,0.666666667,0.555555556,1,1,0.833333333,1,1,0.416666667,0.444444444,0.555555556,1,0.555555556
UNI,ODRdistractor_diagonal,-0.366666667,44.83333333,0.738853503,1,1,1,0.857142857,0.857142857,1,1,1,1,0.833333333,1,1,1,0.857142857,1,0.5,0.272727273,0.375,0.555555556,0.75
UNI,ODRdistractor_cardinal,-0.2,45,0.644628099,1,0.888888889,0.5,0.888888889,0.888888889,0.636363636,0.8,0.727272727,1,0.8,1,1,0.8,1,0.888888889,0.363636364,0.2,0.380952381,0.666666667,0.727272727
UNI,ODRdistractor_diagonal,-0.166666667,45.03333333,0.737327189,0.8,0.615384615,1,0.666666667,0.888888889,1,1,0.8,1,0.888888889,1,0.888888889,0.5,0.8,0.888888889,0.666666667,0.615384615,0.4,0.615384615,0.666666667
UNI,ODRdistractor_cardinal,-0.133333333,45.06666667,0.757142857,0.909090909,1,0.785714286,0.916666667,0.916666667,0.785714286,0.733333333,0.523809524,0.909090909,0.909090909,1,1,0.666666667,1,0.916666667,0.526315789,0.407407407,0.6875,0.647058824,0.909090909
UNI,ODRdistractor_diagonal,-0.1,45.1,0.806451613,0.714285714,0.769230769,0.909090909,0.5,0.769230769,0.909090909,0.769230769,0.454545455,0.909090909,0.909090909,1,1,0.833333333,0.909090909,1,1,0.833333333,0.909090909,1,0.769230769
UNI,ODRdistractor_cardinal,0.266666667,45.46666667,0.775193798,1,1,1,1,0.833333333,1,0.416666667,0.416666667,0.833333333,0.833333333,0.833333333,1,0.454545455,0.833333333,1,1,0.555555556,1,1,1
UNI,ODRdistractor_cardinal,0.3,45.5,0.8,0.75,1,0.75,0.875,0.875,0.666666667,0.5,0.461538462,1,0.6,1,1,0.75,1,1,0.666666667,1,1,1,1
UNI,ODRdistractor_diagonal,0.333333333,45.53333333,0.909090909,0.777777778,0.777777778,1,1,1,1,0.777777778,0.875,1,1,1,1,1,1,1,0.875,0.875,0.777777778,1,0.7
UNI,ODRdistractor_cardinal,0.366666667,45.56666667,0.837078652,0.7,0.875,0.875,0.875,0.888888889,0.888888889,0.7,0.727272727,0.875,0.777777778,1,1,1,1,1,0.8,0.7,0.727272727,0.8,0.777777778
UNI,ODRdistractor_diagonal,0.5,45.7,0.804469274,0.8,0.615384615,0.7,0.5,0.777777778,0.875,1,0.875,1,1,0.875,0.875,0.875,1,0.727272727,1,1,0.777777778,0.583333333,0.875
UNI,ODRdistractor_cardinal,0.533333333,45.73333333,0.784172662,0.714285714,1,0.857142857,0.833333333,1,0.75,0.555555556,0.545454545,0.555555556,0.555555556,1,1,1,1,1,1,0.625,0.857142857,0.714285714,0.833333333
UNI,ODRdistractor_diagonal,0.566666667,45.76666667,0.888888889,1,1,0.833333333,1,1,1,1,0.545454545,1,0.75,0.833333333,1,0.857142857,1,0.833333333,1,1,0.625,1,1
UNI,ODRdistractor_cardinal,0.6,45.8,0.9,0.9,1,1,1,1,0.818181818,1,0.9,0.9,0.818181818,1,1,0.75,0.9,1,0.818181818,0.818181818,0.9,0.75,0.9
UNI,ODRdistractor_cardinal,4.933333333,50.13333333,0.893854749,1,0.888888889,0.888888889,0.888888889,0.888888889,0.727272727,0.888888889,1,0.888888889,1,1,1,1,1,1,0.727272727,0.727272727,0.8,1,0.8
UNI,ODRdistractor_cardinal,4.966666667,50.16666667,0.844827586,0.833333333,0.833333333,0.833333333,0.833333333,0.833333333,0.833333333,0.5,1,0.833333333,1,1,1,1,1,1,0.666666667,0.714285714,1,1,0.625
UNI,ODRdistractor_diagonal,5,50.2,0.964102564,1,1,0.9,1,1,1,0.9,0.9,1,1,1,1,1,0.909090909,1,0.9,1,0.9,0.909090909,1
UNI,ODRdistractor_diagonal,5.166666667,50.36666667,0.830645161,0.833333333,0.625,0.714285714,1,0.833333333,1,0.833333333,0.714285714,1,1,1,1,1,1,0.833333333,0.833333333,0.714285714,0.454545455,1,0.833333333
UNI,ODRdistractor_diagonal,5.2,50.4,0.921052632,1,0.777777778,1,1,0.875,0.777777778,1,1,1,0.875,0.875,1,0.777777778,0.875,0.875,1,1,1,1,0.875
UNI,ODRdistractor_diagonal,5.233333333,50.43333333,0.974193548,0.875,1,1,1,1,1,0.875,1,0.888888889,1,1,1,1,1,1,1,1,1,0.888888889,1
UNI,ODRdistractor_diagonal,5.266666667,50.46666667,0.937269373,1,0.928571429,0.928571429,1,1,1,0.857142857,0.764705882,1,0.928571429,0.866666667,1,1,1,1,0.866666667,0.928571429,0.857142857,1,0.928571429
UNI,ODRdistractor_cardinal,5.4,50.6,0.903225806,0.875,1,0.875,0.875,0.875,0.777777778,0.875,1,1,0.875,0.875,1,0.7,1,1,1,0.875,0.875,1,0.875
UNI,ODRdistractor_diagonal,5.433333333,50.63333333,0.941176471,1,1,1,1,1,1,0.727272727,0.8,1,1,1,1,0.888888889,1,1,0.8,0.888888889,0.888888889,1,1
UNI,ODRdistractor_diagonal,5.466666667,50.66666667,0.953608247,1,1,1,1,1,1,0.75,0.9,0.909090909,1,1,1,1,1,0.909090909,0.833333333,0.9,1,1,1
UNI,ODRdistractor_diagonal,5.5,50.7,0.980392157,1,1,1,1,1,1,0.909090909,1,1,1,1,1,0.909090909,0.833333333,1,1,1,1,1,1
UNI,ODRdistractor_cardinal,5.633333333,50.83333333,0.96,1,1,1,0.888888889,1,0.8,1,0.888888889,1,1,1,0.818181818,1,1,1,1,0.888888889,1,1,1
UNI,ODRdistractor_diagonal,5.666666667,50.86666667,0.939597315,1,1,1,0.777777778,1,1,1,0.875,1,1,0.777777778,1,0.777777778,1,1,1,1,1,1,0.777777778
UNI,ODRdistractor_diagonal,5.7,50.9,0.95890411,1,1,1,1,1,0.777777778,0.875,1,1,1,1,1,1,1,1,1,1,0.875,0.777777778,1
UNI,ODRdistractor_diagonal,5.733333333,50.93333333,0.943502825,1,0.8,1,1,1,0.75,0.9,0.888888889,1,0.888888889,0.888888889,1,1,1,1,1,1,1,0.888888889,1
UNI,ODRdistractor_diagonal,10.56666667,55.76666667,0.890243902,1,1,0.888888889,0.7,0.888888889,1,0.875,1,0.875,1,0.777777778,0.875,0.7,1,1,0.777777778,0.777777778,1,1,0.875
UNI,ODRdistractor_cardinal,10.6,55.8,0.875,1,0.875,0.875,0.636363636,1,0.777777778,0.875,0.7,0.875,1,1,1,1,1,1,1,0.7,0.777777778,1,0.777777778
UNI,ODRdistractor_cardinal,10.63333333,55.83333333,0.87431694,0.888888889,1,1,0.615384615,0.8,1,0.888888889,1,0.888888889,1,1,1,0.8,1,0.888888889,0.666666667,0.666666667,1,1,0.8
UNI,ODRdistractor_diagonal,10.76666667,55.96666667,0.939849624,0.857142857,0.857142857,0.857142857,0.875,1,1,1,0.875,0.857142857,1,1,1,0.857142857,1,1,1,1,1,0.857142857,1
UNI,ODRdistractor_cardinal,10.8,56,0.938967136,0.909090909,1,1,1,1,1,1,1,1,1,0.909090909,1,0.769230769,1,0.909090909,0.769230769,0.714285714,1,1,1
UNI,ODRdistractor_diagonal,10.83333333,56.03333333,0.967741935,1,1,1,0.9,1,1,1,1,1,1,0.9,1,1,1,0.9,1,1,1,0.818181818,0.9
UNI,ODRdistractor_cardinal,10.86666667,56.06666667,0.921052632,0.777777778,1,0.875,1,1,1,1,0.875,1,1,1,1,0.777777778,1,0.875,0.875,1,1,0.875,0.7
UNI,ODRdistractor_cardinal,11,56.2,0.914893617,1,1,0.777777778,0.875,1,1,0.857142857,0.857142857,0.875,0.857142857,1,1,0.857142857,1,0.857142857,0.875,0.875,0.857142857,1,1
UNI,ODRdistractor_diagonal,11.06666667,56.26666667,0.963157895,1,1,1,1,1,1,1,1,1,1,1,0.9,0.818181818,0.9,1,0.9,1,1,0.833333333,1
UNI,ODRdistractor_diagonal,11.1,56.3,0.979020979,1,1,0.875,1,0.875,1,1,1,1,1,1,0.875,1,1,1,1,1,1,1,1
UNI,ODRdistractor_cardinal,11.26666667,56.46666667,0.961325967,0.818181818,1,1,1,1,1,1,0.9,1,1,1,1,0.818181818,1,1,0.888888889,1,1,1,0.9
UNI,ODRdistractor_cardinal,11.3,56.5,0.948905109,1,1,0.875,1,1,1,0.875,0.875,0.857142857,1,1,1,1,1,0.857142857,1,1,1,0.875,0.857142857
UNI,ODRdistractor_cardinal,11.33333333,56.53333333,0.952380952,0.9,1,0.9,0.9,1,1,1,1,1,1,1,1,0.9,1,1,1,0.818181818,0.818181818,1,0.9
UNI,ODRdistractor_cardinal,11.46666667,56.66666667,0.952380952,1,1,1,0.9,0.9,0.9,1,1,1,0.9,0.9,1,1,1,1,0.818181818,0.9,1,1,0.9
UNI,ODRdistractor_diagonal,11.5,56.7,0.914141414,1,1,0.9,1,0.9,0.9,1,1,1,1,0.75,1,0.9,1,0.642857143,1,0.75,1,0.818181818,1
UNI,ODRdistractor_cardinal,11.53333333,56.73333333,0.975609756,1,1,0.909090909,1,0.909090909,1,1,0.909090909,1,1,1,1,1,1,1,1,1,0.909090909,1,0.909090909
UNI,ODRdistractor_diagonal,11.56666667,56.76666667,0.966183575,1,1,1,1,1,1,1,1,1,1,1,1,0.909090909,1,1,0.909090909,1,0.909090909,1,0.714285714
UNI,ODRdistractor_cardinal,11.7,56.9,0.943396226,1,1,0.833333333,1,0.833333333,1,1,1,0.833333333,1,0.833333333,1,1,0.833333333,1,0.833333333,1,1,1,1
UNI,ODRdistractor_diagonal,11.73333333,56.93333333,0.966183575,1,1,1,1,1,1,1,1,1,1,0.833333333,1,1,0.909090909,1,1,0.833333333,0.909090909,1,0.909090909
UNI,ODRdistractor_cardinal,11.76666667,56.96666667,0.956937799,0.833333333,1,1,0.909090909,1,1,1,0.909090909,1,1,1,1,0.909090909,1,1,0.833333333,1,1,0.909090909,0.909090909
UNI,ODRdistractor_diagonal,11.8,57,0.952631579,1,1,1,1,1,1,1,1,0.9,1,1,1,1,0.9,1,0.818181818,0.9,1,0.818181818,0.818181818
UNI,ODRdistractor_cardinal,16.13333333,61.33333333,0.954545455,1,1,1,1,1,1,1,1,1,1,1,1,1,1,1,1,0.666666667,0.666666667,1,1
UNI,ODRdistractor_cardinal,16.13333333,61.33333333,NaN,NaN,NaN,NaN,NaN,NaN,NaN,NaN,NaN,NaN,NaN,NaN,NaN,NaN,NaN,NaN,NaN,NaN,NaN,NaN,NaN
UNI,ODRdistractor_cardinal,16.16666667,61.36666667,0.946745562,0.888888889,1,1,1,1,1,1,0.888888889,1,1,0.888888889,0.888888889,0.888888889,1,1,0.727272727,1,1,0.888888889,1
UNI,ODRdistractor_cardinal,16.2,61.4,0.930232558,1,0.888888889,1,1,1,0.8,0.888888889,0.888888889,1,1,1,1,0.888888889,0.888888889,0.888888889,0.8,1,1,0.888888889,0.888888889
UNI,ODRdistractor_cardinal,16.4,61.6,0.96,1,1,0.75,1,0.857142857,1,1,1,1,1,1,1,0.857142857,1,1,0.857142857,1,1,1,1
UNI,ODRdistractor_cardinal,16.46666667,61.66666667,0.929824561,1,1,1,1,1,1,0.833333333,0.714285714,1,1,1,1,0.714285714,1,1,1,0.833333333,0.714285714,1,1
UNI,ODRdistractor_diagonal,16.6,61.8,0.95890411,1,0.875,0.875,1,1,1,1,1,1,1,0.777777778,1,0.875,1,1,1,0.875,1,1,1
UNI,ODRdistractor_cardinal,16.63333333,61.83333333,0.946666667,1,1,1,1,1,1,1,0.7,1,1,1,1,0.777777778,1,1,1,1,0.875,1,0.777777778
UNI,ODRdistractor_cardinal,16.66666667,61.86666667,0.902173913,1,1,1,0.8,1,1,1,1,0.8,1,0.8,1,0.571428571,1,1,1,0.8,1,0.8,0.8
UNI,ODRdistractor_diagonal,16.7,61.9,0.967741935,1,1,1,1,1,0.857142857,1,0.75,1,1,1,1,1,0.857142857,1,1,1,1,1,1
UNI,ODRdistractor_diagonal,16.83333333,62.03333333,0.943661972,1,1,1,1,0.875,1,1,1,1,1,0.857142857,1,0.7,1,1,0.875,0.857142857,1,1,0.875
UNI,ODRdistractor_cardinal,16.86666667,62.06666667,0.927007299,1,0.857142857,0.7,0.875,1,1,1,1,1,1,0.857142857,0.875,1,1,1,0.857142857,1,1,0.777777778,1
UNI,ODRdistractor_cardinal,16.9,62.1,0.872727273,1,1,1,1,1,0.625,0.833333333,0.833333333,0.666666667,0.5,1,0.833333333,1,1,1,1,1,1,0.833333333,0.833333333
UNI,ODRdistractor_cardinal,17.06666667,62.26666667,0.947368421,1,1,1,1,1,0.818181818,0.9,1,0.9,1,1,1,0.9,0.75,1,0.9,1,0.9,1,1
UNI,ODRdistractor_diagonal,17.1,62.3,0.961538462,1,0.909090909,1,1,0.909090909,1,1,0.909090909,1,1,1,0.909090909,1,0.909090909,1,1,1,0.769230769,1,1
UNI,ODRdistractor_diagonal,17.13333333,62.33333333,0.947368421,0.9,1,1,1,1,0.9,1,0.9,1,0.9,1,1,0.818181818,1,0.9,0.818181818,1,1,1,0.9
UNI,ODRdistractor_cardinal,17.16666667,62.36666667,0.919354839,1,1,1,1,1,0.818181818,0.818181818,0.692307692,1,0.9,1,1,0.818181818,0.9,1,0.888888889,0.888888889,1,0.888888889,1
