ID,DI,DI_1,DI_2,DI_3,DI_4,DI_5,DI_6,DI_7,DI_8,DI_9,DI_10,DI_11,DI_12,DI_13,DI_14,DI_15,DI_16,DI_17,DI_18,DI_19,DI_20,weekday,mature,age
OLI,73.44503613,57.33314084,94.75246164,67.49841605,11.76088438,24.28500514,103.2677574,43.474021,30.52838445,38.4894862,66.61932949,50.24599051,11.77954686,129.8160722,68.43270224,22.16208688,155.6382509,115.2322989,52.94875068,169.9804182,154.6557186,4,-12.65753425,46.42191781
UNI,73.04665685,42.32250657,35.73506338,40.54427994,3.899398318,106.3174627,8.284079228,149.7727327,47.99169448,12.0311422,3.833290094,2.556382693,6.72896211,57.93979364,25.33830707,6.315943781,145.0216391,156.8329467,180.4947169,297.0141997,131.9585957,5,-5.884931507,38.69589041
OLI,68.05617368,161.125082,184.8995418,206.9535721,12.59880321,181.2547217,2.153281589,15.43297717,4.431111214,2.660859794,0.947425946,191.5941558,2.247671762,10.45690527,72.59992619,30.60228528,56.51477304,137.8329453,46.46670956,38.28062902,2.07009596,5,-5.490410959,53.5890411
UNI,65.91786714,2.403837138,21.6353352,37.5274164,11.62040456,0.598273975,57.68392125,10.38076641,99.21001444,13.99355031,6.284222612,193.6614117,233.3386445,101.1617708,38.72454929,253.3622427,110.4534457,26.35971496,14.54839559,79.72091262,5.688512639,6,-5.161643836,39.41917808
OLI,63.81792752,7.718365635,180.3553513,217.7802763,223.4701731,2.528534993,8.63662498,3.666654766,232.2793833,4.873161547,64.82615543,12.63830456,1.085847078,38.46089694,2.143105788,20.90768508,21.45216022,0.836432528,39.09924302,71.66054535,121.9396485,4,4.832876712,63.91232877
ROS,62.45705278,222.8989996,220.1634081,67.24632225,59.43050873,13.90844012,8.278818217,137.289952,46.57541292,126.783299,5.726405311,37.84339724,29.94252569,25.4652663,134.4961864,37.35655576,14.5937771,18.56649481,33.35093719,3.114212107,6.110136762,5,-20.28493151,45.76438356
UNI,59.8473758,29.1799629,5.812910059,7.149571617,9.112243993,87.80681117,123.9278069,81.6237804,111.9430392,5.104857381,35.34137927,3.994624208,21.52584988,15.15976084,34.75550884,1.732705611,18.4560773,132.283768,180.7057149,66.53053906,224.8006045,4,-5.917808219,38.6630137
UNI,57.80026557,38.92952254,31.07996842,21.14989082,209.85127,15.15852222,14.34097007,404.0866676,3.083475509,34.24628859,1.36677631,9.66889868,0.372022531,25.96404288,23.91506983,43.53778968,56.86420718,23.48817189,20.63863279,14.60225467,163.6608691,4,4.898630137,49.47945205
PIC,50.74731861,168.8958792,3.190416858,10.23386709,110.3519092,38.11525446,72.25623391,100.9965778,8.99089064,9.238110763,14.61750414,57.60147272,74.53702586,63.18746188,48.24456895,40.21703644,16.20072511,55.12221505,43.47967331,69.16836397,10.30118494,4,-14.33424658,63.22191781
OLI,50.0432095,125.022653,102.4502201,134.3485397,7.301037829,10.0005365,3.774876292,22.34588723,26.30360421,26.1014535,1.786047424,70.7703725,98.45262159,90.01047577,2.637710533,2.191601044,139.4219892,20.95532519,69.22687167,40.49125829,7.271108418,4,-12.42739726,46.65205479
UNI,48.81565445,1.349483974,168.2995309,2.280593461,20.02527898,4.09767216,102.1662616,42.34627809,78.04903184,18.47936609,17.28356632,14.98402053,22.58127322,93.99068435,9.123208276,29.60510279,122.8357012,19.36262257,172.4272245,14.12561616,22.90057199,4,-4.767123288,39.81369863
UNI,48.57364858,21.27131669,104.3564713,17.87136669,48.29950204,128.4589605,6.782799893,9.859200062,53.78108202,4.377800827,6.305100963,3.602296726,5.375144186,25.37351966,117.7057883,3.9199406,29.4490918,128.918483,3.678206495,232.3114281,19.77547177,2,-5.063013699,39.51780822
ROS,48.23634807,50.512829,14.1589349,19.38215881,14.59275021,37.17151588,49.56519284,48.18522249,133.6220154,263.2786823,52.0524729,4.265586081,20.87322594,5.338415791,20.18002672,3.631156185,23.47472628,14.84000194,12.01434236,135.9579511,41.62975427,6,-20.25205479,45.79726027
UNI,42.91049706,2.760604302,18.66216447,7.814963092,6.829380682,1.083326184,16.4265835,10.86550021,46.56351942,12.7402442,12.55744727,0.503774779,0.829539293,12.35171611,3.600869304,0.917847525,176.7461089,276.4262457,123.5921144,7.274575416,119.6634165,4,-0.394520548,44.18630137
OLI,42.55692083,53.59467322,39.59221348,65.3760631,6.280498704,22.47314586,31.97521329,38.44047238,17.82812677,3.710931627,17.02692356,1.409781913,2.550426643,15.52176496,1.695302329,11.19504414,50.7543467,242.9176213,185.6120347,19.04923351,24.13459834,4,-5.523287671,53.55616438
UNI,41.82593693,7.184139413,6.626083064,4.884315615,8.88804139,2.105147233,2.838788503,7.151610895,6.432133356,3.295226119,20.79583663,3.577422063,13.51331108,90.85811672,11.61548486,21.33657676,36.27744002,186.7522219,161.4419166,140.3146449,100.6302815,4,-0.164383562,44.41643836
UNI,41.34901448,5.49192967,4.97636206,0.994216474,3.949497428,8.42743375,35.29047404,200.011065,17.44656463,3.595860769,20.1000032,10.65675044,19.51229054,151.7683769,6.331385172,30.46559356,2.736651287,244.7823402,33.25506682,6.422940939,20.76548664,4,-5.457534247,39.12328767
UNI,41.13832443,4.46049355,5.448677123,6.268388601,3.708589362,6.536878313,3.704849846,4.600390707,143.994296,4.755069921,38.94414004,139.1308639,31.57741907,35.24064508,3.785811619,20.40558526,2.158535719,2.337169878,186.7079103,170.7021572,8.298617178,5,-5.194520548,39.38630137
UNI,40.39564105,7.246212634,2.430211205,53.2304165,2.310353774,1.298525212,167.4718877,32.14995474,177.9435922,9.434391207,22.99026675,180.5298286,33.63016548,59.73721607,2.77271609,2.907761869,6.411197341,2.93807129,26.44739522,14.50926394,1.523393162,5,-4.734246575,39.84657534
ROS,40.00243904,2.019760242,1.77880883,12.09505463,58.16601511,17.86918482,20.34971837,6.229956232,112.0662863,166.3076237,42.58455684,8.47274288,31.45561661,5.566608925,2.028206415,11.99147365,137.8906663,49.76711916,79.71789632,28.52215455,5.169330941,6,-17.72054795,48.32876712
ROS,39.0043302,138.107554,7.534671077,95.20102489,4.274034222,32.48260826,6.967125696,111.6350632,126.0249426,21.48644348,9.635653097,3.548137652,31.65196387,61.74881893,5.965137431,33.4219023,46.54613606,10.36653787,10.07509628,11.15839322,12.25535991,4,-13.64383562,52.40547945
OLI,38.67689852,7.393769468,7.768687519,3.940179907,9.126910817,22.69197954,45.71686746,188.1709306,135.6616737,50.40387105,145.6621069,2.717846897,3.377524139,4.656115365,23.44118472,2.513045456,4.456288395,19.74540966,67.66241242,2.11306147,26.31810494,5,-12.39452055,46.68493151
OLI,38.45246455,8.895949663,9.718240966,21.70107707,2.75345771,6.32181194,71.36336159,2.787479314,165.1555747,27.77869088,1.045129455,24.89621007,10.1472638,114.39138,27.23803033,105.8133414,4.602642406,12.91090959,130.2331143,14.37868339,6.916942475,6,-12.59178082,46.48767123
PIC,37.8878132,23.60252996,33.96177431,71.51110519,4.720365206,5.470903305,8.832160154,6.15896093,74.26219021,53.56101141,4.765689797,5.436039445,278.2693403,24.93042445,20.55778545,19.78527441,11.63513935,19.14965607,45.35496183,13.11593325,32.6750189,5,-24.42739726,53.12876712
UNI,37.8080247,97.86578241,56.36680926,41.29272409,138.6902404,50.79548734,2.377079153,50.61276805,84.1764937,5.049193014,4.320476963,2.879215866,2.173780499,15.50593439,2.519946341,3.801678617,70.09166404,83.86154077,20.95261671,20.84822201,1.978840451,6,-5.852054795,38.72876712
UNI,37.78863936,12.33994749,2.404000217,3.886656078,17.33103556,2.930524779,33.2303233,10.34258157,85.11545815,10.30150616,17.40092654,1.441120128,3.513477799,61.57907734,1.650188498,10.72841742,104.1329941,226.7236624,85.10657829,60.23324237,5.381069066,5,-0.131506849,44.44931507
OLI,37.51161299,20.32398497,8.947057429,41.03704662,147.6010684,93.61556948,42.6236682,14.71441801,72.23202119,4.21094502,7.795098969,4.2677525,2.895577308,1.865993504,1.355382054,4.21769304,53.14463893,149.3437641,21.84733952,12.26821637,45.92502423,4,-10.58630137,48.49315068
UNI,37.42093712,0.49476767,14.11728505,4.60380071,0.916697117,1.700702013,10.83683431,4.61801711,54.49198162,15.54352936,7.54740314,111.0872174,127.3450377,93.96002362,7.657161847,6.283135936,20.46547401,110.5182828,121.298211,16.14014053,18.79303932,5,-4.964383562,39.61643836
UNI,37.16818958,51.00369635,4.862433862,2.922920371,18.58856905,3.476151783,121.971496,77.58255327,75.22565315,55.58851741,60.69578829,30.59026484,15.21507238,102.3228497,1.280075185,22.4697604,31.69349155,8.998771392,5.097234012,49.04995299,4.728539581,6,-4.701369863,39.87945205
OLI,37.07097726,96.78435589,16.7136678,134.2057659,58.62786426,54.1032081,2.954080755,3.554169438,5.503698861,3.800881961,32.54003103,16.2151678,17.66004189,28.5571071,2.450921979,67.49719726,3.927770482,176.1599462,12.18837256,3.128837404,4.846458588,5,-11.93424658,47.14520548
UNI,37.03110937,5.260140211,6.88242941,1.473735326,1.072695719,56.16713147,110.7318312,12.66915656,125.526893,8.283646619,83.81851666,5.126974413,17.02758613,43.43544784,4.199939171,25.81742398,2.347408938,192.1376718,9.529651174,8.002410577,21.11149717,5,-5.424657534,39.15616438
ROS,35.86541804,7.318257555,14.36695268,14.5500491,8.892432003,7.137165425,9.780486016,4.185022619,78.38850277,78.50921125,4.038179803,12.87475244,38.50480158,131.6189124,55.41495369,52.43852755,136.1570393,27.45650985,15.44655393,14.5166139,5.71343694,5,-17.29315068,48.75616438
PIC,35.44731672,27.91472219,34.28562345,7.781927338,45.83300208,37.48957844,3.454475189,5.815370559,34.69343823,48.00537474,32.85560228,195.3379247,33.89813593,51.14495282,35.48348514,65.29592958,2.123947468,14.78387219,13.45258632,4.912599596,14.3837862,5,-24.19726027,53.35890411
ROS,33.79217105,13.09320801,2.190879503,19.5015716,25.75257976,45.54177836,45.25004786,112.0061998,96.56265964,14.05989523,15.409653,19.36075824,3.214059381,29.07322368,8.131259017,11.00621014,22.39448585,9.678591692,113.3748461,29.42361419,40.81790004,4,-19.85753425,46.19178082
OLI,32.38775716,4.753889786,17.38425357,5.22748782,4.439621723,11.14814871,57.9451891,36.38063514,26.66237325,6.187659287,106.9395896,1.461427222,53.91510446,12.08323506,85.9155175,2.174469678,74.86504003,62.47355235,8.894615376,1.972835084,66.93049857,6,-10.75068493,48.32876712
UNI,32.07184861,10.78901652,1.406234488,4.657074896,1.334891842,27.00728852,102.5688634,92.10056185,69.49790963,9.687496756,46.29033755,9.271815829,70.15537373,69.55631702,0.228901977,8.286050961,11.13011576,17.76741065,73.1597285,1.684309268,14.85727299,4,-4.536986301,40.04383562
UNI,31.92408662,18.55472101,0.634483653,11.62908408,18.40806461,1.806910276,231.3925396,174.7063592,25.37036784,10.90659042,84.68717318,3.707148895,2.11176887,17.19506736,2.455241687,2.798669795,8.247502527,3.029833817,3.938179984,12.95470983,3.947315804,4,0.295890411,44.87671233
UNI,31.84902919,1.947564784,133.1661344,2.120718676,3.472826606,19.0918044,16.51962356,3.319028251,2.453384485,1.73802283,147.5959626,16.37562748,4.116609204,23.62511883,38.98219976,43.04256199,3.829256451,1.889556369,3.445044111,1.275516356,168.9740227,4,5.128767123,49.70958904
OLI,31.65367481,3.51180576,2.015928639,0.421715516,0.841387481,1.574158805,0.727348383,1.579601319,1.504302246,16.44514925,0.987148301,12.144022,98.47887895,130.3190434,2.912612732,0.881637435,38.30024342,225.2812092,83.83345522,1.220461546,10.0933866,4,5.523287671,64.60273973
OLI,31.0412433,70.89382635,0.708549791,10.47966579,12.98937822,4.550016926,1.806199067,0,0.599012766,75.52318457,21.16119764,92.03435628,2.788539882,4.449982345,2.540483181,3.197960802,33.13191719,142.897087,23.12354657,73.31575154,44.63421015,4,-10.35616438,48.72328767
UNI,30.60294552,3.563645677,4.673699166,3.922635087,4.049884224,2.92078762,60.74016007,222.854163,116.4150466,12.12754832,4.199800004,26.27538985,19.52471386,29.96215156,11.39710365,10.97075217,60.87530711,6.879905173,7.234505226,1.285864293,2.185847672,6,-5.391780822,39.1890411
UNI,30.03942249,5.58228563,44.49807571,1.536300612,3.971629262,3.562003193,5.967727645,14.04312697,2.983219464,3.520149926,4.099554602,2.807666726,15.41355542,227.9459014,244.5890652,2.173608705,1.222896511,1.644665581,1.142503122,1.896884341,12.18762977,6,5.424657534,50.00547945
UNI,29.30991987,18.79833536,9.249438697,10.41017065,20.5117082,7.837890898,3.706294787,55.96724345,20.82112753,18.41411067,2.639285645,142.9075274,2.548031537,21.00506455,54.13018204,7.232645533,4.387777151,0.872923315,18.43473967,11.0904259,155.2334744,6,-4.471232877,40.10958904
UNI,29.20378141,6.364107645,6.70715176,43.48169968,31.3306073,6.117915555,7.941671352,48.44220259,0.670547589,46.89155423,4.596153581,42.87662976,29.59353749,87.2646988,2.622151015,4.861197765,167.6005801,4.879285594,5.538327417,16.44987394,19.84573514,4,10.42191781,55.00273973
OLI,28.62927427,7.4264263,103.1816626,55.46883738,63.13447148,22.14796024,52.06537681,34.70144421,38.54559445,14.48773505,3.574820153,3.403802194,1.815985414,10.66205102,4.393958257,1.447819569,37.75900638,4.010079124,80.97443956,25.72699701,7.657018307,6,-10.29041096,48.7890411
PIC,28.53546219,44.08582139,139.1857252,155.1723617,17.88588448,20.69349822,10.65128595,14.06115023,7.290091317,15.37332373,7.517497742,7.562741936,32.1417788,3.86478908,6.348134843,6.040072748,9.444375413,10.08914248,19.10996377,27.79974062,16.39186406,5,-24.65753425,52.89863014
UNI,27.94832648,32.35428701,3.318333755,1.559295281,97.23582488,17.68155674,44.14200042,15.37504317,68.76958156,2.929237944,69.97990996,3.837111374,84.16215767,8.667745942,2.809752797,25.93212002,23.78662264,27.97948578,5.716864945,3.667963839,19.06163393,6,10.48767123,55.06849315
UNI,27.87054137,36.64520087,1.153778551,16.00438167,0.691425211,2.205484632,4.442344351,5.949283143,194.5209121,23.01033574,8.20404107,3.748699721,161.1369935,17.34869483,2.254884832,4.561416673,2.875657856,3.85190012,3.027531048,9.624345278,56.15351621,5,11.14520548,55.7260274
PIC,27.79322671,23.15178581,5.590597793,2.646495902,3.316128407,74.30363124,16.65603301,5.630090644,3.010313248,166.8924891,5.82964733,5.159253688,117.0869713,14.51921605,22.25138582,5.242343535,4.551257077,24.78272662,4.436609741,7.390597033,43.4169608,5,-29.95068493,47.60547945
OLI,27.50663288,47.70584805,14.15913925,8.509517901,17.46920897,19.6644219,193.2409687,36.23417025,102.962304,12.73039053,6.624877201,2.140668566,3.627586066,10.31441327,1.00530113,2.777916797,5.901022134,4.245619082,2.659727101,22.96976571,35.18979091,4,-11.96712329,47.11232877
ROS,27.13097003,18.64527248,3.582652111,23.09841347,22.15836466,80.02925511,39.09163411,18.4540241,3.682620013,3.591066177,6.273084757,2.175225657,2.242861847,8.669020918,22.97877151,29.07397424,1.866498387,1.173225278,14.70644701,47.16319708,193.9637917,4,-8.350684932,57.69863014
UNI,26.60758189,1.990577578,4.559222394,3.342795909,27.91920136,50.97184093,6.034286194,3.72104304,11.05797793,5.507376137,5.247212976,6.70704949,7.243307456,37.83091116,1.385815904,105.5057224,8.854001557,166.7335056,51.74425793,4.242750053,21.5527819,6,16.24109589,60.82191781
UNI,26.58676819,6.442363678,2.669718252,0.247609085,0,1.466977368,3.531162479,76.70203659,156.3982853,3.91259596,0,1.47652607,1.626081136,19.4759576,22.20677101,9.331396405,47.96057508,0,57.88818077,2.215383814,118.1837432,4,-5.22739726,39.35342466
ROS,26.18733817,2.146632087,2.616536481,1.771358447,5.62648933,48.09383164,178.7267584,4.920986542,5.128780071,28.22488208,57.47829079,5.803950253,81.75408143,71.51842462,2.60214543,5.200487731,1.564785796,2.210255654,14.76979315,2.081135488,1.507158089,6,-17.26027397,48.7890411
OLI,25.99630349,8.970351038,6.987144302,7.526851303,41.36934111,10.97693322,28.46448151,71.91061639,118.1492078,49.71635408,31.44897438,1.928272037,2.393510789,46.33359738,39.40177918,3.717200952,6.009890941,29.88136279,3.112805107,4.372615905,7.254779686,6,-12.36164384,46.71780822
PIC,25.47887529,14.767423,2.805508035,52.78529345,96.4422549,12.02623019,0.829970055,2.768100132,63.23223992,57.28033566,4.659607686,36.83122006,76.23436126,26.3701459,0.981787804,1.728978918,23.6548413,6.007014798,5.272278591,3.562776381,21.33713771,5,-14.53150685,63.02465753
ROS,25.4088635,1.134257742,2.382368403,1.268556374,2.083540965,1.549910471,28.54156327,95.15965597,22.4611949,2.335684747,5.917454069,36.62847015,9.751532119,28.75933542,12.20719976,5.630824142,51.6948242,22.32952719,27.90266802,5.96178127,144.4769208,4,-17.3260274,48.72328767
ROS,25.28862799,3.405461048,3.881491662,20.08581652,56.50844029,4.252498361,11.98005772,42.76412541,81.2511419,45.18483007,11.17265871,3.059329182,1.439965793,32.37473495,2.684289151,4.985471242,65.7913551,10.52710963,7.925474614,90.09813351,6.400174916,4,-20.08767123,45.96164384
UNI,25.27086252,32.3195938,6.598656604,2.218253036,5.522676289,11.4079747,20.28643043,25.4090975,71.32963436,11.61687716,20.07461331,19.19546365,3.190725985,12.31415205,1.825257082,2.169928845,15.99895996,104.7042467,61.55649203,31.08985875,46.58835805,6,0.361643836,44.94246575
OLI,25.21432811,68.22781395,9.198788322,15.73049621,10.60442633,3.60963159,99.39485873,32.46301578,16.57494103,3.319178864,23.03233985,28.0488601,85.997841,35.05359194,31.61165904,2.534215332,5.227595151,21.70216665,2.212572922,2.11287995,7.629689558,5,-10.32328767,48.75616438
UNI,24.41127517,2.040055414,60.34451956,1.631110758,1.880332738,41.67016219,211.6847821,15.03024391,7.263642283,2.857813036,18.0708815,23.37491626,8.592114572,2.325517868,1.075292421,2.64154452,0.804224754,15.34545858,9.767361871,11.98802409,49.83750489,6,5.654794521,50.23561644
PIC,24.19002404,9.961363267,13.62694852,6.144506973,8.214374969,4.923317373,15.3337316,7.694970642,9.531353079,2.021390417,70.43356013,16.02446706,100.6640295,19.96978736,5.731007973,2.262020885,1.025770454,43.1089122,120.4276149,4.91127342,21.7900802,4,-30.90410959,46.65205479
OLI,24.13176188,29.96188959,27.47528257,19.79682041,27.83194669,8.119759714,1.837877039,31.31441619,10.7768827,76.55542158,13.48223903,18.24013849,3.320495947,44.47845047,3.74516806,3.430007551,64.2177345,59.50211043,2.920425235,21.91445822,13.71371321,5,-10.55342466,48.5260274
OLI,23.94224951,20.07217525,1.308215004,1.229180782,2.26156036,3.497137076,20.10318286,53.71275702,105.8180285,88.70101766,99.00512152,1.857516794,2.319359986,2.602797596,21.02968667,26.03338343,3.859586926,5.614010865,10.42380787,6.601088818,2.795375294,4,10.35616438,69.43561644
OLI,23.91037516,91.15171482,45.64247186,91.69179469,2.366736817,5.23950518,4.5225837,10.53193365,28.07268071,6.791059899,8.908597843,3.990255877,23.96635702,32.93211484,2.014456735,3.708115064,67.30164293,4.843501229,8.935966568,27.80821793,7.787795795,4,-5.063013699,54.01643836
OLI,23.70514618,25.47031586,29.02421641,50.79675278,0.417707013,17.30690797,0.92107151,1.750125512,0.627293362,15.58053136,1.219371034,2.724445866,1.093937226,66.34295285,0.299267923,3.546335026,78.90106412,30.75363202,140.439142,1.736181879,5.151671842,2,-5.589041096,53.49041096
UNI,23.5644498,2.308038525,88.39243351,22.53598296,8.277447719,0.888691437,29.86791335,35.25543828,29.50771973,17.47085446,3.282360674,3.288639593,31.22336459,16.42870725,1.297600574,2.318861313,33.71352713,43.63159682,80.9516969,5.388620541,15.25950062,5,10.45479452,55.03561644
UNI,23.42593692,47.01718043,3.711826714,4.618567586,5.154290843,7.754083563,30.96221554,100.5598073,63.90525062,12.44001572,34.08217199,7.841624855,3.297285168,2.200763562,2.146193303,3.05206357,5.994518498,71.64317892,28.94864236,30.32446825,2.864589567,4,0.526027397,45.10684932
OLI,23.42104201,79.33104674,42.50446332,11.57207667,1.226703095,4.652799457,2.026250941,112.283997,8.063034482,2.198944004,0.984474248,1.378095289,0.928389145,0.612551423,0.660100738,113.4086251,9.698519981,21.50253992,46.00129234,8.372822921,1.014113374,5,4.865753425,63.94520548
PIC,23.33456285,11.09777619,4.517471039,8.498991165,38.62171504,223.902107,8.04680998,62.02356449,10.35158964,7.114778401,7.824383853,4.229517254,1.929746141,9.407236611,7.014686773,7.171711099,12.91017055,18.7990492,1.397295721,12.03061749,9.802039439,5,-19.59452055,57.96164384
OLI,23.26484514,39.17140994,8.982814418,4.550768441,16.52296295,57.3848157,4.063428661,18.72250414,38.01449351,4.010709249,6.994276658,1.892090222,1.41861307,5.959449699,68.63743381,1.841410618,100.6078148,25.13817551,35.00554339,8.357330295,18.02085784,6,-10.52054795,48.55890411
PIC,22.48520195,5.097970194,34.53932957,70.01245829,5.166617389,45.83013107,5.945817397,4.592407312,42.64703796,4.829629197,17.78805448,4.281216774,27.29368311,76.95067333,43.48979919,9.613125856,11.35454125,29.78195758,7.059407621,1.070780233,2.359401241,4,-19.39726027,58.15890411
UNI,22.38288737,0.9170547,6.494097123,3.495946979,3.243241026,50.65970557,4.376621741,4.739706109,7.804980399,13.52979333,3.367082305,0.944985227,1.94656699,5.074061807,4.038134876,2.911635312,130.2868496,88.50137978,58.52837815,15.84989029,40.94763601,5,-0.361643836,44.21917808
OLI,22.36985397,44.25819355,73.63957176,17.36186599,11.38645559,11.71382954,6.311063897,19.9804856,14.25488056,2.143611892,14.02330472,0.841299664,3.930174685,1.27570784,0.908351307,12.53275887,127.4672496,56.13032859,3.872897428,5.923801441,19.44124683,4,-5.293150685,53.78630137
PIC,21.94014789,150.1795409,8.61043537,9.334775539,4.355288614,54.45411951,3.498694957,0.455637189,1.708525524,107.2689082,60.54621962,3.107661079,4.546996412,3.805387538,2.906687335,2.076108092,8.490935434,2.90152454,3.13972753,4.234103086,3.181681285,4,-30.21369863,47.34246575
ROS,21.6992676,118.2855726,13.01165267,2.243617677,1.723658264,37.47839165,3.822999526,11.01056656,4.672639216,1.692442039,38.88016656,8.044275568,5.189111876,1.839129503,2.522997469,4.204853951,90.53766243,3.226335615,11.74978275,21.42195234,52.42754384,6,-8.975342466,57.0739726
UNI,21.67138966,15.00146115,2.284655646,34.57310374,30.3988295,1.148955892,3.812204014,5.526849288,36.18779426,1.568410342,2.050176435,3.628518035,2.002669984,139.0046572,61.91521813,32.18399249,32.99201227,4.021318405,4.832930696,4.052890915,16.24114493,6,10.71780822,55.29863014
OLI,21.29283582,33.99197626,6.086802362,14.89718979,4.521222958,12.55436151,5.707982906,93.2850813,18.20120919,4.682903444,10.04944389,2.202597589,14.14191828,0.837457932,1.355192036,3.33971249,174.3056552,2.813557366,12.97345919,6.811561763,3.097430905,6,-5.457534247,53.62191781
ROS,21.09670301,12.11134126,20.55781046,15.17099166,20.32500742,53.14916262,4.783576491,32.3810557,41.57064529,33.70969909,38.77461419,4.620336217,25.43522921,21.83406593,4.847160273,5.954836195,0.942861788,11.36098807,55.26585038,2.860107779,16.27872018,4,-20.54794521,45.50136986
ROS,20.74557357,2.801068425,2.438929167,6.933453461,3.67632493,13.47904336,5.875772035,5.477650753,3.306278017,13.7702009,1.563170398,76.67954844,130.7925291,62.51522735,2.709327667,2.373269391,1.881928083,6.377477502,33.90562267,2.84695851,35.50769121,7,-12.85479452,53.19452055
OLI,20.55407467,127.2380756,20.57387508,55.85552343,3.351560439,3.201773891,1.812652055,2.064885968,1.717043901,1.774970003,1.664385361,2.62118863,37.2152018,5.173497688,3.849554442,16.29016849,64.73224598,29.16741438,21.90056757,4.592883935,6.284024852,6,-0.394520548,58.68493151
UNI,19.85703479,5.740357489,7.158778195,4.076311611,34.29278472,39.55251892,68.16755813,33.50835306,55.25581415,47.64402077,29.60599905,4.806132451,3.353779806,11.97193202,5.670572465,25.54131248,1.376075667,4.803203639,1.854960419,3.828206164,8.93202448,6,-0.098630137,44.48219178
ROS,19.81903564,7.235926597,22.69750915,24.3172512,10.97544581,25.27548544,82.74781819,16.67890112,5.617355694,28.55655823,54.63705365,9.295104594,4.433996887,4.371628078,11.04219368,3.260717934,51.9983527,3.041816487,15.98537566,1.493739771,12.71848198,4,-13.41369863,52.63561644
ROS,19.81223067,5.39570117,32.8814745,10.96450809,11.94120141,6.194985023,10.70597651,3.469599919,30.79039986,7.089786572,6.851013574,2.703014353,4.194672427,8.700757533,66.98356863,2.618965126,51.79668773,5.336889819,37.7454366,23.33951349,66.54046097,6,-20.48219178,45.56712329
ROS,19.57790322,2.683290581,3.460500308,8.531919172,3.803783891,1.948961652,5.674163982,7.523529604,10.30026161,11.53247674,25.89396602,8.768852893,6.268089626,86.54182295,2.738599043,2.237352451,68.22409514,71.99136001,11.39584994,15.75082712,36.28836168,5,-19.82465753,46.22465753
PIC,19.57010109,36.13821547,24.40670749,9.425866549,31.71282299,33.6462552,7.151191634,57.47284958,47.4250079,7.039108003,48.58708618,3.164134037,10.29763221,28.67285723,3.03229598,1.703752746,9.455458113,6.098430087,10.72013854,11.31832134,3.933890458,6,-23.93424658,53.62191781
PIC,19.53750941,26.85931819,37.07715793,19.75508808,97.03587953,16.78683963,4.586915077,9.442628536,11.60815274,34.7816373,3.248007482,4.607776892,67.05298425,6.780461824,1.934215002,21.81403378,7.224710646,7.059252434,6.999552332,3.467477525,2.628099058,5,-19.36438356,58.19178082
UNI,19.46156619,1.162437184,2.288410129,1.636713951,2.997977224,2.078283684,29.50876716,44.63634287,45.2422431,28.26216943,2.041252287,32.16049891,34.78881368,4.175191128,4.174059236,4.17456101,1.423064009,35.85382334,50.18572607,3.16850288,59.27248659,4,11.57260274,56.15342466
OLI,19.21655701,46.00517105,72.51028006,4.801177021,3.43907945,15.99728203,22.2302433,9.435337763,75.53873493,7.43507521,3.490898428,8.390771409,2.942076979,50.55588066,1.035053347,0.946503575,14.84284437,2.387846633,11.33294054,0.757253468,30.25669008,5,-5.260273973,53.81917808
UNI,19.18850583,38.94818671,4.155012087,3.009310587,35.54523235,4.087967211,12.49456836,3.415855302,4.381664293,5.186651395,4.22351696,12.87956825,2.191052552,8.103795099,2.477708864,132.7599701,12.94350715,80.01636392,0.95058238,13.35716315,2.642439908,4,11.34246575,55.92328767
UNI,19.01069465,15.78068091,1.048434453,18.68548864,1.394648747,1.71766413,3.471440453,4.958742326,5.148064157,0.446719583,2.371481989,7.990137235,15.22059415,36.25064721,1.978487706,13.38699756,26.74371742,210.5400719,8.534901211,1.603595559,2.941377706,4,10.65205479,55.23287671
OLI,18.93488839,15.77264042,8.090236383,99.27509579,11.03917396,42.24904987,4.252198715,3.62271289,4.837146617,1.977957151,3.896725677,67.68161276,12.22799995,37.7673215,2.888810286,13.41408376,34.32063266,2.233809782,6.380068073,3.210067164,3.560424376,6,-11.90136986,47.17808219
UNI,18.88999761,24.59818167,26.4245976,5.044039323,14.9634215,5.689581177,2.369618123,137.7945235,6.495463579,3.510967155,5.498733156,1.44283171,2.039409543,2.769998024,2.43660213,1.158033815,15.38460623,2.328067998,65.57972023,1.646229108,50.6253267,5,0.328767123,44.90958904
OLI,18.88898562,30.66565972,18.17355887,58.80405356,71.05504208,2.231311795,9.899710626,61.82383418,7.045946463,9.463093205,15.14969196,2.511979361,13.11344644,1.957354723,15.06761387,3.243385237,0.866773383,1.913439397,2.789701078,50.98137753,1.022738851,4,10.1260274,69.20547945
PIC,18.78707444,2.634817314,36.37454219,4.059486501,27.59963485,92.35770387,10.73493894,10.04613085,11.24970217,6.535000387,49.34641873,41.94539705,45.02097001,7.703093806,3.186408325,5.754467159,4.056631781,1.773177926,4.452739858,3.238665215,7.671561823,6,-14.95890411,62.59726027
ROS,18.63982573,7.893866267,9.990707981,8.838532928,4.655283251,2.939638393,11.22803366,28.49349499,39.45951702,5.983973797,86.29912302,14.88268723,9.502444501,73.48280999,7.244208405,10.49840284,14.38385535,13.47446231,12.77318982,6.614506634,4.157776144,4,-18.70684932,47.34246575
OLI,18.55992449,1.036402028,27.54255169,2.08479054,8.671868004,2.083083859,2.422026658,2.374064579,2.488714872,21.62904724,3.430542443,5.595468146,5.464124771,7.965164119,89.3713239,18.66805218,17.89254518,98.11000085,15.75493866,4.020766571,34.59301346,4,9.895890411,68.97534247
PIC,18.44672156,6.857219618,18.3958274,3.865225897,82.61655445,27.54956114,4.260500101,26.58921161,1.542017801,55.34483493,28.78335547,25.48877103,1.605454413,24.00227936,2.000215386,16.49831427,2.192857261,4.297126364,23.55402193,0.437327812,13.05375489,4,-29.75342466,47.80273973
PIC,18.38556442,10.86941459,3.00028103,1.957473326,84.24240633,52.56677904,11.40448422,5.593615337,9.889610649,46.9792338,4.462890121,3.934482497,33.58854778,29.19862384,3.472042231,24.15857162,1.327932703,4.722673163,5.181221403,5.075174165,26.08583065,6,-14.49863014,63.05753425
UNI,17.85774969,4.34684028,3.0605331,3.426255938,22.08748401,3.597430614,2.979903769,2.558959748,4.273058773,1.993187479,3.450562929,1.404393017,108.6834524,75.01137385,8.421066622,3.350824683,53.3135703,1.53042823,1.548408444,49.9945758,2.12268383,5,10.91506849,55.49589041
UNI,17.70085755,2.429499274,3.648404716,42.95091555,1.980978555,15.80134038,4.718052651,65.25875289,34.84043064,4.474399313,4.789162004,39.81463119,2.990772628,34.6543248,2.634566373,60.96991911,15.32929203,1.696534761,3.37205566,9.995211883,1.667906522,4,16.17534247,60.75616438
PIC,17.62006166,23.99350493,20.66600562,11.97084816,18.88044616,111.6680081,9.06006872,8.222495921,43.66160266,3.527763918,11.39058936,4.147918116,4.574082303,6.870272746,3.820794559,3.577078738,24.63441123,13.19338154,11.06418394,7.205181996,10.27259441,6,-24.62465753,52.93150685
PIC,17.36156066,8.300780863,68.16079903,15.17562674,11.04476928,6.47193281,11.14328177,6.773137808,1.637485499,3.554939027,68.79254508,5.381223829,3.09837859,15.20187343,6.519967777,40.4040033,26.46810672,18.66066053,10.91811131,10.3907927,9.132797042,6,-14.03835616,63.51780822
UNI,17.30717628,2.376557048,1.211962795,3.953986216,5.490813081,1.575947747,2.734325253,96.10019621,9.557039643,1.467684511,4.067713824,2.532040983,3.022414725,14.10304949,4.750955954,75.2244546,78.23681286,22.0878116,12.01852203,3.269419888,2.361817158,4,5.35890411,49.93972603
OLI,17.14832958,27.48431475,133.0174791,2.984134154,10.39987255,5.88194481,23.03071735,0.599430856,0.793431019,0.960808464,1.55240563,1.132368598,7.343490763,14.05521111,5.542925323,12.5666005,2.453650527,3.746773452,47.19339598,3.063077616,39.16455901,6,4.898630137,63.97808219
PIC,17.13113108,6.008227044,2.533280782,3.596318852,17.86873451,134.2580255,15.79722798,4.55297086,48.42969787,5.239713893,7.126587555,1.74662776,3.463287697,15.4061007,4.027356598,31.42844503,2.144715034,10.36661764,2.801934562,7.370603608,18.456148,6,-18.87123288,58.68493151
UNI,17.12009956,95.42200158,2.675396399,2.681718479,2.852686595,2.709087544,38.79548317,26.87137224,6.199205971,3.105915313,2.696408784,4.692577811,1.127307464,18.83925572,29.54216435,51.4349197,45.53520425,1.788973001,2.037012186,1.556991346,1.838309325,5,16.89863014,61.47945205
PIC,17.03507484,18.90505047,6.480383429,2.250690514,2.986008769,8.763121791,61.96243089,7.437521971,5.461325347,13.56898862,46.56057752,3.780555042,24.80914015,6.13182981,16.18720687,26.37637853,35.28327761,12.42726649,14.18941683,9.117664555,18.02266161,4,-18.9369863,58.61917808
UNI,16.87871137,3.142219051,195.4509036,4.577809839,7.815810637,3.592849575,9.75268003,7.472622439,5.696464927,1.526211549,9.205515741,5.186594669,19.91839127,30.58315566,2.891655205,5.112105797,4.647841613,4.857278745,8.242775428,2.870869119,5.030472366,6,10.94794521,55.52876712
PIC,16.7929638,17.66738348,3.144748445,114.7372778,23.05229563,25.75828133,1.374562195,2.934777975,8.257749126,7.33998502,2.740048374,5.560928482,3.149486629,5.715951605,30.48105336,18.57714935,4.36310958,48.56716401,2.992677529,3.132976661,6.311669402,6,-24.16438356,53.39178082
ROS,16.62028456,3.355002141,6.742876893,4.962881152,16.88434815,16.42177373,18.91287035,37.79386469,10.26597749,39.7085109,23.20071719,3.399328764,3.693376649,41.58231256,4.628717874,1.453828556,36.55612839,35.41293816,1.169850156,10.99315837,15.26722899,6,-20.02191781,46.02739726
OLI,16.41429395,3.610657109,49.68355768,2.203098588,8.237592227,2.249577623,2.450964929,11.17082953,17.92626771,11.89394111,4.90732057,45.65374288,0.76609062,98.79444813,10.27679804,1.447596575,22.00589946,17.39993533,10.17277949,2.747056605,4.687724764,6,-0.624657534,58.45479452
ROS,16.33043645,181.3811689,3.40690023,2.312832794,1.487840423,1.763625493,52.29590558,3.21650602,3.448755274,5.250657902,1.013280061,9.610066736,16.14468084,4.294209401,4.630112872,2.59490821,1.489966349,12.07846079,8.244269371,9.695219638,2.249362226,5,-13.15068493,52.89863014
UNI,16.29346638,5.700704431,6.737290999,4.077424064,32.20388027,5.26452794,4.502675032,3.237954754,4.74290725,90.86500412,3.46234416,4.318852217,1.452913606,3.177940421,2.053367266,16.09022636,8.4846659,15.9598257,3.525482097,29.85042103,80.16091999,6,11.63835616,56.21917808
OLI,16.18651073,11.98582,4.703482805,78.12089102,20.58823756,20.14096572,5.998849537,2.626148362,2.1270743,2.801008772,2.189853882,30.67400601,5.258959313,1.768440734,2.072944948,3.56309225,22.98117154,14.41441144,68.33476374,2.431868092,20.94822456,5,-5.030136986,54.04931507
PIC,15.73272812,3.121576892,3.652678358,4.388643146,27.44731172,21.31084772,6.431347631,44.60691157,6.523222563,16.36625225,28.67312239,3.235024962,17.02587862,4.608333095,3.524662101,9.658147246,4.410804187,17.24635814,48.77840827,2.020203431,41.62482805,6,-19.10136986,58.45479452
ROS,15.68089297,1.207107307,9.497276662,4.180597803,14.10154816,2.37212068,41.50544059,6.269506434,17.58034739,21.08070667,4.45456337,1.656845261,7.99529904,18.15725983,5.59631084,29.79370342,40.96012913,3.962167916,9.973837492,69.1582563,4.114835112,5,-20.51506849,45.53424658
UNI,15.41265556,1.93580859,9.829038192,2.819830197,1.97098458,20.97506543,53.12683996,13.80552871,12.06919246,4.32607623,49.60654683,1.731774418,3.007810908,14.46606425,12.24122542,6.196881848,42.14291176,14.68080424,4.128086526,20.39653015,18.79611052,5,15.97808219,60.55890411
OLI,15.3194027,1.071985113,6.139706681,94.62787104,31.83624906,2.488936453,2.266513058,5.867306166,3.019862995,1.554056203,27.73370338,1.154192357,3.026880569,14.8744934,13.13236804,18.70397863,48.8506741,5.608372359,1.689930923,1.943900808,20.79707258,4,10.58630137,69.66575342
PIC,15.3113602,29.3463105,2.110360433,8.556402015,4.101939491,4.45583017,13.79821453,63.11495868,13.80576028,9.682775641,8.407530458,77.60904326,2.828271125,4.976107806,11.67942379,13.61560123,8.166722046,9.064182555,3.383409417,13.95551758,3.568842935,6,-24.39452055,53.16164384
OLI,15.2170196,6.103768553,9.188065702,1.7925784,1.078856357,3.708568004,23.75025904,12.4800554,10.0260699,1.815726219,1.692484761,1.587991357,7.110124112,0.807543025,0.748615246,0.429166136,95.60069243,61.26447483,63.01812548,1.270111783,0.867115324,4,4.602739726,63.68219178
PIC,15.19119862,4.019243607,11.34379838,6.06411369,28.6100269,10.41926766,29.17515949,33.31216466,14.51036274,5.886172909,7.218795121,5.038044041,2.741865868,19.75582912,8.56494712,3.441889727,7.678504499,6.527121246,80.09657415,3.133452965,16.2866385,4,-24,53.55616438
UNI,15.01934699,27.0079709,2.133406019,2.165461596,1.099639294,5.828074801,1.993782553,2.43711323,134.9419966,6.463225212,26.08360247,37.76567761,1.659071986,5.763387807,0.495881555,1.854681527,0.293741959,2.922583247,23.07415004,12.54754088,3.855950443,5,0.55890411,45.13972603
UNI,14.9399264,2.176953848,2.478679724,1.866074224,2.714878211,4.054371126,45.40697114,7.138288815,10.59714375,12.66060376,14.00997153,17.56886878,2.992914777,48.57882776,11.60778673,2.587109291,31.74752885,45.33053595,17.28090366,9.547819018,8.452297041,6,0.591780822,45.17260274
ROS,14.69056761,4.897699231,76.42932713,6.129515874,3.313862926,7.165348007,4.149457542,4.586826145,4.863142247,7.215927054,6.809820304,10.86951285,3.449983695,4.777943107,34.45778311,65.01302417,6.83115384,17.52274479,5.909058075,15.99514369,3.424078463,5,1.347945205,67.39726027
ROS,14.67532755,13.71024509,5.033737798,16.22890322,6.323534759,3.844482878,17.58693908,53.36811563,21.58418834,8.66642333,46.34223396,1.378673958,5.042091739,11.09561537,2.576357368,2.133374605,5.905946356,11.53401998,8.99883024,18.70677626,33.4460611,4,-19.39726027,46.65205479
PIC,14.65428173,13.3663043,3.940805045,71.11649573,14.6168183,13.81164052,8.363010245,32.69141878,3.256232209,7.912505005,43.91244309,9.006803617,3.026392604,5.473673411,4.380522882,5.197664359,11.60224992,11.72682878,9.881735238,10.10105041,9.701040124,4,-24.23013699,53.3260274
OLI,14.61589027,2.147476471,2.949262489,26.08384674,10.94828782,3.681369708,3.277755936,1.506778586,2.88900378,23.7217562,2.570129843,9.834506743,1.989867107,2.322059647,0.92920022,34.7269038,43.25478171,65.17202139,19.85440951,4.833655301,29.62473248,4,-0.690410959,58.3890411
UNI,14.58280217,2.699247828,5.79582797,4.977215229,4.829498301,4.178411433,3.734068925,4.366321566,25.92317019,5.071331276,16.2574973,2.011536896,11.79818177,17.01058734,9.557029161,5.830750933,41.29862241,34.24167108,37.50348337,7.140899632,47.43069074,4,-4.997260274,39.58356164
UNI,14.51149254,2.293792935,12.07817641,2.379122395,1.4743581,1.38727403,8.473484006,34.24881019,23.78851037,24.60992709,30.80956216,24.33770355,2.074084293,22.98799558,28.99985053,25.10167329,14.38460552,4.044193859,9.135735442,13.99562446,3.625366615,6,16.93150685,61.51232877
UNI,14.3361467,2.137748654,1.46190083,92.40373448,3.74402555,16.34866407,4.795718385,4.13297578,108.6456811,2.826612059,2.519691516,3.373506327,1.54976036,9.130185562,2.297827394,3.675955748,3.336704791,2.387111146,8.038125771,3.808718782,10.10828565,5,11.37534247,55.95616438
UNI,14.17013931,12.761049,2.717661512,19.87109071,15.51142448,3.695979574,6.656956789,38.55734929,18.94911822,2.718368981,3.068064468,28.65602086,13.26717419,12.35418794,4.968132402,2.545766841,67.90980816,2.599791742,3.830655423,20.73235401,2.031831505,4,15.94520548,60.5260274
UNI,14.1000944,5.260016094,4.194952761,2.095037135,17.61161186,5.16162947,2.848250698,3.178625298,88.57397686,5.409376357,2.023146579,38.14251739,5.519385681,56.83104781,5.201729963,2.141950943,7.109548834,6.955111573,2.647775924,3.730447358,17.36574933,4,5.589041096,50.16986301
ROS,13.59253267,9.463223027,13.18728523,36.05700118,9.837631952,6.698294435,6.103069929,3.73803585,9.967526927,5.661934859,5.777499983,4.191861505,5.840955345,60.00177035,7.61021462,36.10477055,10.33973721,24.7155726,6.021446217,7.844157016,2.688664677,5,-17.75342466,48.29589041
ROS,13.16527785,31.80926549,12.1422567,20.42518153,5.595048578,7.523395768,34.2297461,3.22136831,8.373813992,12.75627713,1.72992489,16.12374234,5.683805477,7.482011044,6.200647014,9.085583741,19.30780413,8.040451115,1.560685566,47.10013883,4.91440916,5,-20.05479452,45.99452055
UNI,13.15804603,1.601101837,25.02708108,1.701090076,3.119579134,2.586821006,2.589604927,19.20491961,11.31130455,3.723389773,35.750524,34.4360541,3.897958974,15.72939101,1.455323635,3.221451694,40.80831263,12.04101076,40.47926091,2.091019757,2.385721082,6,5.194520548,49.77534247
ROS,13.12784028,0.228254197,36.88382038,6.282860964,2.083604146,0.489486297,2.66912936,46.77745644,54.96863994,7.585950709,1.837525924,4.822763066,23.04970189,6.692925991,4.122664034,14.08847235,4.386848666,2.880713138,2.529313523,2.083136896,38.09353776,4,-20.31780822,45.73150685
PIC,12.95470109,39.4024113,5.542023407,5.633365817,9.27784313,3.834932604,5.736061715,8.680048802,9.51472242,11.56951714,14.33345668,29.47541819,2.118112332,4.768843963,5.137227738,9.182983985,6.015652312,2.016555752,34.64397543,11.85939487,40.35147426,5,-14.99178082,62.56438356
UNI,12.94833395,5.397183044,1.485778173,2.051615808,3.347590275,1.406484352,174.5890475,19.68229435,2.654938264,2.329118053,2.641683787,2.328084232,2.298296314,2.09626555,3.235701493,2.199894924,2.216009138,1.863425799,11.61367366,14.39158285,1.138011457,5,5.621917808,50.20273973
ROS,12.88693548,3.257024871,5.982007729,5.943966144,3.40198895,7.782279808,21.44429122,28.74722193,7.935518619,7.152679893,68.97089667,5.82510041,4.20170393,6.872023072,6.084144026,6.788119297,15.92483062,14.08345972,28.47606152,3.522617525,5.342773557,4,1.315068493,67.36438356
OLI,12.80108027,5.086008735,1.732482137,17.71793519,1.386110969,0.972347618,20.74896462,12.65812667,33.12228344,5.316254129,48.78635501,2.965424195,0.805322271,3.316123806,4.639701318,1.429360438,13.77516221,1.019152429,8.166184851,70.78935855,1.58894687,5,10.61917808,69.69863014
UNI,12.63487629,1.259193859,0.582488345,3.936093637,41.99106899,5.452418527,1.494261975,13.04357005,0.919078091,28.0015029,0.31355752,14.68760419,42.05093469,14.21679663,11.10752926,3.109369452,2.468838718,7.963095158,4.66340232,51.63926053,3.797460965,5,16.43835616,61.01917808
ROS,12.58771393,2.957340726,1.902220941,21.65347407,17.99681675,32.20887415,21.4730688,3.223573339,1.905277585,5.591158925,24.14318338,9.715427473,3.180867174,24.66001711,1.66260362,3.300584164,5.079810008,23.96481909,9.607139702,24.11036804,13.4176535,5,-8.317808219,57.73150685
ROS,12.46050576,2.298167973,15.4958986,11.35352387,1.320284937,1.644977285,3.998281259,3.202743968,2.632395224,2.302107166,11.68042537,4.701584969,23.7150616,79.39684567,2.137550812,33.56416166,2.383735861,1.185319971,37.393837,1.283677221,7.519534708,4,-9.04109589,57.00821918
PIC,12.46015126,10.01679717,3.673877416,3.085012046,13.66047123,16.77092446,35.30281497,4.550659266,49.16351691,4.296141462,9.943284851,24.97374234,2.553445857,2.469426089,36.31955931,3.041677504,4.774501703,4.999080789,4.172784671,6.779825453,8.655481713,5,-19.13424658,58.42191781
UNI,12.27458495,12.20365404,1.540655655,25.68405271,64.28588448,1.998479074,1.821796387,3.681493348,1.932801669,3.157225409,7.363051665,3.260215655,3.550595586,7.317768662,45.42377213,3.417739082,5.139720405,22.17640097,26.83444805,2.422605882,2.279338054,6,11.17808219,55.75890411
ROS,12.09313803,20.75775468,2.002282012,1.733294764,7.269259666,11.60448512,4.796087064,6.339971191,5.250612569,2.866654638,7.495756341,54.14657772,55.39176752,4.090744036,5.776388619,3.903708187,11.3317574,9.915272215,16.92223305,4.104413882,6.163739856,4,-13.18356164,52.86575342
ROS,12.0834797,2.253161617,3.872202323,1.985106576,2.448736439,1.636026752,8.582267719,3.546130468,4.395073888,3.887353942,7.878019551,4.059939293,4.079522145,18.63352857,4.480985434,140.1759578,8.704043079,14.59873123,0.702070381,1.52166083,4.229076103,2,-12.7890411,53.26027397
PIC,12.06256401,6.537919719,16.11849632,20.99222006,11.49666419,3.533277257,4.244773534,5.417932226,2.556787272,6.97671963,5.427613456,8.287849451,54.28462195,4.347693574,19.44477587,9.042150164,5.336246652,26.71698125,10.86903219,4.447094619,15.17243079,4,-29.98356164,47.57260274
OLI,12.05601851,19.66976768,29.60315526,5.138658312,3.28289102,8.232313151,1.740417503,29.31672009,14.52581487,2.168963754,19.62992072,3.747075529,35.64861242,23.19600633,0.670428141,4.610569273,2.478625707,34.69598944,1.188331969,0.531179626,1.044929502,4,-10.81643836,48.2630137
PIC,11.98167,13.17393622,2.423410894,2.572786577,25.80804668,33.8494713,23.06990794,9.087325924,28.13070153,20.56192854,7.212275732,3.968603986,17.91277316,3.155188024,2.915327167,1.943713531,2.618499182,24.13763801,6.674684318,4.968833699,5.44834767,5,-20.05479452,57.50136986
UNI,11.96062408,3.831030078,2.431004316,4.066923928,5.225154417,3.036388433,6.670838986,31.22122699,22.64340326,23.08599897,3.627339513,3.157947074,5.411167471,6.631118988,5.843401739,19.44701214,58.0885528,13.21144835,3.952798182,5.842987483,11.78673854,5,5.391780822,49.97260274
PIC,11.82555812,3.665256755,4.677639646,34.31399141,19.01135202,4.748404943,8.238040716,7.596403934,10.03566942,12.77005081,6.016625531,2.380978267,14.02862957,1.669050847,1.700414269,10.51708262,4.840710643,46.54505046,31.25333928,8.730710744,3.771760546,5,-14.30136986,63.25479452
UNI,11.75633164,5.20724462,2.888028915,3.707523177,2.873111185,6.0170566,2.843924619,39.8638116,3.246790333,1.991000954,3.835733189,3.415923239,4.962247031,32.79205724,3.703763444,4.602600533,15.11865665,2.908952945,10.45616816,14.9059042,69.78613409,6,11.40821918,55.9890411
OLI,11.72384445,26.05646898,9.322448814,49.8810959,1.08E-07,1.011217654,0,2.184262587,0,3.328320991,0,0,0.435884119,0,0,0,0,59.20048835,68.06113101,0,14.99557042,5,-12.62465753,46.45479452
PIC,11.66147713,4.27255027,18.59368962,28.64103653,4.994244037,14.19973679,4.804449056,65.24148576,4.483198094,3.41722085,5.785536986,9.630424026,11.00687418,5.222617832,2.404248625,1.572607663,22.40267029,4.49408252,7.85598188,6.347787242,7.859100332,5,-23.96712329,53.5890411
ROS,11.58676599,5.642682338,16.62321857,7.50596077,7.777595358,3.960541257,4.660299133,5.119526987,14.60020677,29.11999857,7.43680225,21.90943648,27.93375187,35.3854547,3.845450394,14.80333771,2.975414065,9.550429468,1.460917783,2.249035238,9.175260159,5,-19.36438356,46.68493151
ROS,11.47787511,23.24046116,1.440191703,2.35144538,4.867837224,14.20759066,5.719419983,4.870769265,1.909723907,5.194645708,115.2222348,2.550341615,3.833447036,3.321681024,4.38301586,3.376789049,1.063405813,9.57747601,19.45722628,2.022949965,0.946849695,5,-8.547945205,57.50136986
OLI,11.43957884,12.89527015,8.572956729,6.038689106,6.176494559,3.854373063,23.95194319,3.243134252,4.043330091,1.339713279,7.669585594,0.724319608,0.887121783,0.471272233,0.33007173,7.002154321,13.80195262,5.687557425,43.5514726,77.84751757,0.702646902,6,4.668493151,63.74794521
PIC,11.43240808,9.708131623,1.96938026,14.67475363,1.332534645,107.5285412,2.192732044,4.301604502,2.042511397,5.514947951,8.971459444,13.95911186,2.765645633,3.280976393,2.781132437,11.32262985,8.728215221,14.21854277,6.106992549,5.618877494,1.629440737,4,-20.31780822,57.23835616
ROS,11.3324095,10.03130949,8.660741894,30.55661444,5.98698036,13.78649341,3.525792393,10.02588703,11.70165109,26.97771323,8.530857499,7.529548545,3.815781692,19.3924613,13.27788953,6.765621185,10.08069101,8.030908416,15.98840627,5.490210509,6.492630791,4,-19.62739726,46.42191781
OLI,11.23363463,68.01431301,9.520485771,3.837156181,5.638219308,3.470269985,25.74822104,9.31684531,1.331422049,0.923277304,8.406412016,23.06169478,4.56220217,2.481357241,1.148365764,1.14875682,4.975546843,42.62585167,1.474102066,5.456190507,1.532002797,4,5.293150685,64.37260274
OLI,11.10798176,26.6460629,38.22062521,9.117249159,12.22485226,9.404714255,5.317556736,15.75615223,10.89329645,4.356074075,4.33482497,1.711392268,3.501371988,9.703229568,14.55413715,3.069725656,8.35509668,3.606050616,20.66248589,4.152539723,16.57219748,6,-5.22739726,53.85205479
PIC,11.04481046,9.722536856,7.327219605,5.916076797,6.416360924,4.452153966,19.03082796,14.36849319,15.06422676,14.59649092,5.531707948,2.957149711,3.317156236,3.667021916,5.872272669,4.58948704,35.04173917,7.69025478,5.120342978,44.19427431,6.020415528,5,-14.76164384,62.79452055
ROS,11.02707111,1.918447961,2.385475141,1.474154129,30.59689259,44.05199447,26.00105434,7.09389659,5.164886629,16.61351438,6.847528214,8.65525789,2.208333454,8.084113353,17.78711474,3.022485255,2.467893977,18.22208216,2.671065971,1.183193702,14.09203726,6,-12.88767123,53.16164384
ROS,10.99952355,4.667434816,4.073714659,5.502211445,3.458133634,3.175126387,50.50556444,4.17460767,43.09359271,2.796738781,9.585446842,3.958533094,4.340768638,6.899748608,15.49969548,4.183198204,24.36145228,16.06270177,6.534014838,3.295210377,3.822576255,4,-8.810958904,57.23835616
PIC,10.97028497,17.30475683,10.09782196,2.195324493,3.809388691,12.25144798,54.66081299,6.754930961,7.158945706,5.360728341,3.680299172,27.86352022,17.29442123,3.251742559,6.1513017,4.677584496,14.40415974,3.028515845,6.29496958,5.305845621,7.859181366,4,-24.46027397,53.09589041
PIC,10.93038642,33.41814807,3.343826155,3.675306708,29.21111752,3.841331842,9.398142426,6.865567738,4.150003287,6.043267972,8.161520348,2.306506683,1.882648454,9.048891888,3.900439631,5.683289858,9.830684801,21.09588605,7.060997937,2.433885879,47.25626513,5,-18.90410959,58.65205479
PIC,10.82912232,7.613654731,12.25833117,7.73381348,7.240047448,73.17831448,12.39549485,3.029258101,4.843651514,5.188627778,8.633764696,3.545633831,1.396934626,3.454852314,2.249778071,5.795225645,7.626504183,16.08078323,8.797056413,14.257726,11.26299385,5,-14.07123288,63.48493151
OLI,10.81540308,22.45473704,12.40361785,22.38400609,14.07421274,7.516656341,3.517118529,2.49201928,16.45244939,17.25418959,17.16288597,3.709152399,51.33313963,2.822196391,2.445629328,1.443171495,1.56027409,0.979177675,6.34691146,9.014300186,0.942216122,5,10.15890411,69.23835616
ROS,10.79507883,14.22062385,26.60351173,17.82320057,4.376711548,16.65452033,11.48469136,5.188828142,1.855500416,21.69875401,8.465209817,16.50057416,6.416252527,5.724956129,3.360397053,4.90915755,12.94968899,2.206311733,9.024918259,12.97652018,13.46124825,5,-3.254794521,62.79452055
UNI,10.76928243,16.05083841,4.398097059,3.530537104,1.7008326,3.445122708,4.510141087,25.10647265,11.35517386,2.454428937,3.867281911,1.183139337,1.278439717,60.12533988,0.729290558,13.70763482,36.86776238,1.065567397,13.98146771,1.608038939,8.42004146,4,-5.22739726,39.35342466
PIC,10.70060201,3.066247355,3.366096607,3.849905176,4.555673808,10.15913835,5.675055603,15.64654645,10.55436185,66.99246436,6.309719086,2.168879943,2.058949575,2.089518998,0.994541756,2.729267257,25.11655668,6.29384882,7.083025401,27.4012585,7.900984614,4,-14.10410959,63.45205479
ROS,10.54755126,1.378301394,2.821723515,9.853381282,3.738687985,5.203077049,20.36137922,19.73118484,4.667095511,4.815642132,33.52148276,3.809488491,8.368377307,10.75811771,36.06349402,19.97991996,1.513543066,5.293697032,5.265484762,1.33735544,12.46959172,2,-13.47945205,52.56986301
UNI,10.53602206,10.82629803,15.24095628,19.21101124,2.838345614,25.01661498,4.760804863,6.372916834,56.79805231,2.163549972,3.274085769,22.87350397,1.930233618,9.330240601,1.493468085,3.002972103,11.08840881,4.156923309,2.258592632,2.775160108,5.30830212,4,11.11232877,55.69315068
OLI,10.35707258,16.13631726,69.93244777,12.95240985,2.491397112,1.948136013,2.713134025,4.196956506,33.15354668,1.879053199,4.124121611,1.499622869,0.814801795,0.61535396,0.654610141,14.7500627,27.46405981,1.936712804,0.852908692,1.450943983,7.574854842,5,-0.657534247,58.42191781
UNI,10.15913669,1.622024561,3.022660959,5.996163585,5.018927598,1.075072367,2.005556768,2.803246586,27.08475598,4.426080749,28.99923057,21.66035696,3.256558453,8.360226412,47.15175199,4.22229645,12.82143633,1.998488942,15.56772965,3.755909279,2.334259519,4,16.40547945,60.98630137
PIC,9.948976892,26.49323523,15.86612625,2.40782836,25.40939615,32.05615239,4.329296522,6.950979344,10.96352789,6.951271382,8.942871066,2.658301044,2.409802038,8.968850948,1.306569881,1.122643735,7.04229758,21.63163052,1.896766553,9.862310131,1.709680845,4,-19.16712329,58.3890411
UNI,9.858193274,14.06662745,3.439760189,2.992590114,9.209547063,34.31466113,2.468945478,3.450675415,17.06809865,2.320237074,36.3201644,3.715375738,3.513930838,30.81232702,2.271675731,2.069648489,5.715553977,2.376934715,2.599806904,12.20371855,6.233586563,5,11.60547945,56.18630137
PIC,9.849186167,4.911776064,0.145292525,0.589244452,24.03909159,24.4482627,0.314917415,8.083095657,37.79808475,3.010743689,63.41283591,1.049011377,0.239940414,15.57355918,4.704461384,2.146985779,2.646555201,0.957438809,0.273893259,1.565972716,1.072560479,6,-19.33150685,58.22465753
UNI,9.815639589,1.626446543,3.053387068,6.663294264,2.076901716,2.981588792,6.487475157,4.905731032,6.617409639,2.646641849,1.490518225,14.59742825,2.446758838,3.221847177,22.37447861,2.780691741,3.703587986,2.900468781,1.171764552,12.25656177,92.30980979,5,10.68493151,55.26575342
PIC,9.768136075,4.050102596,3.98635679,41.16349658,6.867345855,14.30307852,2.53297699,10.43199624,8.193698231,12.28594233,4.582027161,9.596409981,16.04706241,15.23298728,3.149076687,2.244716557,1.842228085,16.72158935,15.08153072,3.469606328,3.580492828,5,-29.72054795,47.83561644
ROS,9.73472489,1.348420026,0.69014493,63.88719848,0.59030377,1.364988971,1.236560143,1.698785103,12.86538312,1.600275884,1.524454695,32.89697833,3.555098952,3.73567604,22.29779197,22.3982997,6.303727718,6.49497683,1.394793309,1.092545116,7.718094699,4,-2.597260274,63.45205479
PIC,9.728184417,18.47056524,84.32947949,1.84140159,1.651157387,2.43634477,10.54381912,6.022986196,6.544640585,3.024705862,10.23816202,4.601174926,4.677945285,5.058053367,4.487663731,2.943290637,4.362777255,7.5736448,6.415692233,6.526791805,2.813392035,4,-19.62739726,57.92876712
UNI,9.622478479,1.320677018,3.561028663,3.085726559,2.39890866,3.465262821,2.930953452,103.0088173,37.16121336,2.238575062,3.454406683,2.708344706,2.005236257,2.951379552,0.760361656,2.795456627,1.568346006,3.413635846,1.532939379,10.7317366,1.356563417,5,5.161643836,49.74246575
PIC,9.576251935,7.236079621,8.840724184,27.7551867,2.618151317,8.255035175,5.473649019,5.443988115,4.881156005,9.972356294,14.20802153,24.0960304,5.378201506,4.137473837,4.006637974,3.75132251,11.54148637,12.9167964,11.61711337,4.295498537,15.10012985,4,-15.02465753,62.53150685
OLI,9.498507256,1.301901329,0.796325778,41.07972988,1.407890419,0.884114956,0.792790943,51.8093807,13.62341531,1.927991977,8.252005842,0.882592242,1.551776229,2.096283268,31.82527184,16.96065906,6.181764433,1.016107782,0.556386024,1.029795776,5.99396134,6,10.42191781,69.50136986
UNI,9.346016094,0.803616339,25.61403873,15.54271897,1.892143925,14.81579368,48.97905576,2.297700964,6.377046903,1.288080755,2.855059358,1.096611703,1.345579185,1.953091976,5.189696908,1.890493239,1.840564126,1.458688927,41.87453876,1.151939667,8.653862003,4,16.86575342,61.44657534
ROS,9.338790527,3.538412832,2.362661189,9.650781773,21.71363126,2.081236069,2.210511722,3.821438417,7.170233892,6.794914057,21.18337646,41.7398765,9.966434481,3.698801258,5.755424597,6.517350211,6.010782025,3.364985654,2.160723374,22.10378181,4.930452964,4,-8.580821918,57.46849315
OLI,9.105407307,26.94047789,35.98079354,6.069530141,17.26575895,7.286338323,5.651984457,3.97645452,1.583155943,3.115567092,6.58342317,2.016570241,1.436939966,1.50727242,1.276402368,1.125208342,38.6128268,3.361496082,2.597868802,10.71093522,5.009141862,4,-0.460273973,58.61917808
ROS,8.780639683,17.64633244,2.026039743,2.433349773,1.695191549,2.049721494,24.73980386,4.438176351,2.221844532,27.73539259,3.694662674,4.276339645,4.467647407,5.349854714,3.879792041,3.495615548,2.548877466,22.72695917,10.5714618,1.397715958,28.21801492,5,-8.778082192,57.27123288
ROS,8.762764057,43.68789763,7.528434869,2.588076441,3.334465081,3.208132897,1.544851584,5.019383692,47.69707192,8.254819006,4.396982147,3.518238056,1.953978244,9.448297335,3.451468487,2.882184542,16.31942771,3.194864414,1.646210818,2.305065931,3.275430338,6,1.380821918,67.43013699
PIC,8.348251937,7.455865748,1.829222823,3.174904294,6.579732113,2.40173596,0,3.53913494,3.291143608,3.96496423,1.031344644,11.03457195,4.953790968,1.150533003,78.64514848,0.841783191,4.963765758,0.922028613,5.797425243,3.59351095,21.79443222,5,-30.18082192,47.37534247
OLI,8.185016315,79.09305403,1.88274795,10.00274747,9.928292082,3.122988783,5.942775503,8.801146046,3.892263725,1.83143377,7.943383963,1.030578404,5.13960607,1.87651388,1.333849753,11.06417881,2.222560219,2.05637714,1.552426654,0.692630647,4.290771398,5,5.326027397,64.40547945
ROS,8.157797803,3.81975017,2.338619163,3.346384657,15.12691574,10.33792843,9.428888518,3.852731947,6.63351983,14.16989108,7.617309079,1.787083357,4.682312134,18.05435112,5.118232736,1.60330891,16.67807039,10.15996065,19.11568874,5.153876921,4.131132484,4,-20.31780822,45.73150685
ROS,7.764811792,2.542210016,7.988242852,3.940685588,3.70153655,25.10542246,13.80827962,16.58847875,9.80350937,6.820756134,9.274713607,2.746851331,2.809043837,10.41333568,5.009710596,1.246314638,23.04599812,3.309770211,3.125000078,1.571969153,2.444407254,4,-3.287671233,62.76164384
ROS,7.689082733,16.91546425,2.053239508,5.257666816,2.476128081,1.582218209,10.01283727,4.029829203,10.45433154,11.30658573,21.52406398,2.192259656,3.789557775,2.972650333,3.748126149,2.992842943,15.13942489,3.426254797,11.15043425,7.781766823,14.97597245,5,-19.59452055,46.45479452
UNI,7.511599196,2.76225638,2.417482464,4.183412665,1.072428618,1.137689614,53.60419952,2.043310324,19.55894524,5.126911194,3.320501566,1.277066049,1.992811109,4.092771636,7.163713679,2.360709541,3.129159654,8.617328662,21.54878444,2.712016491,2.110485078,6,16.47123288,61.05205479
ROS,7.372142845,1.788567292,1.942296174,14.29833969,2.045709674,20.60506547,3.390174147,4.461413753,6.403577415,37.14150782,12.10776111,2.592411552,4.210612745,7.381259928,3.636087998,2.994427288,3.341729159,1.613238326,6.850310879,2.66978392,7.968582553,6,-8.515068493,57.53424658
ROS,7.270804036,6.33404921,4.155216148,3.94098985,5.013091316,5.338338455,7.181304701,10.49596592,3.180610601,14.97059532,10.50302731,4.342990862,4.32321151,2.481069236,4.08341687,25.39583574,1.185281142,0.910854837,27.11292455,0.872871098,3.594436046,6,-13.34794521,52.70136986
OLI,7.261042197,5.321888141,1.913377812,10.19607101,4.419397119,1.888080965,1.932853644,1.418427,1.442237233,1.318388398,12.57022019,1.532552004,7.885047515,24.45365699,5.444602192,2.036913292,22.7844341,2.806013758,7.823372698,22.06808709,5.965222778,5,5.095890411,64.17534247
UNI,7.234889587,27.66497134,2.376136537,7.556427959,2.458908921,2.163835644,3.008347384,7.35542338,11.77487413,1.35207524,8.644783838,2.826519934,12.34639042,1.341058942,11.57813233,2.298431742,13.7424072,2.211118035,13.08492316,9.513157715,1.399867871,5,4.931506849,49.51232877
ROS,7.215922094,7.937939283,5.829825471,9.490031767,6.997137377,1.307132935,1.650231165,1.522607286,1.387928345,1.512319777,3.24646018,30.83670529,7.104501117,3.175709632,2.602321311,4.989108796,8.619812729,6.246389453,27.64786862,9.749360373,2.465050975,1,-12.82191781,53.22739726
ROS,7.193753482,2.003874058,2.284857919,2.66909454,1.549414206,3.457888677,5.708447998,3.111902285,2.91021962,33.77069607,2.801155718,5.067126038,8.788395485,12.1733868,3.839501299,3.002105252,26.15666286,2.574344438,5.564693934,7.927156783,8.514145665,5,-13.38082192,52.66849315
ROS,7.170023153,1.770591618,10.8996558,12.42492025,1.435303741,1.147068878,5.083727162,3.682995711,7.299957922,3.422972893,4.392863578,4.357461129,11.12237798,7.413972354,20.13458757,28.93067212,1.596423736,2.45080218,1.606898436,12.65797325,1.569236742,6,-3.221917808,62.82739726
ROS,7.035742471,2.284152782,63.8680245,9.57373172,1.352431094,2.049779395,4.524945054,2.527669001,2.333145189,14.92273536,2.229843375,4.360558022,3.031839323,4.425285458,4.789219935,2.261721466,2.698704431,0.646177294,2.238086021,7.357818518,3.238981494,4,-3.057534247,62.99178082
OLI,6.896392036,46.75335725,4.641586757,5.657717876,1.998290034,5.717035733,1.910909049,1.09620384,0.768169621,1.103674817,9.137077083,3.373283624,2.797189539,2.955969621,6.927594002,3.178486953,3.673653088,17.79123809,4.209363876,4.454589045,9.78245083,5,0.032876712,59.11232877
UNI,6.777564836,1.926641038,6.178945105,1.327433765,1.972226581,2.024849126,3.951973894,5.422749759,5.18754879,0.855323456,2.616099371,1.372571299,34.9432719,11.87193259,5.733767986,6.328290482,5.447215424,2.77872426,3.56068725,26.1362765,5.914768148,5,16.66849315,61.24931507
OLI,6.68097617,1.898414325,28.60975553,16.20717667,1.73404199,5.339995847,11.05936463,4.510967584,3.76986648,1.976924245,4.761802366,1.155179361,2.251420281,1.075379009,2.04961856,7.138132546,21.27424914,8.004011848,1.55841827,7.012735639,2.232069081,5,-0.42739726,58.65205479
OLI,6.555117799,24.28551059,6.206231572,3.959577231,1.737217087,3.064248256,2.087896863,1.904617786,28.03872827,0.80481283,2.086084625,4.102857147,9.847305155,5.387213387,1.57354442,13.13384422,1.831782116,6.147441944,4.669734578,5.741693477,4.492014438,4,0,59.07945205
OLI,6.479643965,51.18602258,2.73804116,4.78408736,2.946436004,34.9875982,2.122701041,4.239545627,3.173949516,2.073150387,4.906573984,1.579256251,0.384635404,7.813965048,1.016064247,0.822479578,1.511169917,1.134483486,0.908684602,0.469116306,0.794918614,6,5.128767123,64.20821918
ROS,6.449084522,2.736626168,4.397641258,4.653137522,18.16286478,6.59748943,6.589003706,4.674340496,6.595912713,8.714682761,4.913366352,5.143093607,9.437014438,9.137968662,3.852268087,6.906775192,4.677066952,2.678160554,3.251715744,13.91175659,1.950805429,5,-7.857534247,58.19178082
ROS,6.414163771,1.285252299,1.34203384,1.681504596,21.53343246,11.55723018,35.95020745,9.962668878,2.778667223,5.941051664,6.186300043,3.302029107,5.585662162,4.368420809,3.702425596,4.068674689,1.759401595,2.030221634,1.841672494,1.490664879,1.91575381,4,-7.890410959,58.15890411
ROS,6.223161293,2.071639226,1.743736057,1.104380235,0.74407063,2.374886153,18.81076428,34.15723241,13.9177061,2.282225968,5.353179528,2.899320771,3.196500669,2.728475564,3.682708557,3.398850482,3.439431226,11.22059052,3.459551786,2.570499494,5.307476196,5,-9.008219178,57.04109589
PIC,6.16963871,1.103390906,16.13478869,1.856534566,0.4851375,16.02568231,4.055811007,11.85692833,3.795341576,2.418275267,2.713117612,2.800263471,7.103641982,2.900185319,2.194110056,2.417937916,9.46143552,9.550572732,8.653702738,9.79729355,8.068623147,5,-20.28493151,57.27123288
PIC,6.028641436,4.900219635,37.65657986,1.64599869,1.237362336,1.777350527,1.693924814,7.03743504,8.623946078,29.83983449,4.614537454,3.768431211,2.894882033,3.92854282,3.76562344,1.475536023,1.272529148,2.247091874,1.151281987,0.49084385,0.550877407,6,-19.33150685,58.22465753
ROS,5.936347587,53.70955414,1.116363885,2.290119522,10.9775463,3.429963559,1.517795213,1.178906753,12.01520454,1.233438855,2.965727813,2.791723675,4.570913203,2.856134189,3.394452911,3.394614136,3.078752775,2.329702612,2.015642228,1.740169946,2.120225484,5,-2.564383562,63.48493151
ROS,5.717222733,2.58269033,1.363887499,0.623609631,4.478403175,19.0659721,1.996465436,4.590686367,2.647469236,2.435243498,5.18439052,15.7233146,10.14450463,6.418266134,6.445592939,5.157841993,2.497793744,13.29467653,3.955652629,3.556554349,2.181439317,4,1.545205479,67.59452055
ROS,5.706173998,3.064872273,12.23068118,2.301596755,1.650642214,1.406676626,3.212171458,1.17590521,3.363892156,1.573877099,2.339364176,27.6753552,6.876282893,5.145830645,4.037505953,7.018988954,20.60909046,2.23420092,3.817729204,2.347956632,2.040859952,6,-7.824657534,58.22465753
ROS,5.651424041,4.937041664,2.775024905,20.51114723,4.794078111,1.266618287,4.579134211,9.01952561,17.13512116,7.880182007,6.224922575,3.122945992,4.230000483,1.251519314,4.211521283,5.491768122,2.810644487,1.114046716,5.508088226,4.151967841,2.013182608,5,-7.62739726,58.42191781
ROS,5.399382092,1.467613973,1.11582564,7.124685519,2.277103753,2.376712472,2.662999112,2.568007868,3.025490721,2.858801583,3.093759557,4.109817584,4.444692942,6.484738997,3.62583975,4.198072149,29.66717996,1.304200501,16.42731246,0.666455365,8.488331922,6,-8.745205479,57.30410959
ROS,5.388922861,1.944300821,13.42999077,1.502569438,2.485266262,9.270544242,2.615672243,2.66472672,3.388870941,3.822850922,2.192651454,3.428664226,5.674615055,4.096220497,1.934881771,17.40776812,2.925476435,5.128427078,1.78338765,2.078363348,20.00320923,6,1.150684932,67.2
OLI,5.361900923,2.715561935,1.570327495,4.363416951,2.71903711,14.83414515,3.257150604,5.599855177,9.373704042,2.314303516,1.522069097,2.448644383,1.867966177,1.60152871,1.654342153,2.99355671,9.29844436,12.71432497,11.47812832,2.997523323,11.91398827,5,10.3890411,69.46849315
ROS,5.338716846,1.498936959,4.681537683,33.98669671,2.404619279,3.656775477,3.244047803,4.191004882,2.673596874,4.697726173,2.200636297,7.063432285,3.617892573,4.213057736,6.88621457,4.453103886,1.80209108,3.185985372,1.344670622,2.960997423,8.011313227,4,-7.660273973,58.3890411
ROS,5.156178072,2.069540114,2.494208798,2.148301614,10.14195068,1.17526785,8.626542174,5.176233771,3.086805403,3.660408388,4.797136508,1.078630471,2.402580397,16.67764858,13.19937009,10.17521463,1.190210821,1.426500764,2.014245787,10.12807982,1.454684788,5,1.117808219,67.16712329
ROS,5.086264373,0.560216723,1.575047176,1.572500047,0.586969562,0.514071576,6.202308508,37.17568686,6.815257009,6.028233359,4.556462482,2.857184376,11.98546198,2.617573373,3.477724686,3.597797449,1.288838372,1.053284419,0.706070392,1.344791981,7.209807133,5,-2.794520548,63.25479452
ROS,4.997548648,6.346406854,1.371596366,9.81794144,6.890387136,4.160779904,6.127086449,0.620171626,2.894084156,0.678602769,23.98409038,2.682152676,1.834897888,2.87904366,2.88727149,3.176840277,0.994701175,1.697538472,10.32656053,1.451027052,9.129792648,6,-2.991780822,63.05753425
OLI,4.684698902,2.828933942,22.43982222,12.02086015,10.40592162,3.671287516,1.349507102,1.26864537,1.348508555,1.1892795,0.480191899,1.691952866,3.056388742,10.63101127,2.263951811,2.033878687,5.239130894,3.152489469,4.152174064,1.763652197,2.706390165,4,-0.230136986,58.84931507
OLI,4.66756439,4.427969707,6.177639879,13.32437998,2.474286571,18.09090163,1.359171129,3.125300309,5.189418925,3.489897284,7.889308961,0.820750526,0.826109111,3.492668688,1.172418956,1.056506972,1.791005436,2.796155364,12.84019379,1.422558359,1.584646223,6,5.35890411,64.43835616
PIC,4.610775422,1.316774454,1.072392653,14.10714298,19.04779227,0.938492895,4.68584984,6.01308328,4.676969436,0.597670123,1.344831756,16.82577974,2.300139177,1.100752532,0.569622718,2.124123007,1.296937156,7.424142687,3.12984558,1.16950262,2.473663544,4,-14.56438356,62.99178082
ROS,4.398399165,7.257066458,11.30203027,13.66787644,0.785860986,0.614837435,1.941459507,2.228707356,2.842124863,0.813155571,1.11535611,4.278691253,3.229478542,22.03037931,2.75802193,5.32187109,2.15565301,1.585682938,1.552777203,1.025473414,1.461479602,6,-2.531506849,63.51780822
OLI,4.391254246,4.579146779,3.572470601,2.880193623,3.378304861,6.106848382,2.384772636,2.429407317,1.411661233,0.940169494,0.597330667,4.489300505,3.938762641,5.369613946,7.003199329,1.330372933,3.505460811,5.463573372,2.091509472,9.477267994,16.87571832,4,5.063013699,64.14246575
ROS,4.286783645,1.529098522,1.149650777,1.237757805,0.372577309,2.33921224,1.280509578,4.576670346,1.094972435,16.82783897,0.563276255,1.830281301,4.708535292,3.237365214,1.571125602,3.899384942,18.96808915,2.251296218,12.76339235,0.82223341,4.71240518,6,-2.761643836,63.28767123
ROS,4.187194042,1.591506475,2.403796272,1.099906581,13.17764131,4.120645094,3.387637695,1.748562511,3.542444514,5.167222803,10.20511608,2.224086495,1.449939831,2.106295679,14.31787354,4.487459753,3.802316557,3.529506374,1.807245686,0.865266582,2.709411012,4,-12.72328767,53.3260274
OLI,4.155245808,3.199399241,2.956324777,5.215860289,14.0947632,3.564203202,1.608979094,2.392032634,1.686776973,0.713759504,0.319605267,1.532621154,0.548626119,1.010594122,0.738522959,0.83285089,2.251360825,16.30836936,2.218337743,18.94799263,2.963936183,5,5.556164384,64.63561644
ROS,4.13627662,2.623758247,3.719141073,1.336411296,3.430660989,1.994991897,3.752577543,2.425670405,5.166513051,3.154436265,3.402366627,3.867738993,5.035905244,7.007220792,5.526698017,3.677777055,3.671815057,4.746045032,1.547779778,6.632209162,10.00581588,4,-8.120547945,57.92876712
UNI,4.022315395,0.813375528,8.987349211,11.27043711,1.359058959,1.4288827,3.011154923,1.363810834,1.922114328,0.761687207,4.198216167,15.26161919,12.11698827,4.690371565,2.722510629,2.09874645,0.504322101,1.625038965,0.632534688,3.739886563,1.938202524,4,16.63561644,61.21643836
PIC,3.657639226,3.874696845,3.445864446,22.01566996,1.339724618,1.971169379,2.210082616,1.318745234,7.051663447,1.744675754,2.100238918,4.912044754,2.225794798,1.282473841,1.01765142,1.658837393,1.895374865,8.460324666,1.022288972,1.002953829,2.60250877,4,-20.08767123,57.46849315
PIC,3.595757244,1.899125906,1.949994792,3.687053835,3.166742416,4.107109884,5.173572741,5.728136455,3.019555755,8.611107068,4.997801616,0.884000769,19.14366777,1.109552933,0.313190483,1.067718251,1.142434441,0.640199195,2.293056888,0.834328571,2.146795112,4,-14.79452055,62.76164384
PIC,3.43030482,3.202135206,2.517951092,5.223766197,0.950229789,1.954526737,4.14586077,3.956790016,3.270905266,1.770843791,5.382767915,2.740308594,5.197259086,3.775465359,1.909068176,3.887791222,2.015791388,2.179260315,2.441369322,0.969970433,11.11403574,4,-19.85753425,57.69863014
ROS,3.396680158,1.554744555,1.159197609,1.599380422,16.33858104,1.10988811,2.510912832,2.114177181,1.966283444,2.466325084,7.83044865,1.554037365,3.647965262,3.908334683,2.975181929,4.102097433,1.861950726,1.073765975,2.466143549,1.663792178,6.030395146,4,-2.82739726,63.22191781
ROS,3.318775123,1.133609686,1.278895119,0.974481793,6.052407597,1.294837248,1.090148849,2.131861601,1.783021907,2.232843542,2.832032722,3.34972118,4.863688521,3.225814295,1.869582461,6.321941724,2.527531627,8.396424207,2.159206564,1.618916405,11.23853542,4,1.084931507,67.13424658
OLI,2.588608944,5.520902122,0.721016331,7.676357716,1.357542703,15.86194081,0.385084804,4.389566522,1.038108519,2.671983239,2.840251423,0.48297941,0.480128696,0.434053927,1.84597593,1.705442808,1.185889949,0.242589002,0.586200829,0.884123935,1.46204021,6,5.589041096,64.66849315
