tau,mature,ID,age
NaN,-5.91780821917808,UNI,38.6630136986301
NaN,-5.91780821917808,UNI,38.6630136986301
NaN,-5.91780821917808,UNI,38.6630136986301
NaN,-5.91780821917808,UNI,38.6630136986301
NaN,-5.91780821917808,UNI,38.6630136986301
NaN,-5.91780821917808,UNI,38.6630136986301
NaN,-5.91780821917808,UNI,38.6630136986301
NaN,-5.88493150684931,UNI,38.6958904109589
NaN,-5.88493150684931,UNI,38.6958904109589
NaN,-5.88493150684931,UNI,38.6958904109589
NaN,-5.88493150684931,UNI,38.6958904109589
NaN,-5.88493150684931,UNI,38.6958904109589
0.341691490608983,-5.88493150684931,UNI,38.6958904109589
NaN,-5.88493150684931,UNI,38.6958904109589
NaN,-5.88493150684931,UNI,38.6958904109589
NaN,-5.85205479452055,UNI,38.7287671232877
NaN,-5.85205479452055,UNI,38.7287671232877
NaN,-5.85205479452055,UNI,38.7287671232877
NaN,-5.72054794520548,UNI,38.8602739726027
NaN,-5.72054794520548,UNI,38.8602739726027
NaN,-5.72054794520548,UNI,38.8602739726027
0.363220585005989,-5.72054794520548,UNI,38.8602739726027
0.201940676200056,-5.68767123287671,UNI,38.8931506849315
NaN,-5.68767123287671,UNI,38.8931506849315
NaN,-5.68767123287671,UNI,38.8931506849315
NaN,-5.68767123287671,UNI,38.8931506849315
0.215483614012279,-5.68767123287671,UNI,38.8931506849315
0.163869371392371,-5.68767123287671,UNI,38.8931506849315
NaN,-5.65479452054795,UNI,38.9260273972603
NaN,-5.65479452054795,UNI,38.9260273972603
NaN,-5.65479452054795,UNI,38.9260273972603
NaN,-5.65479452054795,UNI,38.9260273972603
NaN,-5.62191780821918,UNI,38.958904109589
NaN,-5.62191780821918,UNI,38.958904109589
NaN,-5.62191780821918,UNI,38.958904109589
0.227338665385826,-5.62191780821918,UNI,38.958904109589
NaN,-5.62191780821918,UNI,38.958904109589
NaN,-5.62191780821918,UNI,38.958904109589
NaN,-5.45753424657534,UNI,39.1232876712329
NaN,-5.45753424657534,UNI,39.1232876712329
NaN,-5.45753424657534,UNI,39.1232876712329
NaN,-5.45753424657534,UNI,39.1232876712329
NaN,-5.45753424657534,UNI,39.1232876712329
NaN,-5.42465753424657,UNI,39.1561643835616
NaN,-5.42465753424657,UNI,39.1561643835616
NaN,-5.42465753424657,UNI,39.1561643835616
0.138771427567581,-5.42465753424657,UNI,39.1561643835616
NaN,-5.42465753424657,UNI,39.1561643835616
NaN,-5.42465753424657,UNI,39.1561643835616
0.159347304894508,-5.42465753424657,UNI,39.1561643835616
0.202992746377031,-5.39178082191781,UNI,39.1890410958904
NaN,-5.39178082191781,UNI,39.1890410958904
NaN,-5.39178082191781,UNI,39.1890410958904
NaN,-5.39178082191781,UNI,39.1890410958904
0.0472255368692315,-5.39178082191781,UNI,39.1890410958904
NaN,-5.39178082191781,UNI,39.1890410958904
NaN,-5.39178082191781,UNI,39.1890410958904
NaN,-5.22739726027397,UNI,39.3534246575342
NaN,-5.22739726027397,UNI,39.3534246575342
NaN,-5.22739726027397,UNI,39.3534246575342
NaN,-5.22739726027397,UNI,39.3534246575342
NaN,-5.19452054794521,UNI,39.386301369863
NaN,-5.19452054794521,UNI,39.386301369863
NaN,-5.19452054794521,UNI,39.386301369863
0.0637395512538695,-5.19452054794521,UNI,39.386301369863
NaN,-5.16164383561644,UNI,39.4191780821918
NaN,-5.16164383561644,UNI,39.4191780821918
0.297502393596746,-5.16164383561644,UNI,39.4191780821918
NaN,-5.06301369863014,UNI,39.5178082191781
NaN,-5.06301369863014,UNI,39.5178082191781
NaN,-5.06301369863014,UNI,39.5178082191781
NaN,-5.06301369863014,UNI,39.5178082191781
NaN,-5.06301369863014,UNI,39.5178082191781
0.0405577039076676,-4.9972602739726,UNI,39.5835616438356
NaN,-4.9972602739726,UNI,39.5835616438356
NaN,-0.394520547945205,UNI,44.186301369863
NaN,-0.394520547945205,UNI,44.186301369863
NaN,-0.394520547945205,UNI,44.186301369863
0.0480996258210857,-0.394520547945205,UNI,44.186301369863
NaN,-0.361643835616438,UNI,44.2191780821918
NaN,-0.361643835616438,UNI,44.2191780821918
NaN,-0.361643835616438,UNI,44.2191780821918
NaN,-0.197260273972603,UNI,44.3835616438356
NaN,-0.197260273972603,UNI,44.3835616438356
NaN,-0.197260273972603,UNI,44.3835616438356
0.0202722901048721,-0.197260273972603,UNI,44.3835616438356
NaN,-0.197260273972603,UNI,44.3835616438356
NaN,-0.197260273972603,UNI,44.3835616438356
NaN,-0.131506849315069,UNI,44.4493150684931
NaN,-0.131506849315069,UNI,44.4493150684931
NaN,-0.131506849315069,UNI,44.4493150684931
NaN,-0.131506849315069,UNI,44.4493150684931
NaN,-0.131506849315069,UNI,44.4493150684931
NaN,-0.131506849315069,UNI,44.4493150684931
NaN,-0.131506849315069,UNI,44.4493150684931
0.164531405054104,0.263013698630137,UNI,44.8438356164384
0.0601878319128453,0.263013698630137,UNI,44.8438356164384
0.00908439341563932,0.263013698630137,UNI,44.8438356164384
NaN,0.263013698630137,UNI,44.8438356164384
NaN,0.263013698630137,UNI,44.8438356164384
0.00908439341563932,0.263013698630137,UNI,44.8438356164384
0.0736748751026058,0.263013698630137,UNI,44.8438356164384
NaN,0.328767123287671,UNI,44.9095890410959
0.0998876902701277,0.361643835616438,UNI,44.9424657534247
NaN,0.361643835616438,UNI,44.9424657534247
NaN,0.361643835616438,UNI,44.9424657534247
NaN,0.361643835616438,UNI,44.9424657534247
NaN,0.361643835616438,UNI,44.9424657534247
NaN,0.361643835616438,UNI,44.9424657534247
0.193269327750687,0.361643835616438,UNI,44.9424657534247
0.0998876902701277,0.361643835616438,UNI,44.9424657534247
NaN,0.361643835616438,UNI,44.9424657534247
NaN,0.361643835616438,UNI,44.9424657534247
NaN,0.361643835616438,UNI,44.9424657534247
NaN,0.493150684931507,UNI,45.0739726027397
NaN,0.493150684931507,UNI,45.0739726027397
0.117980797650387,0.493150684931507,UNI,45.0739726027397
NaN,0.493150684931507,UNI,45.0739726027397
0.109649054225599,0.493150684931507,UNI,45.0739726027397
NaN,0.493150684931507,UNI,45.0739726027397
0.456675281073576,0.493150684931507,UNI,45.0739726027397
0.213576594242527,0.493150684931507,UNI,45.0739726027397
NaN,0.493150684931507,UNI,45.0739726027397
0.109649054225599,0.493150684931507,UNI,45.0739726027397
NaN,0.493150684931507,UNI,45.0739726027397
NaN,0.493150684931507,UNI,45.0739726027397
0.456675281073576,0.493150684931507,UNI,45.0739726027397
NaN,0.526027397260274,UNI,45.1068493150685
0.205538906503257,0.526027397260274,UNI,45.1068493150685
NaN,0.526027397260274,UNI,45.1068493150685
0.241643231258714,0.526027397260274,UNI,45.1068493150685
0.197306777837804,0.558904109589041,UNI,45.1397260273973
NaN,0.558904109589041,UNI,45.1397260273973
NaN,0.558904109589041,UNI,45.1397260273973
0.0497080729402225,0.558904109589041,UNI,45.1397260273973
NaN,0.558904109589041,UNI,45.1397260273973
0.328880886492322,0.558904109589041,UNI,45.1397260273973
0.0819345206394618,4.86575342465753,UNI,49.4465753424657
NaN,4.86575342465753,UNI,49.4465753424657
NaN,4.86575342465753,UNI,49.4465753424657
NaN,4.86575342465753,UNI,49.4465753424657
NaN,4.86575342465753,UNI,49.4465753424657
NaN,4.86575342465753,UNI,49.4465753424657
NaN,4.8986301369863,UNI,49.4794520547945
NaN,4.8986301369863,UNI,49.4794520547945
NaN,4.8986301369863,UNI,49.4794520547945
0.150961500431571,4.8986301369863,UNI,49.4794520547945
NaN,4.93150684931507,UNI,49.5123287671233
NaN,4.93150684931507,UNI,49.5123287671233
0.177500385525971,4.93150684931507,UNI,49.5123287671233
NaN,5.0958904109589,UNI,49.6767123287671
NaN,5.0958904109589,UNI,49.6767123287671
0.0256369835337301,5.0958904109589,UNI,49.6767123287671
0.0529766322581353,5.0958904109589,UNI,49.6767123287671
0.0260773162453363,5.0958904109589,UNI,49.6767123287671
0.0602671824259207,5.12876712328767,UNI,49.7095890410959
NaN,5.12876712328767,UNI,49.7095890410959
NaN,5.39178082191781,UNI,49.972602739726
NaN,5.39178082191781,UNI,49.972602739726
NaN,5.58904109589041,UNI,50.1698630136986
NaN,5.58904109589041,UNI,50.1698630136986
NaN,5.58904109589041,UNI,50.1698630136986
NaN,5.58904109589041,UNI,50.1698630136986
NaN,5.58904109589041,UNI,50.1698630136986
NaN,5.58904109589041,UNI,50.1698630136986
NaN,5.58904109589041,UNI,50.1698630136986
NaN,5.65479452054795,UNI,50.2356164383562
NaN,5.65479452054795,UNI,50.2356164383562
NaN,5.65479452054795,UNI,50.2356164383562
0.133832459763908,10.4219178082192,UNI,55.0027397260274
0.115437079564888,10.4219178082192,UNI,55.0027397260274
NaN,10.4219178082192,UNI,55.0027397260274
0.0756400514642963,10.4219178082192,UNI,55.0027397260274
0.144458430767519,10.4219178082192,UNI,55.0027397260274
0.0108162436416546,10.4219178082192,UNI,55.0027397260274
NaN,10.4547945205479,UNI,55.0356164383562
0.273088589737165,10.4547945205479,UNI,55.0356164383562
NaN,10.4547945205479,UNI,55.0356164383562
NaN,10.4547945205479,UNI,55.0356164383562
0.0722276847021004,10.4547945205479,UNI,55.0356164383562
0.0111371022794713,10.4547945205479,UNI,55.0356164383562
NaN,10.4547945205479,UNI,55.0356164383562
NaN,10.4547945205479,UNI,55.0356164383562
NaN,10.4547945205479,UNI,55.0356164383562
NaN,10.4547945205479,UNI,55.0356164383562
NaN,10.6520547945205,UNI,55.2328767123288
0.0574318031839783,10.6520547945205,UNI,55.2328767123288
0.0571416751970092,10.6520547945205,UNI,55.2328767123288
NaN,10.6520547945205,UNI,55.2328767123288
0.0113591978926812,10.6520547945205,UNI,55.2328767123288
0.0885011895816595,10.6849315068493,UNI,55.2657534246575
NaN,10.6849315068493,UNI,55.2657534246575
NaN,10.6849315068493,UNI,55.2657534246575
0.150172465701265,10.6849315068493,UNI,55.2657534246575
NaN,10.6849315068493,UNI,55.2657534246575
NaN,10.6849315068493,UNI,55.2657534246575
0.0338319082823367,10.6849315068493,UNI,55.2657534246575
NaN,10.6849315068493,UNI,55.2657534246575
0.00789386382015659,10.6849315068493,UNI,55.2657534246575
NaN,10.6849315068493,UNI,55.2657534246575
NaN,10.6849315068493,UNI,55.2657534246575
NaN,10.7178082191781,UNI,55.2986301369863
NaN,10.7178082191781,UNI,55.2986301369863
NaN,10.7178082191781,UNI,55.2986301369863
NaN,10.7178082191781,UNI,55.2986301369863
NaN,10.8493150684931,UNI,55.4301369863014
NaN,10.8493150684931,UNI,55.4301369863014
NaN,10.8493150684931,UNI,55.4301369863014
0.0350404230583883,10.8493150684931,UNI,55.4301369863014
NaN,10.8493150684931,UNI,55.4301369863014
0.0619769808999996,10.9150684931507,UNI,55.4958904109589
0.0647649360878634,10.9150684931507,UNI,55.4958904109589
NaN,10.9150684931507,UNI,55.4958904109589
NaN,10.9479452054795,UNI,55.5287671232877
0.0568922625944608,10.9479452054795,UNI,55.5287671232877
0.0403782115465076,10.9479452054795,UNI,55.5287671232877
NaN,11.1123287671233,UNI,55.6931506849315
NaN,11.1452054794521,UNI,55.7260273972603
0.1358096268402,11.1452054794521,UNI,55.7260273972603
0.333301136886292,11.1780821917808,UNI,55.758904109589
0.0547911423367414,11.1780821917808,UNI,55.758904109589
NaN,11.1780821917808,UNI,55.758904109589
0.099822774689847,11.1780821917808,UNI,55.758904109589
NaN,11.1780821917808,UNI,55.758904109589
NaN,11.3095890410959,UNI,55.8904109589041
NaN,11.3095890410959,UNI,55.8904109589041
0.361986244892352,11.3095890410959,UNI,55.8904109589041
NaN,11.3095890410959,UNI,55.8904109589041
NaN,11.3095890410959,UNI,55.8904109589041
NaN,11.3095890410959,UNI,55.8904109589041
NaN,11.3095890410959,UNI,55.8904109589041
NaN,11.3095890410959,UNI,55.8904109589041
NaN,11.3095890410959,UNI,55.8904109589041
0.129446166321,11.3095890410959,UNI,55.8904109589041
NaN,11.3095890410959,UNI,55.8904109589041
NaN,11.4082191780822,UNI,55.9890410958904
0.0646308325505318,11.4082191780822,UNI,55.9890410958904
0.0108320565943698,11.4082191780822,UNI,55.9890410958904
0.109642737244642,11.4082191780822,UNI,55.9890410958904
NaN,11.4082191780822,UNI,55.9890410958904
NaN,11.4082191780822,UNI,55.9890410958904
0.105776785592154,11.4082191780822,UNI,55.9890410958904
0.063306882623969,11.4082191780822,UNI,55.9890410958904
0.078470138320399,11.5397260273973,UNI,56.1205479452055
0.046809745132234,11.5397260273973,UNI,56.1205479452055
0.10407427749265,11.5397260273973,UNI,56.1205479452055
NaN,11.5397260273973,UNI,56.1205479452055
NaN,11.5397260273973,UNI,56.1205479452055
NaN,11.5397260273973,UNI,56.1205479452055
NaN,11.5397260273973,UNI,56.1205479452055
0.473392178711025,11.5397260273973,UNI,56.1205479452055
NaN,11.5397260273973,UNI,56.1205479452055
0.0466322524164457,11.572602739726,UNI,56.1534246575342
0.190709559206378,11.572602739726,UNI,56.1534246575342
0.0947572777866345,11.572602739726,UNI,56.1534246575342
NaN,11.572602739726,UNI,56.1534246575342
NaN,11.572602739726,UNI,56.1534246575342
NaN,11.572602739726,UNI,56.1534246575342
NaN,11.572602739726,UNI,56.1534246575342
NaN,11.572602739726,UNI,56.1534246575342
NaN,11.572602739726,UNI,56.1534246575342
0.076587335752764,11.6054794520548,UNI,56.186301369863
NaN,11.6054794520548,UNI,56.186301369863
0.104552993348559,11.6054794520548,UNI,56.186301369863
NaN,11.6054794520548,UNI,56.186301369863
NaN,11.6054794520548,UNI,56.186301369863
0.0104892959041519,11.6054794520548,UNI,56.186301369863
NaN,11.6054794520548,UNI,56.186301369863
NaN,11.6054794520548,UNI,56.186301369863
NaN,11.6054794520548,UNI,56.186301369863
NaN,15.9452054794521,UNI,60.5260273972603
NaN,15.9452054794521,UNI,60.5260273972603
0.203559509231762,15.9452054794521,UNI,60.5260273972603
NaN,15.9452054794521,UNI,60.5260273972603
NaN,15.9452054794521,UNI,60.5260273972603
NaN,15.9452054794521,UNI,60.5260273972603
0.0283480020875827,15.9452054794521,UNI,60.5260273972603
NaN,15.9452054794521,UNI,60.5260273972603
NaN,15.9452054794521,UNI,60.5260273972603
0.0123760212198677,15.9452054794521,UNI,60.5260273972603
NaN,15.9780821917808,UNI,60.558904109589
NaN,15.9780821917808,UNI,60.558904109589
NaN,15.9780821917808,UNI,60.558904109589
0.112564905130083,15.9780821917808,UNI,60.558904109589
0.125816179707874,15.9780821917808,UNI,60.558904109589
NaN,15.9780821917808,UNI,60.558904109589
0.223919016545385,15.9780821917808,UNI,60.558904109589
NaN,15.9780821917808,UNI,60.558904109589
NaN,15.9780821917808,UNI,60.558904109589
NaN,15.9780821917808,UNI,60.558904109589
0.00916309955716713,15.9780821917808,UNI,60.558904109589
NaN,15.9780821917808,UNI,60.558904109589
NaN,15.9780821917808,UNI,60.558904109589
NaN,15.9780821917808,UNI,60.558904109589
NaN,15.9780821917808,UNI,60.558904109589
NaN,15.9780821917808,UNI,60.558904109589
NaN,15.9780821917808,UNI,60.558904109589
NaN,15.9780821917808,UNI,60.558904109589
0.063507313423703,16.1753424657534,UNI,60.7561643835616
0.0117648645282426,16.1753424657534,UNI,60.7561643835616
NaN,16.1753424657534,UNI,60.7561643835616
NaN,16.1753424657534,UNI,60.7561643835616
NaN,16.1753424657534,UNI,60.7561643835616
NaN,16.1753424657534,UNI,60.7561643835616
NaN,16.1753424657534,UNI,60.7561643835616
NaN,16.1753424657534,UNI,60.7561643835616
NaN,16.1753424657534,UNI,60.7561643835616
0.0250921057272895,16.1753424657534,UNI,60.7561643835616
NaN,16.1753424657534,UNI,60.7561643835616
NaN,16.1753424657534,UNI,60.7561643835616
NaN,16.1753424657534,UNI,60.7561643835616
NaN,16.1753424657534,UNI,60.7561643835616
NaN,16.1753424657534,UNI,60.7561643835616
NaN,16.241095890411,UNI,60.8219178082192
NaN,16.241095890411,UNI,60.8219178082192
NaN,16.241095890411,UNI,60.8219178082192
NaN,16.241095890411,UNI,60.8219178082192
NaN,16.241095890411,UNI,60.8219178082192
NaN,16.241095890411,UNI,60.8219178082192
NaN,16.241095890411,UNI,60.8219178082192
NaN,16.241095890411,UNI,60.8219178082192
NaN,16.241095890411,UNI,60.8219178082192
NaN,16.241095890411,UNI,60.8219178082192
NaN,16.241095890411,UNI,60.8219178082192
NaN,16.241095890411,UNI,60.8219178082192
0.0421968408815775,16.241095890411,UNI,60.8219178082192
NaN,16.241095890411,UNI,60.8219178082192
NaN,16.241095890411,UNI,60.8219178082192
NaN,16.4054794520548,UNI,60.986301369863
NaN,16.4054794520548,UNI,60.986301369863
0.00869258703922706,16.4054794520548,UNI,60.986301369863
NaN,16.4054794520548,UNI,60.986301369863
NaN,16.4054794520548,UNI,60.986301369863
0.0145383105252063,16.4054794520548,UNI,60.986301369863
NaN,16.4054794520548,UNI,60.986301369863
0.31733331109118,16.4054794520548,UNI,60.986301369863
NaN,16.4054794520548,UNI,60.986301369863
NaN,16.4054794520548,UNI,60.986301369863
NaN,16.4054794520548,UNI,60.986301369863
0.468588837722795,16.4054794520548,UNI,60.986301369863
NaN,16.4054794520548,UNI,60.986301369863
0.23266988954584,16.4054794520548,UNI,60.986301369863
NaN,16.4054794520548,UNI,60.986301369863
NaN,16.4054794520548,UNI,60.986301369863
0.162411921388891,16.4054794520548,UNI,60.986301369863
0.123143834187348,16.4712328767123,UNI,61.0520547945205
NaN,16.4712328767123,UNI,61.0520547945205
NaN,16.4712328767123,UNI,61.0520547945205
0.374375765296059,16.4712328767123,UNI,61.0520547945205
0.0559440109584073,16.4712328767123,UNI,61.0520547945205
NaN,16.4712328767123,UNI,61.0520547945205
0.185182999153155,16.4712328767123,UNI,61.0520547945205
NaN,16.4712328767123,UNI,61.0520547945205
0.236038897620193,16.4712328767123,UNI,61.0520547945205
NaN,16.4712328767123,UNI,61.0520547945205
NaN,16.8328767123288,UNI,61.413698630137
NaN,16.8328767123288,UNI,61.413698630137
NaN,16.8328767123288,UNI,61.413698630137
NaN,16.8328767123288,UNI,61.413698630137
0.06933904366359,16.8328767123288,UNI,61.413698630137
NaN,16.8328767123288,UNI,61.413698630137
NaN,16.8328767123288,UNI,61.413698630137
NaN,16.8328767123288,UNI,61.413698630137
NaN,16.8328767123288,UNI,61.413698630137
NaN,16.8328767123288,UNI,61.413698630137
NaN,16.8657534246575,UNI,61.4465753424657
NaN,16.8657534246575,UNI,61.4465753424657
NaN,16.8657534246575,UNI,61.4465753424657
NaN,16.8657534246575,UNI,61.4465753424657
NaN,16.8657534246575,UNI,61.4465753424657
NaN,16.8657534246575,UNI,61.4465753424657
NaN,16.8657534246575,UNI,61.4465753424657
NaN,16.8657534246575,UNI,61.4465753424657
NaN,16.8657534246575,UNI,61.4465753424657
0.0495343156601376,16.8657534246575,UNI,61.4465753424657
NaN,16.8657534246575,UNI,61.4465753424657
NaN,16.8657534246575,UNI,61.4465753424657
NaN,16.8657534246575,UNI,61.4465753424657
NaN,16.8657534246575,UNI,61.4465753424657
NaN,16.8657534246575,UNI,61.4465753424657
NaN,16.8657534246575,UNI,61.4465753424657
NaN,16.8657534246575,UNI,61.4465753424657
NaN,16.8986301369863,UNI,61.4794520547945
0.0270283433985137,16.8986301369863,UNI,61.4794520547945
NaN,16.8986301369863,UNI,61.4794520547945
NaN,16.8986301369863,UNI,61.4794520547945
NaN,16.8986301369863,UNI,61.4794520547945
0.21422121537409,16.8986301369863,UNI,61.4794520547945
NaN,16.9315068493151,UNI,61.5123287671233
NaN,16.9315068493151,UNI,61.5123287671233
NaN,16.9315068493151,UNI,61.5123287671233
NaN,16.9315068493151,UNI,61.5123287671233
NaN,16.9315068493151,UNI,61.5123287671233
NaN,16.9315068493151,UNI,61.5123287671233
NaN,16.9315068493151,UNI,61.5123287671233
NaN,16.9315068493151,UNI,61.5123287671233
NaN,16.9315068493151,UNI,61.5123287671233
NaN,16.9315068493151,UNI,61.5123287671233
NaN,-20.0219178082192,ROS,46.027397260274
NaN,-20.0219178082192,ROS,46.027397260274
NaN,-20.0219178082192,ROS,46.027397260274
NaN,-20.0219178082192,ROS,46.027397260274
NaN,-19.8904109589041,ROS,46.158904109589
NaN,-19.8904109589041,ROS,46.158904109589
NaN,-19.8904109589041,ROS,46.158904109589
0.104511082235595,-19.8246575342466,ROS,46.2246575342466
0.104511082235595,-19.8246575342466,ROS,46.2246575342466
NaN,-19.8246575342466,ROS,46.2246575342466
0.120698729191086,-19.8246575342466,ROS,46.2246575342466
0.120698729191086,-19.8246575342466,ROS,46.2246575342466
0.0664114576200623,-19.8246575342466,ROS,46.2246575342466
NaN,-19.8246575342466,ROS,46.2246575342466
0.10652545995194,-19.8246575342466,ROS,46.2246575342466
0.0505641503024204,-19.8246575342466,ROS,46.2246575342466
NaN,-19.8246575342466,ROS,46.2246575342466
NaN,-19.627397260274,ROS,46.4219178082192
NaN,-19.627397260274,ROS,46.4219178082192
NaN,-19.627397260274,ROS,46.4219178082192
NaN,-19.627397260274,ROS,46.4219178082192
NaN,-19.627397260274,ROS,46.4219178082192
NaN,-19.5945205479452,ROS,46.4547945205479
NaN,-19.5945205479452,ROS,46.4547945205479
NaN,-19.5945205479452,ROS,46.4547945205479
NaN,-19.5945205479452,ROS,46.4547945205479
0.00909324448712321,-19.5945205479452,ROS,46.4547945205479
NaN,-17.8191780821918,ROS,48.2301369863014
NaN,-17.8191780821918,ROS,48.2301369863014
NaN,-17.8191780821918,ROS,48.2301369863014
NaN,-17.8191780821918,ROS,48.2301369863014
NaN,-17.2602739726027,ROS,48.7890410958904
NaN,-17.2602739726027,ROS,48.7890410958904
NaN,-17.2602739726027,ROS,48.7890410958904
NaN,-13.6767123287671,ROS,52.372602739726
NaN,-13.6767123287671,ROS,52.372602739726
NaN,-13.6767123287671,ROS,52.372602739726
0.24395441101049,-13.6767123287671,ROS,52.372602739726
0.190971775810498,-13.6767123287671,ROS,52.372602739726
0.498195639015978,-13.6767123287671,ROS,52.372602739726
NaN,-13.6767123287671,ROS,52.372602739726
NaN,-13.6438356164384,ROS,52.4054794520548
NaN,-13.6438356164384,ROS,52.4054794520548
0.121488838773246,-13.6438356164384,ROS,52.4054794520548
0.0535298973208109,-13.4794520547945,ROS,52.5698630136986
0.0940962857320085,-13.4794520547945,ROS,52.5698630136986
NaN,-13.4794520547945,ROS,52.5698630136986
NaN,-13.4794520547945,ROS,52.5698630136986
0.0864304415293147,-13.4794520547945,ROS,52.5698630136986
NaN,-13.4794520547945,ROS,52.5698630136986
0.0444251811156443,-13.4794520547945,ROS,52.5698630136986
NaN,-13.4465753424658,ROS,52.6027397260274
NaN,-13.3808219178082,ROS,52.6684931506849
NaN,-13.3808219178082,ROS,52.6684931506849
NaN,-13.3808219178082,ROS,52.6684931506849
0.0728668352207882,-13.3808219178082,ROS,52.6684931506849
NaN,-13.3808219178082,ROS,52.6684931506849
NaN,-12.7890410958904,ROS,53.2602739726027
NaN,-12.7890410958904,ROS,53.2602739726027
0.236368072889457,-12.7890410958904,ROS,53.2602739726027
NaN,-9.07397260273973,ROS,56.9753424657534
NaN,-7.89041095890411,ROS,58.158904109589
0.0953503346835159,-7.85753424657534,ROS,58.1917808219178
NaN,-7.85753424657534,ROS,58.1917808219178
NaN,-3.28767123287671,ROS,62.7616438356164
NaN,-3.28767123287671,ROS,62.7616438356164
NaN,-3.28767123287671,ROS,62.7616438356164
NaN,-3.28767123287671,ROS,62.7616438356164
NaN,-3.28767123287671,ROS,62.7616438356164
NaN,-3.28767123287671,ROS,62.7616438356164
NaN,-3.28767123287671,ROS,62.7616438356164
NaN,-3.28767123287671,ROS,62.7616438356164
NaN,-3.28767123287671,ROS,62.7616438356164
NaN,-3.28767123287671,ROS,62.7616438356164
NaN,-3.28767123287671,ROS,62.7616438356164
NaN,-3.28767123287671,ROS,62.7616438356164
0.0441199793769331,-3.28767123287671,ROS,62.7616438356164
NaN,-3.28767123287671,ROS,62.7616438356164
NaN,-2.86027397260274,ROS,63.1890410958904
NaN,-2.86027397260274,ROS,63.1890410958904
NaN,-2.82739726027397,ROS,63.2219178082192
NaN,-2.76164383561644,ROS,63.2876712328767
NaN,-2.76164383561644,ROS,63.2876712328767
NaN,-2.76164383561644,ROS,63.2876712328767
NaN,-2.63013698630137,ROS,63.4191780821918
NaN,-2.63013698630137,ROS,63.4191780821918
NaN,-2.5972602739726,ROS,63.4520547945205
0.0298884648334977,-2.5972602739726,ROS,63.4520547945205
NaN,-2.5972602739726,ROS,63.4520547945205
NaN,-2.5972602739726,ROS,63.4520547945205
0.00723202008125595,-2.5972602739726,ROS,63.4520547945205
NaN,-2.5972602739726,ROS,63.4520547945205
0.0125659528003373,-2.53150684931507,ROS,63.5178082191781
0.0458809091000114,-2.53150684931507,ROS,63.5178082191781
0.00878745521213247,-2.53150684931507,ROS,63.5178082191781
0.497237159674855,1.05205479452055,ROS,67.1013698630137
NaN,1.05205479452055,ROS,67.1013698630137
NaN,1.05205479452055,ROS,67.1013698630137
NaN,1.05205479452055,ROS,67.1013698630137
NaN,1.05205479452055,ROS,67.1013698630137
NaN,1.05205479452055,ROS,67.1013698630137
NaN,1.05205479452055,ROS,67.1013698630137
0.0709334459212291,1.05205479452055,ROS,67.1013698630137
NaN,1.08493150684932,ROS,67.1342465753425
NaN,1.08493150684932,ROS,67.1342465753425
NaN,1.08493150684932,ROS,67.1342465753425
0.194852047292504,1.08493150684932,ROS,67.1342465753425
NaN,1.08493150684932,ROS,67.1342465753425
0.206836787648602,1.08493150684932,ROS,67.1342465753425
NaN,1.08493150684932,ROS,67.1342465753425
NaN,1.08493150684932,ROS,67.1342465753425
NaN,1.11780821917808,ROS,67.1671232876712
NaN,1.11780821917808,ROS,67.1671232876712
0.0406700741823457,1.11780821917808,ROS,67.1671232876712
NaN,1.11780821917808,ROS,67.1671232876712
NaN,1.11780821917808,ROS,67.1671232876712
0.0320554746726922,1.11780821917808,ROS,67.1671232876712
NaN,1.11780821917808,ROS,67.1671232876712
NaN,1.15068493150685,ROS,67.2
NaN,1.15068493150685,ROS,67.2
NaN,1.15068493150685,ROS,67.2
NaN,1.15068493150685,ROS,67.2
NaN,1.15068493150685,ROS,67.2
NaN,1.15068493150685,ROS,67.2
NaN,1.15068493150685,ROS,67.2
NaN,1.31506849315068,ROS,67.3643835616438
NaN,1.31506849315068,ROS,67.3643835616438
NaN,1.34794520547945,ROS,67.3972602739726
NaN,1.34794520547945,ROS,67.3972602739726
NaN,1.34794520547945,ROS,67.3972602739726
NaN,1.34794520547945,ROS,67.3972602739726
NaN,1.34794520547945,ROS,67.3972602739726
NaN,1.34794520547945,ROS,67.3972602739726
NaN,1.34794520547945,ROS,67.3972602739726
NaN,1.34794520547945,ROS,67.3972602739726
NaN,1.34794520547945,ROS,67.3972602739726
NaN,1.34794520547945,ROS,67.3972602739726
NaN,1.34794520547945,ROS,67.3972602739726
NaN,1.34794520547945,ROS,67.3972602739726
NaN,1.38082191780822,ROS,67.4301369863014
NaN,1.38082191780822,ROS,67.4301369863014
NaN,1.38082191780822,ROS,67.4301369863014
NaN,1.38082191780822,ROS,67.4301369863014
NaN,1.38082191780822,ROS,67.4301369863014
NaN,1.38082191780822,ROS,67.4301369863014
0.0253299990891117,1.38082191780822,ROS,67.4301369863014
NaN,1.38082191780822,ROS,67.4301369863014
0.0203948801447397,1.38082191780822,ROS,67.4301369863014
NaN,1.38082191780822,ROS,67.4301369863014
NaN,1.38082191780822,ROS,67.4301369863014
NaN,1.51232876712329,ROS,67.5616438356164
NaN,1.51232876712329,ROS,67.5616438356164
NaN,1.51232876712329,ROS,67.5616438356164
0.174565235206956,1.54520547945205,ROS,67.5945205479452
NaN,1.54520547945205,ROS,67.5945205479452
0.0894185370628547,1.54520547945205,ROS,67.5945205479452
NaN,1.54520547945205,ROS,67.5945205479452
0.109188048751186,1.54520547945205,ROS,67.5945205479452
NaN,-12.6246575342466,OLI,46.4547945205479
NaN,-12.6246575342466,OLI,46.4547945205479
NaN,-12.6246575342466,OLI,46.4547945205479
NaN,-12.6246575342466,OLI,46.4547945205479
NaN,-12.6246575342466,OLI,46.4547945205479
NaN,-12.6246575342466,OLI,46.4547945205479
NaN,-10.8493150684931,OLI,48.2301369863014
NaN,-10.8493150684931,OLI,48.2301369863014
0.0851196356484804,-10.8493150684931,OLI,48.2301369863014
NaN,-10.8493150684931,OLI,48.2301369863014
NaN,-10.8493150684931,OLI,48.2301369863014
NaN,-10.8164383561644,OLI,48.2630136986301
0.33912004794785,-10.6191780821918,OLI,48.4602739726027
0.00817205000967541,-10.6191780821918,OLI,48.4602739726027
NaN,-10.586301369863,OLI,48.4931506849315
NaN,-10.5205479452055,OLI,48.558904109589
NaN,-10.5205479452055,OLI,48.558904109589
NaN,-10.5205479452055,OLI,48.558904109589
NaN,-10.5205479452055,OLI,48.558904109589
0.117876330974024,-10.5205479452055,OLI,48.558904109589
NaN,-10.5205479452055,OLI,48.558904109589
NaN,-10.5205479452055,OLI,48.558904109589
0.106345719775144,-10.5205479452055,OLI,48.558904109589
0.0724505620471055,-10.5205479452055,OLI,48.558904109589
NaN,-10.5205479452055,OLI,48.558904109589
NaN,-10.5205479452055,OLI,48.558904109589
NaN,-10.5205479452055,OLI,48.558904109589
NaN,-10.2904109589041,OLI,48.7890410958904
NaN,-10.2904109589041,OLI,48.7890410958904
NaN,-10.2904109589041,OLI,48.7890410958904
NaN,-10.2904109589041,OLI,48.7890410958904
NaN,-5.55616438356164,OLI,53.5232876712329
NaN,-5.55616438356164,OLI,53.5232876712329
NaN,-5.55616438356164,OLI,53.5232876712329
NaN,-5.55616438356164,OLI,53.5232876712329
0.0998231620059653,-5.49041095890411,OLI,53.5890410958904
0.0852448710090181,-5.49041095890411,OLI,53.5890410958904
NaN,-5.32602739726027,OLI,53.7534246575342
NaN,-5.32602739726027,OLI,53.7534246575342
NaN,-5.29315068493151,OLI,53.786301369863
NaN,-5.26027397260274,OLI,53.8191780821918
NaN,-5.26027397260274,OLI,53.8191780821918
NaN,-5.06301369863014,OLI,54.0164383561644
NaN,-5.06301369863014,OLI,54.0164383561644
NaN,-5.06301369863014,OLI,54.0164383561644
NaN,-5.03013698630137,OLI,54.0493150684931
NaN,-5.03013698630137,OLI,54.0493150684931
NaN,-5.03013698630137,OLI,54.0493150684931
NaN,-5.03013698630137,OLI,54.0493150684931
NaN,-0.657534246575342,OLI,58.4219178082192
NaN,-0.657534246575342,OLI,58.4219178082192
NaN,-0.657534246575342,OLI,58.4219178082192
0.118623811755798,-0.657534246575342,OLI,58.4219178082192
0.1386785412008,-0.657534246575342,OLI,58.4219178082192
NaN,-0.657534246575342,OLI,58.4219178082192
NaN,-0.657534246575342,OLI,58.4219178082192
NaN,-0.657534246575342,OLI,58.4219178082192
0.220640455437477,-0.46027397260274,OLI,58.6191780821918
NaN,-0.46027397260274,OLI,58.6191780821918
NaN,-0.46027397260274,OLI,58.6191780821918
0.119022872638779,-0.46027397260274,OLI,58.6191780821918
NaN,-0.46027397260274,OLI,58.6191780821918
0.105959688005811,-0.46027397260274,OLI,58.6191780821918
NaN,-0.46027397260274,OLI,58.6191780821918
NaN,-0.46027397260274,OLI,58.6191780821918
NaN,-0.46027397260274,OLI,58.6191780821918
NaN,-0.46027397260274,OLI,58.6191780821918
NaN,-0.46027397260274,OLI,58.6191780821918
0.0074119712888467,-0.0328767123287671,OLI,59.0465753424658
NaN,-0.0328767123287671,OLI,59.0465753424658
0.116825242975279,-0.0328767123287671,OLI,59.0465753424658
NaN,-0.0328767123287671,OLI,59.0465753424658
NaN,4.66849315068493,OLI,63.7479452054795
0.0133036827026225,4.66849315068493,OLI,63.7479452054795
NaN,4.66849315068493,OLI,63.7479452054795
NaN,4.66849315068493,OLI,63.7479452054795
0.113001688118708,4.66849315068493,OLI,63.7479452054795
NaN,4.66849315068493,OLI,63.7479452054795
NaN,4.66849315068493,OLI,63.7479452054795
0.00829524920686602,4.66849315068493,OLI,63.7479452054795
NaN,4.8,OLI,63.8794520547945
0.0346786812203174,4.8,OLI,63.8794520547945
0.0920432806775451,4.8,OLI,63.8794520547945
0.0391238303492576,4.8,OLI,63.8794520547945
NaN,4.83287671232877,OLI,63.9123287671233
0.0134400839096405,4.83287671232877,OLI,63.9123287671233
0.0403850405078199,4.83287671232877,OLI,63.9123287671233
NaN,4.83287671232877,OLI,63.9123287671233
NaN,4.83287671232877,OLI,63.9123287671233
NaN,4.83287671232877,OLI,63.9123287671233
0.089844943903352,4.83287671232877,OLI,63.9123287671233
0.0547497657191449,4.83287671232877,OLI,63.9123287671233
NaN,4.83287671232877,OLI,63.9123287671233
NaN,5.03013698630137,OLI,64.1095890410959
NaN,5.03013698630137,OLI,64.1095890410959
0.0321247263992676,5.03013698630137,OLI,64.1095890410959
0.0782477392814643,5.03013698630137,OLI,64.1095890410959
NaN,5.03013698630137,OLI,64.1095890410959
NaN,5.03013698630137,OLI,64.1095890410959
0.0847606916106624,5.03013698630137,OLI,64.1095890410959
NaN,5.03013698630137,OLI,64.1095890410959
NaN,5.03013698630137,OLI,64.1095890410959
NaN,5.03013698630137,OLI,64.1095890410959
0.0317838406714909,5.03013698630137,OLI,64.1095890410959
0.109691280665144,5.03013698630137,OLI,64.1095890410959
0.025696014252237,5.03013698630137,OLI,64.1095890410959
NaN,5.03013698630137,OLI,64.1095890410959
NaN,5.03013698630137,OLI,64.1095890410959
NaN,5.06301369863014,OLI,64.1424657534247
NaN,5.06301369863014,OLI,64.1424657534247
NaN,5.06301369863014,OLI,64.1424657534247
0.0267028212800543,5.06301369863014,OLI,64.1424657534247
NaN,5.0958904109589,OLI,64.1753424657534
0.158694970336745,5.0958904109589,OLI,64.1753424657534
NaN,5.0958904109589,OLI,64.1753424657534
NaN,5.0958904109589,OLI,64.1753424657534
NaN,5.0958904109589,OLI,64.1753424657534
0.0510784453335569,5.0958904109589,OLI,64.1753424657534
0.42601759710804,5.0958904109589,OLI,64.1753424657534
NaN,5.0958904109589,OLI,64.1753424657534
0.143765844124923,5.0958904109589,OLI,64.1753424657534
NaN,5.0958904109589,OLI,64.1753424657534
NaN,5.0958904109589,OLI,64.1753424657534
NaN,5.0958904109589,OLI,64.1753424657534
NaN,5.26027397260274,OLI,64.3397260273973
NaN,5.26027397260274,OLI,64.3397260273973
NaN,5.26027397260274,OLI,64.3397260273973
NaN,5.26027397260274,OLI,64.3397260273973
NaN,5.26027397260274,OLI,64.3397260273973
0.179299745935798,5.26027397260274,OLI,64.3397260273973
0.156652562939896,5.26027397260274,OLI,64.3397260273973
0.281017293238377,5.26027397260274,OLI,64.3397260273973
0.0952349764739212,5.26027397260274,OLI,64.3397260273973
NaN,5.29315068493151,OLI,64.372602739726
NaN,5.29315068493151,OLI,64.372602739726
NaN,5.29315068493151,OLI,64.372602739726
0.0665055704151597,5.29315068493151,OLI,64.372602739726
0.11276870950068,5.35890410958904,OLI,64.4383561643836
NaN,5.49041095890411,OLI,64.5698630136986
NaN,5.49041095890411,OLI,64.5698630136986
0.0769252210562352,5.49041095890411,OLI,64.5698630136986
0.0283867979300022,5.49041095890411,OLI,64.5698630136986
NaN,5.49041095890411,OLI,64.5698630136986
NaN,5.49041095890411,OLI,64.5698630136986
NaN,5.52328767123288,OLI,64.6027397260274
NaN,5.52328767123288,OLI,64.6027397260274
NaN,5.52328767123288,OLI,64.6027397260274
NaN,5.52328767123288,OLI,64.6027397260274
NaN,5.52328767123288,OLI,64.6027397260274
0.201621873041309,5.52328767123288,OLI,64.6027397260274
NaN,5.52328767123288,OLI,64.6027397260274
NaN,5.55616438356164,OLI,64.6356164383562
NaN,5.55616438356164,OLI,64.6356164383562
NaN,5.55616438356164,OLI,64.6356164383562
0.14067247477131,5.55616438356164,OLI,64.6356164383562
NaN,5.55616438356164,OLI,64.6356164383562
NaN,5.55616438356164,OLI,64.6356164383562
NaN,5.55616438356164,OLI,64.6356164383562
NaN,5.55616438356164,OLI,64.6356164383562
NaN,5.58904109589041,OLI,64.6684931506849
NaN,5.58904109589041,OLI,64.6684931506849
NaN,5.58904109589041,OLI,64.6684931506849
NaN,5.58904109589041,OLI,64.6684931506849
NaN,5.58904109589041,OLI,64.6684931506849
NaN,5.58904109589041,OLI,64.6684931506849
NaN,10.158904109589,OLI,69.2383561643836
NaN,10.158904109589,OLI,69.2383561643836
NaN,10.158904109589,OLI,69.2383561643836
NaN,10.158904109589,OLI,69.2383561643836
NaN,10.158904109589,OLI,69.2383561643836
NaN,10.158904109589,OLI,69.2383561643836
NaN,10.158904109589,OLI,69.2383561643836
NaN,10.158904109589,OLI,69.2383561643836
NaN,10.158904109589,OLI,69.2383561643836
NaN,10.158904109589,OLI,69.2383561643836
NaN,10.158904109589,OLI,69.2383561643836
NaN,10.158904109589,OLI,69.2383561643836
NaN,10.158904109589,OLI,69.2383561643836
0.0306329817980464,10.158904109589,OLI,69.2383561643836
NaN,10.158904109589,OLI,69.2383561643836
NaN,10.158904109589,OLI,69.2383561643836
NaN,10.158904109589,OLI,69.2383561643836
NaN,-10.2246575342466,TRI,39.5835616438356
NaN,-10.2246575342466,TRI,39.5835616438356
NaN,-10.2246575342466,TRI,39.5835616438356
NaN,-10.2246575342466,TRI,39.5835616438356
NaN,-10.2246575342466,TRI,39.5835616438356
NaN,-10.1917808219178,TRI,39.6164383561644
0.0169661903504533,-9.99452054794521,TRI,39.813698630137
NaN,-9.99452054794521,TRI,39.813698630137
NaN,-9.99452054794521,TRI,39.813698630137
NaN,-9.99452054794521,TRI,39.813698630137
0.171577476998197,-9.92876712328767,TRI,39.8794520547945
NaN,-9.92876712328767,TRI,39.8794520547945
NaN,-9.92876712328767,TRI,39.8794520547945
0.115804293602947,-9.89589041095891,TRI,39.9123287671233
NaN,-9.89589041095891,TRI,39.9123287671233
0.0936953084180257,-9.76438356164384,TRI,40.0438356164384
NaN,-8.25205479452055,TRI,41.5561643835616
NaN,-8.25205479452055,TRI,41.5561643835616
0.181881630818769,-8.25205479452055,TRI,41.5561643835616
NaN,-8.21917808219178,TRI,41.5890410958904
0.208508309398206,-8.21917808219178,TRI,41.5890410958904
0.0322640236331798,-8.21917808219178,TRI,41.5890410958904
NaN,-8.21917808219178,TRI,41.5890410958904
NaN,-8.21917808219178,TRI,41.5890410958904
0.0230525443481342,-8.18630136986301,TRI,41.6219178082192
0.0999741002689181,-8.18630136986301,TRI,41.6219178082192
NaN,-8.18630136986301,TRI,41.6219178082192
NaN,-8.18630136986301,TRI,41.6219178082192
NaN,-8.18630136986301,TRI,41.6219178082192
NaN,-8.18630136986301,TRI,41.6219178082192
0.0202623035642504,-7.98904109589041,TRI,41.8191780821918
NaN,-7.98904109589041,TRI,41.8191780821918
0.0999531450069482,-7.98904109589041,TRI,41.8191780821918
NaN,-7.98904109589041,TRI,41.8191780821918
0.0587851633340618,-7.98904109589041,TRI,41.8191780821918
0.082150785634563,-7.98904109589041,TRI,41.8191780821918
NaN,-7.98904109589041,TRI,41.8191780821918
NaN,-7.98904109589041,TRI,41.8191780821918
NaN,-7.98904109589041,TRI,41.8191780821918
NaN,-7.52876712328767,TRI,42.2794520547945
0.0109989608094438,-7.52876712328767,TRI,42.2794520547945
NaN,-7.52876712328767,TRI,42.2794520547945
NaN,-7.4958904109589,TRI,42.3123287671233
NaN,-7.4958904109589,TRI,42.3123287671233
NaN,-7.4958904109589,TRI,42.3123287671233
0.187524903578817,-7.4958904109589,TRI,42.3123287671233
NaN,-7.46301369863014,TRI,42.3452054794521
NaN,-7.46301369863014,TRI,42.3452054794521
NaN,-7.46301369863014,TRI,42.3452054794521
0.0743914417702865,0.756164383561644,TRI,50.5643835616438
NaN,0.756164383561644,TRI,50.5643835616438
NaN,0.756164383561644,TRI,50.5643835616438
NaN,0.756164383561644,TRI,50.5643835616438
NaN,0.986301369863014,TRI,50.7945205479452
NaN,0.986301369863014,TRI,50.7945205479452
0.40149155494065,6.08219178082192,TRI,55.8904109589041
NaN,6.08219178082192,TRI,55.8904109589041
0.281953395725159,6.08219178082192,TRI,55.8904109589041
NaN,6.08219178082192,TRI,55.8904109589041
0.0577507574948842,6.08219178082192,TRI,55.8904109589041
0.169960392139982,6.08219178082192,TRI,55.8904109589041
NaN,6.08219178082192,TRI,55.8904109589041
NaN,6.08219178082192,TRI,55.8904109589041
NaN,6.08219178082192,TRI,55.8904109589041
NaN,6.08219178082192,TRI,55.8904109589041
NaN,6.08219178082192,TRI,55.8904109589041
NaN,6.08219178082192,TRI,55.8904109589041
NaN,6.08219178082192,TRI,55.8904109589041
NaN,6.08219178082192,TRI,55.8904109589041
NaN,6.08219178082192,TRI,55.8904109589041
NaN,6.08219178082192,TRI,55.8904109589041
NaN,6.08219178082192,TRI,55.8904109589041
NaN,6.31232876712329,TRI,56.1205479452055
NaN,6.31232876712329,TRI,56.1205479452055
0.0754772212661978,6.31232876712329,TRI,56.1205479452055
NaN,6.31232876712329,TRI,56.1205479452055
NaN,6.31232876712329,TRI,56.1205479452055
NaN,6.31232876712329,TRI,56.1205479452055
0.249529705816651,6.31232876712329,TRI,56.1205479452055
NaN,6.31232876712329,TRI,56.1205479452055
NaN,6.31232876712329,TRI,56.1205479452055
NaN,6.31232876712329,TRI,56.1205479452055
NaN,6.31232876712329,TRI,56.1205479452055
NaN,6.31232876712329,TRI,56.1205479452055
NaN,11.3095890410959,TRI,61.1178082191781
NaN,11.3095890410959,TRI,61.1178082191781
NaN,11.3095890410959,TRI,61.1178082191781
NaN,11.3095890410959,TRI,61.1178082191781
NaN,11.3095890410959,TRI,61.1178082191781
NaN,11.3095890410959,TRI,61.1178082191781
NaN,11.3095890410959,TRI,61.1178082191781
NaN,11.3095890410959,TRI,61.1178082191781
NaN,11.3095890410959,TRI,61.1178082191781
0.0207886409406819,11.3095890410959,TRI,61.1178082191781
NaN,11.3095890410959,TRI,61.1178082191781
NaN,11.3095890410959,TRI,61.1178082191781
NaN,11.3095890410959,TRI,61.1178082191781
NaN,11.572602739726,TRI,61.3808219178082
NaN,11.572602739726,TRI,61.3808219178082
NaN,11.572602739726,TRI,61.3808219178082
NaN,11.572602739726,TRI,61.3808219178082
NaN,11.572602739726,TRI,61.3808219178082
NaN,11.572602739726,TRI,61.3808219178082
0.00864233792874272,11.572602739726,TRI,61.3808219178082
NaN,11.572602739726,TRI,61.3808219178082
NaN,-10.4547945205479,VIK,44.613698630137
NaN,-10.4547945205479,VIK,44.613698630137
NaN,-10.2904109589041,VIK,44.7780821917808
NaN,-10.2904109589041,VIK,44.7780821917808
NaN,-10.2575342465753,VIK,44.8109589041096
NaN,-10.2575342465753,VIK,44.8109589041096
NaN,-10.2246575342466,VIK,44.8438356164384
NaN,-10.2246575342466,VIK,44.8438356164384
NaN,-10.0602739726027,VIK,45.0082191780822
0.0183657098456756,-10.0602739726027,VIK,45.0082191780822
NaN,-9.99452054794521,VIK,45.0739726027397
0.055509319803555,-9.99452054794521,VIK,45.0739726027397
NaN,-9.99452054794521,VIK,45.0739726027397
0.0485815151805499,-9.99452054794521,VIK,45.0739726027397
NaN,-9.17260273972603,VIK,45.8958904109589
NaN,-9.17260273972603,VIK,45.8958904109589
NaN,-9.17260273972603,VIK,45.8958904109589
NaN,-7.95616438356164,VIK,47.1123287671233
NaN,-7.95616438356164,VIK,47.1123287671233
0.109801093803162,-7.95616438356164,VIK,47.1123287671233
NaN,-7.95616438356164,VIK,47.1123287671233
NaN,-7.95616438356164,VIK,47.1123287671233
NaN,-7.69315068493151,VIK,47.3753424657534
NaN,-7.69315068493151,VIK,47.3753424657534
NaN,-7.69315068493151,VIK,47.3753424657534
0.108829338633128,-7.69315068493151,VIK,47.3753424657534
0.0108517337934323,-7.56164383561644,VIK,47.5068493150685
NaN,-7.56164383561644,VIK,47.5068493150685
NaN,-7.56164383561644,VIK,47.5068493150685
NaN,-7.26575342465753,VIK,47.8027397260274
NaN,-7.26575342465753,VIK,47.8027397260274
0.128734309740216,-7.26575342465753,VIK,47.8027397260274
NaN,-7.26575342465753,VIK,47.8027397260274
NaN,-7.26575342465753,VIK,47.8027397260274
0.0551530404117489,-7.26575342465753,VIK,47.8027397260274
NaN,-7.03561643835616,VIK,48.0328767123288
NaN,-7.03561643835616,VIK,48.0328767123288
0.102660578545404,-7.03561643835616,VIK,48.0328767123288
NaN,-4.10958904109589,VIK,50.958904109589
0.10437706531731,-3.87945205479452,VIK,51.1890410958904
NaN,-3.87945205479452,VIK,51.1890410958904
NaN,-3.87945205479452,VIK,51.1890410958904
NaN,-3.81369863013699,VIK,51.2547945205479
NaN,-3.81369863013699,VIK,51.2547945205479
NaN,-3.78082191780822,VIK,51.2876712328767
NaN,-3.55068493150685,VIK,51.5178082191781
NaN,-3.55068493150685,VIK,51.5178082191781
NaN,-3.55068493150685,VIK,51.5178082191781
NaN,-3.55068493150685,VIK,51.5178082191781
0.128715299825831,-3.55068493150685,VIK,51.5178082191781
NaN,-3.55068493150685,VIK,51.5178082191781
NaN,-3.55068493150685,VIK,51.5178082191781
NaN,-3.55068493150685,VIK,51.5178082191781
NaN,-3.55068493150685,VIK,51.5178082191781
NaN,-3.55068493150685,VIK,51.5178082191781
0.22345799012584,-3.55068493150685,VIK,51.5178082191781
NaN,-3.28767123287671,VIK,51.7808219178082
NaN,-3.28767123287671,VIK,51.7808219178082
NaN,-3.25479452054795,VIK,51.813698630137
NaN,-3.25479452054795,VIK,51.813698630137
0.028645861538014,-3.25479452054795,VIK,51.813698630137
0.0495087181594075,-3.25479452054795,VIK,51.813698630137
0.135799498523637,-3.25479452054795,VIK,51.813698630137
NaN,-3.25479452054795,VIK,51.813698630137
NaN,6.73972602739726,VIK,61.8082191780822
0.00812090662211814,6.73972602739726,VIK,61.8082191780822
NaN,6.73972602739726,VIK,61.8082191780822
NaN,6.73972602739726,VIK,61.8082191780822
NaN,6.73972602739726,VIK,61.8082191780822
0.154299030386619,7.2,VIK,62.2684931506849
0.0877928869504596,7.2,VIK,62.2684931506849
NaN,7.23287671232877,VIK,62.3013698630137
NaN,7.23287671232877,VIK,62.3013698630137
0.0517365696128002,7.23287671232877,VIK,62.3013698630137
NaN,7.23287671232877,VIK,62.3013698630137
NaN,7.23287671232877,VIK,62.3013698630137
0.142485023699725,7.23287671232877,VIK,62.3013698630137
0.201292626646475,7.23287671232877,VIK,62.3013698630137
NaN,7.23287671232877,VIK,62.3013698630137
NaN,7.3972602739726,VIK,62.4657534246575
NaN,7.3972602739726,VIK,62.4657534246575
NaN,7.3972602739726,VIK,62.4657534246575
NaN,7.3972602739726,VIK,62.4657534246575
NaN,7.3972602739726,VIK,62.4657534246575
NaN,7.3972602739726,VIK,62.4657534246575
NaN,7.3972602739726,VIK,62.4657534246575
NaN,7.3972602739726,VIK,62.4657534246575
0.182865708049626,7.3972602739726,VIK,62.4657534246575
NaN,7.3972602739726,VIK,62.4657534246575
NaN,7.62739726027397,VIK,62.6958904109589
NaN,7.62739726027397,VIK,62.6958904109589
NaN,7.62739726027397,VIK,62.6958904109589
NaN,7.62739726027397,VIK,62.6958904109589
NaN,7.66027397260274,VIK,62.7287671232877
NaN,7.66027397260274,VIK,62.7287671232877
0.0243900388666793,7.66027397260274,VIK,62.7287671232877
NaN,7.66027397260274,VIK,62.7287671232877
0.465163867180165,7.66027397260274,VIK,62.7287671232877
NaN,7.66027397260274,VIK,62.7287671232877
NaN,7.66027397260274,VIK,62.7287671232877
0.106222844631737,7.66027397260274,VIK,62.7287671232877
NaN,11.8684931506849,VIK,66.9369863013699
NaN,11.8684931506849,VIK,66.9369863013699
NaN,11.8684931506849,VIK,66.9369863013699
NaN,11.8684931506849,VIK,66.9369863013699
NaN,11.8684931506849,VIK,66.9369863013699
NaN,11.8684931506849,VIK,66.9369863013699
NaN,11.8684931506849,VIK,66.9369863013699
NaN,11.8684931506849,VIK,66.9369863013699
NaN,11.8684931506849,VIK,66.9369863013699
NaN,11.8684931506849,VIK,66.9369863013699
NaN,11.8684931506849,VIK,66.9369863013699
NaN,11.8684931506849,VIK,66.9369863013699
NaN,11.8684931506849,VIK,66.9369863013699
0.140314257081802,12.0328767123288,VIK,67.1013698630137
NaN,12.0328767123288,VIK,67.1013698630137
NaN,12.0328767123288,VIK,67.1013698630137
NaN,12.0328767123288,VIK,67.1013698630137
0.224691946010488,12.0328767123288,VIK,67.1013698630137
NaN,12.0328767123288,VIK,67.1013698630137
NaN,12.6904109589041,VIK,67.758904109589
NaN,12.6904109589041,VIK,67.758904109589
NaN,12.6904109589041,VIK,67.758904109589
NaN,12.2630136986301,VIK,67.3315068493151
0.227387987527699,12.2630136986301,VIK,67.3315068493151
NaN,12.2630136986301,VIK,67.3315068493151
NaN,12.2630136986301,VIK,67.3315068493151
NaN,12.2630136986301,VIK,67.3315068493151
NaN,12.2630136986301,VIK,67.3315068493151
NaN,12.2630136986301,VIK,67.3315068493151
NaN,12.2630136986301,VIK,67.3315068493151
NaN,12.2630136986301,VIK,67.3315068493151
NaN,12.4931506849315,VIK,67.5616438356164
NaN,12.4931506849315,VIK,67.5616438356164
NaN,12.4931506849315,VIK,67.5616438356164
NaN,12.4931506849315,VIK,67.5616438356164
NaN,12.4931506849315,VIK,67.5616438356164
NaN,12.4931506849315,VIK,67.5616438356164
0.0419685868156192,13.0191780821918,VIK,68.0876712328767
NaN,13.0191780821918,VIK,68.0876712328767
NaN,13.0191780821918,VIK,68.0876712328767
NaN,13.0191780821918,VIK,68.0876712328767
0.217420247541899,-12.6246575342466,SON,42.0821917808219
0.00933972938170284,-12.4602739726027,SON,42.2465753424658
NaN,-12.4602739726027,SON,42.2465753424658
NaN,-12.427397260274,SON,42.2794520547945
NaN,-12.3945205479452,SON,42.3123287671233
NaN,-12.3616438356164,SON,42.3452054794521
0.0315083223640497,-12.3616438356164,SON,42.3452054794521
NaN,-11.9342465753425,SON,42.772602739726
0.111039349239562,-11.9342465753425,SON,42.772602739726
NaN,-11.9342465753425,SON,42.772602739726
NaN,-11.7698630136986,SON,42.9369863013699
0.0854645416233112,-11.7698630136986,SON,42.9369863013699
NaN,-11.7698630136986,SON,42.9369863013699
0.0859559714444595,-11.7369863013699,SON,42.9698630136986
0.18531284275579,-11.7369863013699,SON,42.9698630136986
NaN,-11.7041095890411,SON,43.0027397260274
NaN,-11.7041095890411,SON,43.0027397260274
NaN,-10.8164383561644,SON,43.8904109589041
0.0690984450029541,-10.8164383561644,SON,43.8904109589041
0.0160264275002079,-10.8164383561644,SON,43.8904109589041
0.261767047755866,-10.8164383561644,SON,43.8904109589041
NaN,-10.8164383561644,SON,43.8904109589041
NaN,-10.8164383561644,SON,43.8904109589041
NaN,-10.8164383561644,SON,43.8904109589041
NaN,-10.7835616438356,SON,43.9232876712329
NaN,-10.7835616438356,SON,43.9232876712329
NaN,-10.7835616438356,SON,43.9232876712329
0.282299935923213,-10.7835616438356,SON,43.9232876712329
0.0212411524763169,-10.7835616438356,SON,43.9232876712329
NaN,-10.3232876712329,SON,44.3835616438356
NaN,-10.3232876712329,SON,44.3835616438356
NaN,-10.3232876712329,SON,44.3835616438356
NaN,-10.2904109589041,SON,44.4164383561644
0.00854858707275548,-10.2904109589041,SON,44.4164383561644
NaN,-10.2904109589041,SON,44.4164383561644
0.0225968703463742,-10.2904109589041,SON,44.4164383561644
NaN,-10.158904109589,SON,44.5479452054795
0.0520583403840353,-10.158904109589,SON,44.5479452054795
NaN,-10.158904109589,SON,44.5479452054795
NaN,-10.0931506849315,SON,44.613698630137
0.0106115074531966,-8.41643835616438,SON,46.2904109589041
NaN,-8.41643835616438,SON,46.2904109589041
NaN,-8.41643835616438,SON,46.2904109589041
NaN,-8.35068493150685,SON,46.3561643835616
NaN,-3.22191780821918,SON,51.4849315068493
NaN,-3.18904109589041,SON,51.5178082191781
NaN,-3.18904109589041,SON,51.5178082191781
NaN,-3.18904109589041,SON,51.5178082191781
NaN,-3.18904109589041,SON,51.5178082191781
NaN,-3.18904109589041,SON,51.5178082191781
NaN,-3.18904109589041,SON,51.5178082191781
0.0439457622762032,-3.18904109589041,SON,51.5178082191781
NaN,-3.18904109589041,SON,51.5178082191781
0.0635327131107433,-3.18904109589041,SON,51.5178082191781
0.0496687317856319,-3.18904109589041,SON,51.5178082191781
NaN,-3.18904109589041,SON,51.5178082191781
NaN,-2.95890410958904,SON,51.7479452054795
NaN,-2.95890410958904,SON,51.7479452054795
0.100395185138441,-2.95890410958904,SON,51.7479452054795
0.0984288629443815,-2.92602739726027,SON,51.7808219178082
NaN,-2.92602739726027,SON,51.7808219178082
NaN,-2.92602739726027,SON,51.7808219178082
NaN,-2.92602739726027,SON,51.7808219178082
NaN,-2.79452054794521,SON,51.9123287671233
NaN,-2.79452054794521,SON,51.9123287671233
NaN,-2.72876712328767,SON,51.9780821917808
NaN,-2.72876712328767,SON,51.9780821917808
0.0289058068180023,-2.72876712328767,SON,51.9780821917808
NaN,-2.6958904109589,SON,52.0109589041096
0.0656303846618699,2.1041095890411,SON,56.8109589041096
NaN,2.1041095890411,SON,56.8109589041096
0.0548115341627779,2.1041095890411,SON,56.8109589041096
NaN,2.1041095890411,SON,56.8109589041096
NaN,2.1041095890411,SON,56.8109589041096
0.271874332704402,2.1041095890411,SON,56.8109589041096
NaN,2.26849315068493,SON,56.9753424657534
NaN,2.26849315068493,SON,56.9753424657534
NaN,2.26849315068493,SON,56.9753424657534
NaN,2.26849315068493,SON,56.9753424657534
NaN,2.26849315068493,SON,56.9753424657534
NaN,2.26849315068493,SON,56.9753424657534
0.0862225753218598,2.26849315068493,SON,56.9753424657534
NaN,2.26849315068493,SON,56.9753424657534
NaN,2.26849315068493,SON,56.9753424657534
0.116500817847361,2.26849315068493,SON,56.9753424657534
NaN,2.26849315068493,SON,56.9753424657534
NaN,2.26849315068493,SON,56.9753424657534
NaN,2.26849315068493,SON,56.9753424657534
NaN,2.26849315068493,SON,56.9753424657534
NaN,2.33424657534247,SON,57.041095890411
NaN,2.33424657534247,SON,57.041095890411
NaN,2.4986301369863,SON,57.2054794520548
NaN,2.4986301369863,SON,57.2054794520548
NaN,2.4986301369863,SON,57.2054794520548
NaN,2.4986301369863,SON,57.2054794520548
NaN,2.4986301369863,SON,57.2054794520548
NaN,2.4986301369863,SON,57.2054794520548
NaN,2.4986301369863,SON,57.2054794520548
NaN,2.56438356164384,SON,57.2712328767123
NaN,2.56438356164384,SON,57.2712328767123
NaN,2.56438356164384,SON,57.2712328767123
NaN,2.56438356164384,SON,57.2712328767123
NaN,2.56438356164384,SON,57.2712328767123
0.142047930927958,2.56438356164384,SON,57.2712328767123
NaN,2.56438356164384,SON,57.2712328767123
NaN,2.56438356164384,SON,57.2712328767123
NaN,2.56438356164384,SON,57.2712328767123
NaN,2.5972602739726,SON,57.3041095890411
NaN,2.5972602739726,SON,57.3041095890411
NaN,2.5972602739726,SON,57.3041095890411
NaN,2.5972602739726,SON,57.3041095890411
NaN,2.5972602739726,SON,57.3041095890411
NaN,2.5972602739726,SON,57.3041095890411
NaN,2.5972602739726,SON,57.3041095890411
NaN,2.5972602739726,SON,57.3041095890411
NaN,2.5972602739726,SON,57.3041095890411
NaN,2.5972602739726,SON,57.3041095890411
0.0142114426500238,2.5972602739726,SON,57.3041095890411
NaN,2.5972602739726,SON,57.3041095890411
NaN,2.72876712328767,SON,57.4356164383562
NaN,2.72876712328767,SON,57.4356164383562
0.0762394625002238,2.72876712328767,SON,57.4356164383562
0.00952412840892291,2.72876712328767,SON,57.4356164383562
NaN,2.72876712328767,SON,57.4356164383562
NaN,2.72876712328767,SON,57.4356164383562
0.390435854452073,2.72876712328767,SON,57.4356164383562
NaN,2.72876712328767,SON,57.4356164383562
NaN,2.72876712328767,SON,57.4356164383562
NaN,2.76164383561644,SON,57.4684931506849
0.232400728790072,2.82739726027397,SON,57.5342465753425
0.133976117550417,2.82739726027397,SON,57.5342465753425
NaN,2.82739726027397,SON,57.5342465753425
NaN,2.82739726027397,SON,57.5342465753425
NaN,2.82739726027397,SON,57.5342465753425
NaN,2.82739726027397,SON,57.5342465753425
NaN,2.82739726027397,SON,57.5342465753425
NaN,2.82739726027397,SON,57.5342465753425
NaN,2.82739726027397,SON,57.5342465753425
NaN,3.25479452054795,SON,57.9616438356164
NaN,3.25479452054795,SON,57.9616438356164
0.00848820204211931,6.87123287671233,SON,61.5780821917808
NaN,6.87123287671233,SON,61.5780821917808
NaN,6.87123287671233,SON,61.5780821917808
0.0551576110127642,6.87123287671233,SON,61.5780821917808
NaN,6.87123287671233,SON,61.5780821917808
NaN,6.87123287671233,SON,61.5780821917808
NaN,6.87123287671233,SON,61.5780821917808
0.127778106046656,6.87123287671233,SON,61.5780821917808
0.0533045060551517,6.87123287671233,SON,61.5780821917808
NaN,6.87123287671233,SON,61.5780821917808
NaN,6.87123287671233,SON,61.5780821917808
NaN,6.87123287671233,SON,61.5780821917808
NaN,6.87123287671233,SON,61.5780821917808
NaN,6.87123287671233,SON,61.5780821917808
NaN,6.87123287671233,SON,61.5780821917808
0.027101218617529,6.87123287671233,SON,61.5780821917808
NaN,6.87123287671233,SON,61.5780821917808
NaN,6.9041095890411,SON,61.6109589041096
0.0512610607928396,7.13424657534247,SON,61.841095890411
NaN,7.13424657534247,SON,61.841095890411
0.182134107468522,7.13424657534247,SON,61.841095890411
NaN,7.13424657534247,SON,61.841095890411
NaN,7.3972602739726,SON,62.1041095890411
NaN,7.3972602739726,SON,62.1041095890411
0.0563782966495699,7.3972602739726,SON,62.1041095890411
NaN,7.3972602739726,SON,62.1041095890411
NaN,7.3972602739726,SON,62.1041095890411
NaN,7.3972602739726,SON,62.1041095890411
NaN,7.85753424657534,SON,62.5643835616438
NaN,7.85753424657534,SON,62.5643835616438
NaN,7.85753424657534,SON,62.5643835616438
NaN,7.85753424657534,SON,62.5643835616438
NaN,7.85753424657534,SON,62.5643835616438
0.177944523732804,7.85753424657534,SON,62.5643835616438
NaN,7.85753424657534,SON,62.5643835616438
NaN,7.85753424657534,SON,62.5643835616438
NaN,7.85753424657534,SON,62.5643835616438
NaN,7.85753424657534,SON,62.5643835616438
NaN,7.85753424657534,SON,62.5643835616438
NaN,7.85753424657534,SON,62.5643835616438
NaN,7.85753424657534,SON,62.5643835616438
NaN,7.85753424657534,SON,62.5643835616438
NaN,7.89041095890411,SON,62.5972602739726
NaN,7.89041095890411,SON,62.5972602739726
NaN,7.89041095890411,SON,62.5972602739726
NaN,7.89041095890411,SON,62.5972602739726
NaN,7.89041095890411,SON,62.5972602739726
NaN,7.89041095890411,SON,62.5972602739726
0.484103383675265,7.89041095890411,SON,62.5972602739726
0.0366310162595258,7.89041095890411,SON,62.5972602739726
NaN,7.89041095890411,SON,62.5972602739726
NaN,7.89041095890411,SON,62.5972602739726
NaN,-8.25205479452055,QUA,48.2301369863014
0.126999632706499,-8.25205479452055,QUA,48.2301369863014
NaN,-8.21917808219178,QUA,48.2630136986301
NaN,-8.21917808219178,QUA,48.2630136986301
0.0449617411001861,-8.21917808219178,QUA,48.2630136986301
NaN,-8.15342465753425,QUA,48.3287671232877
NaN,-8.15342465753425,QUA,48.3287671232877
NaN,-8.15342465753425,QUA,48.3287671232877
NaN,-8.15342465753425,QUA,48.3287671232877
NaN,-6.77260273972603,QUA,49.7095890410959
NaN,-2.89315068493151,QUA,53.5890410958904
NaN,-2.89315068493151,QUA,53.5890410958904
NaN,-2.89315068493151,QUA,53.5890410958904
NaN,-2.89315068493151,QUA,53.5890410958904
NaN,-2.89315068493151,QUA,53.5890410958904
NaN,-2.86027397260274,QUA,53.6219178082192
NaN,-2.72876712328767,QUA,53.7534246575342
NaN,-2.72876712328767,QUA,53.7534246575342
NaN,-2.72876712328767,QUA,53.7534246575342
0.0969852903604167,-2.72876712328767,QUA,53.7534246575342
NaN,-2.72876712328767,QUA,53.7534246575342
NaN,-2.66301369863014,QUA,53.8191780821918
NaN,-2.66301369863014,QUA,53.8191780821918
0.0701528833565317,-2.66301369863014,QUA,53.8191780821918
0.060554982171617,-2.66301369863014,QUA,53.8191780821918
NaN,-2.66301369863014,QUA,53.8191780821918
NaN,-2.4986301369863,QUA,53.9835616438356
0.0849833368861801,-2.4986301369863,QUA,53.9835616438356
NaN,-2.4986301369863,QUA,53.9835616438356
0.103514340593795,-2.4986301369863,QUA,53.9835616438356
NaN,-2.46575342465753,QUA,54.0164383561644
NaN,-2.46575342465753,QUA,54.0164383561644
NaN,-2.46575342465753,QUA,54.0164383561644
NaN,-2.46575342465753,QUA,54.0164383561644
NaN,-30.8383561643836,PIC,46.7178082191781
NaN,-30.213698630137,PIC,47.3424657534247
NaN,-30.1808219178082,PIC,47.3753424657534
0.0990899066772496,-30.0164383561644,PIC,47.5397260273973
NaN,-30.0164383561644,PIC,47.5397260273973
0.0689264823401587,-30.0164383561644,PIC,47.5397260273973
0.106727949515752,-29.786301369863,PIC,47.7698630136986
NaN,-24.6246575342466,PIC,52.9315068493151
NaN,-24.4602739726027,PIC,53.0958904109589
NaN,-24.4602739726027,PIC,53.0958904109589
NaN,-24.3945205479452,PIC,53.1616438356164
NaN,-24.3945205479452,PIC,53.1616438356164
NaN,-24.3945205479452,PIC,53.1616438356164
NaN,-24.3945205479452,PIC,53.1616438356164
NaN,-24.3945205479452,PIC,53.1616438356164
NaN,-24.2630136986301,PIC,53.2931506849315
NaN,-24.2630136986301,PIC,53.2931506849315
NaN,-24.2630136986301,PIC,53.2931506849315
NaN,-24.1643835616438,PIC,53.3917808219178
NaN,-24.1643835616438,PIC,53.3917808219178
NaN,-24.1643835616438,PIC,53.3917808219178
0.0298291781199445,-24.1643835616438,PIC,53.3917808219178
0.118282286786334,-24,PIC,53.5561643835616
0.0464283794472585,-24,PIC,53.5561643835616
0.089773448963353,-24,PIC,53.5561643835616
NaN,-23.9342465753425,PIC,53.6219178082192
0.0679399549178679,-23.9342465753425,PIC,53.6219178082192
NaN,-20.3178082191781,PIC,57.2383561643836
NaN,-20.1205479452055,PIC,57.4356164383562
0.138443540136694,-20.1205479452055,PIC,57.4356164383562
NaN,-19.8575342465753,PIC,57.6986301369863
NaN,-19.8575342465753,PIC,57.6986301369863
NaN,-19.8575342465753,PIC,57.6986301369863
NaN,-19.6602739726027,PIC,57.8958904109589
NaN,-19.6602739726027,PIC,57.8958904109589
NaN,-19.6602739726027,PIC,57.8958904109589
NaN,-19.6602739726027,PIC,57.8958904109589
NaN,-19.6602739726027,PIC,57.8958904109589
0.0143019652597907,-19.6602739726027,PIC,57.8958904109589
NaN,-19.6602739726027,PIC,57.8958904109589
NaN,-19.627397260274,PIC,57.9287671232877
NaN,-19.627397260274,PIC,57.9287671232877
0.169986694244783,-19.627397260274,PIC,57.9287671232877
NaN,-19.627397260274,PIC,57.9287671232877
0.0285010599816848,-19.627397260274,PIC,57.9287671232877
NaN,-19.627397260274,PIC,57.9287671232877
NaN,-19.4301369863014,PIC,58.1260273972603
NaN,-19.4301369863014,PIC,58.1260273972603
NaN,-19.4301369863014,PIC,58.1260273972603
NaN,-19.4301369863014,PIC,58.1260273972603
NaN,-19.4301369863014,PIC,58.1260273972603
NaN,-19.4301369863014,PIC,58.1260273972603
NaN,-19.4301369863014,PIC,58.1260273972603
NaN,-19.4301369863014,PIC,58.1260273972603
NaN,-19.3972602739726,PIC,58.158904109589
0.167502080713077,-19.3972602739726,PIC,58.158904109589
0.0231949524947529,-19.3972602739726,PIC,58.158904109589
NaN,-19.3972602739726,PIC,58.158904109589
NaN,-19.3972602739726,PIC,58.158904109589
0.134711320760947,-19.3643835616438,PIC,58.1917808219178
NaN,-19.3643835616438,PIC,58.1917808219178
NaN,-19.3643835616438,PIC,58.1917808219178
NaN,-19.3643835616438,PIC,58.1917808219178
NaN,-19.3315068493151,PIC,58.2246575342466
NaN,-19.3315068493151,PIC,58.2246575342466
0.11203884154198,-19.3315068493151,PIC,58.2246575342466
0.121085145636895,-19.3315068493151,PIC,58.2246575342466
0.213924599769773,-19.3315068493151,PIC,58.2246575342466
0.0702878282427491,-19.3315068493151,PIC,58.2246575342466
0.0547491187684924,-19.1342465753425,PIC,58.4219178082192
0.0871585138633148,-19.1342465753425,PIC,58.4219178082192
0.0838433702664328,-19.1342465753425,PIC,58.4219178082192
0.390589773830179,-19.1342465753425,PIC,58.4219178082192
NaN,-19.1342465753425,PIC,58.4219178082192
0.0729309841785057,-19.1342465753425,PIC,58.4219178082192
0.339183631623409,-19.1013698630137,PIC,58.4547945205479
NaN,-19.1013698630137,PIC,58.4547945205479
0.3241468721152,-19.1013698630137,PIC,58.4547945205479
NaN,-19.1013698630137,PIC,58.4547945205479
NaN,-19.1013698630137,PIC,58.4547945205479
NaN,-19.1013698630137,PIC,58.4547945205479
NaN,-19.1013698630137,PIC,58.4547945205479
NaN,-19.1013698630137,PIC,58.4547945205479
NaN,-18.9698630136986,PIC,58.586301369863
NaN,-18.9698630136986,PIC,58.586301369863
NaN,-18.9698630136986,PIC,58.586301369863
NaN,-18.9698630136986,PIC,58.586301369863
NaN,-18.9698630136986,PIC,58.586301369863
0.0677869640414131,-18.9698630136986,PIC,58.586301369863
NaN,-18.9698630136986,PIC,58.586301369863
NaN,-18.9369863013699,PIC,58.6191780821918
NaN,-18.9369863013699,PIC,58.6191780821918
NaN,-18.9369863013699,PIC,58.6191780821918
NaN,-18.9041095890411,PIC,58.6520547945206
NaN,-18.9041095890411,PIC,58.6520547945206
NaN,-18.9041095890411,PIC,58.6520547945206
NaN,-18.9041095890411,PIC,58.6520547945206
NaN,-18.9041095890411,PIC,58.6520547945206
0.00835385469608875,-18.9041095890411,PIC,58.6520547945206
0.0220471675237881,-18.9041095890411,PIC,58.6520547945206
NaN,-14.827397260274,PIC,62.7287671232877
NaN,-14.827397260274,PIC,62.7287671232877
NaN,-14.827397260274,PIC,62.7287671232877
NaN,-14.7945205479452,PIC,62.7616438356164
NaN,-14.7945205479452,PIC,62.7616438356164
0.166592457324526,-14.7945205479452,PIC,62.7616438356164
NaN,-14.5643835616438,PIC,62.9917808219178
0.0999815468247718,-14.5643835616438,PIC,62.9917808219178
0.354646104350938,-14.5643835616438,PIC,62.9917808219178
NaN,-14.5643835616438,PIC,62.9917808219178
0.0966053703109487,-14.5643835616438,PIC,62.9917808219178
NaN,-14.5643835616438,PIC,62.9917808219178
0.131440076773873,-14.5643835616438,PIC,62.9917808219178
NaN,-14.5643835616438,PIC,62.9917808219178
NaN,-14.5643835616438,PIC,62.9917808219178
NaN,-14.5643835616438,PIC,62.9917808219178
NaN,-14.5643835616438,PIC,62.9917808219178
0.247645158684523,-14.5643835616438,PIC,62.9917808219178
NaN,-14.5643835616438,PIC,62.9917808219178
NaN,-14.4986301369863,PIC,63.0575342465753
NaN,-14.4986301369863,PIC,63.0575342465753
NaN,-14.4986301369863,PIC,63.0575342465753
NaN,-14.4986301369863,PIC,63.0575342465753
NaN,-14.3671232876712,PIC,63.1890410958904
NaN,-14.3671232876712,PIC,63.1890410958904
NaN,-14.3671232876712,PIC,63.1890410958904
NaN,-14.3671232876712,PIC,63.1890410958904
NaN,-14.3671232876712,PIC,63.1890410958904
0.0648305500530645,-14.3671232876712,PIC,63.1890410958904
NaN,-14.3671232876712,PIC,63.1890410958904
0.139154851835098,-14.3671232876712,PIC,63.1890410958904
NaN,-14.3013698630137,PIC,63.2547945205479
NaN,-14.3013698630137,PIC,63.2547945205479
NaN,-14.3013698630137,PIC,63.2547945205479
0.279849997366126,-14.1369863013699,PIC,63.4191780821918
NaN,-14.1369863013699,PIC,63.4191780821918
NaN,-14.1369863013699,PIC,63.4191780821918
0.0568857758711083,-14.1369863013699,PIC,63.4191780821918
0.0642980721305121,-14.1369863013699,PIC,63.4191780821918
NaN,-14.1369863013699,PIC,63.4191780821918
NaN,-14.1369863013699,PIC,63.4191780821918
NaN,-14.1369863013699,PIC,63.4191780821918
0.0820316235031746,-14.1369863013699,PIC,63.4191780821918
NaN,-14.1369863013699,PIC,63.4191780821918
NaN,-14.1041095890411,PIC,63.4520547945205
NaN,-14.1041095890411,PIC,63.4520547945205
NaN,-14.1041095890411,PIC,63.4520547945205
NaN,-14.1041095890411,PIC,63.4520547945205
0.0329918566673752,-14.1041095890411,PIC,63.4520547945205
NaN,-14.1041095890411,PIC,63.4520547945205
0.033373474793811,-14.0383561643836,PIC,63.5178082191781
NaN,-14.0383561643836,PIC,63.5178082191781
0.0495447428686607,-14.0383561643836,PIC,63.5178082191781
NaN,-14.0383561643836,PIC,63.5178082191781
NaN,-14.0383561643836,PIC,63.5178082191781
NaN,-5.26027397260274,UNI,39.3205479452055
NaN,-5.26027397260274,UNI,39.3205479452055
NaN,-5.26027397260274,UNI,39.3205479452055
0.0823553320455668,-5.26027397260274,UNI,39.3205479452055
NaN,-5.26027397260274,UNI,39.3205479452055
NaN,-5.26027397260274,UNI,39.3205479452055
0.125499531782135,-4.96438356164384,UNI,39.6164383561644
NaN,-4.96438356164384,UNI,39.6164383561644
NaN,-0.164383561643836,UNI,44.4164383561644
NaN,-0.164383561643836,UNI,44.4164383561644
NaN,-0.164383561643836,UNI,44.4164383561644
0.0318070190963286,-0.164383561643836,UNI,44.4164383561644
0.0338637164512347,-0.164383561643836,UNI,44.4164383561644
NaN,0.295890410958904,UNI,44.8767123287671
NaN,0.295890410958904,UNI,44.8767123287671
NaN,0.295890410958904,UNI,44.8767123287671
NaN,0.295890410958904,UNI,44.8767123287671
NaN,0.295890410958904,UNI,44.8767123287671
NaN,0.295890410958904,UNI,44.8767123287671
NaN,0.591780821917808,UNI,45.172602739726
NaN,0.591780821917808,UNI,45.172602739726
NaN,5.12876712328767,UNI,49.7095890410959
NaN,5.12876712328767,UNI,49.7095890410959
NaN,5.12876712328767,UNI,49.7095890410959
NaN,5.12876712328767,UNI,49.7095890410959
NaN,5.12876712328767,UNI,49.7095890410959
NaN,5.12876712328767,UNI,49.7095890410959
NaN,5.12876712328767,UNI,49.7095890410959
NaN,5.16164383561644,UNI,49.7424657534247
0.115475280604961,5.16164383561644,UNI,49.7424657534247
NaN,5.16164383561644,UNI,49.7424657534247
NaN,5.16164383561644,UNI,49.7424657534247
NaN,5.16164383561644,UNI,49.7424657534247
NaN,5.42465753424657,UNI,50.0054794520548
NaN,5.42465753424657,UNI,50.0054794520548
NaN,5.42465753424657,UNI,50.0054794520548
0.0673612209291029,5.42465753424657,UNI,50.0054794520548
0.0438704520955616,5.42465753424657,UNI,50.0054794520548
NaN,5.42465753424657,UNI,50.0054794520548
0.00927238525537877,5.42465753424657,UNI,50.0054794520548
NaN,5.42465753424657,UNI,50.0054794520548
NaN,10.4876712328767,UNI,55.0684931506849
NaN,10.4876712328767,UNI,55.0684931506849
NaN,10.4876712328767,UNI,55.0684931506849
NaN,10.4876712328767,UNI,55.0684931506849
NaN,10.4876712328767,UNI,55.0684931506849
NaN,11.3424657534247,UNI,55.9232876712329
0.0913651974541116,11.3424657534247,UNI,55.9232876712329
NaN,11.3424657534247,UNI,55.9232876712329
NaN,11.3424657534247,UNI,55.9232876712329
NaN,11.3424657534247,UNI,55.9232876712329
NaN,11.3424657534247,UNI,55.9232876712329
NaN,11.3424657534247,UNI,55.9232876712329
NaN,11.3424657534247,UNI,55.9232876712329
NaN,11.3753424657534,UNI,55.9561643835616
NaN,11.3753424657534,UNI,55.9561643835616
0.0736728477574647,11.3753424657534,UNI,55.9561643835616
NaN,11.3753424657534,UNI,55.9561643835616
NaN,11.3753424657534,UNI,55.9561643835616
0.0164401269264138,11.6383561643836,UNI,56.2191780821918
NaN,11.6383561643836,UNI,56.2191780821918
NaN,11.6383561643836,UNI,56.2191780821918
NaN,11.6383561643836,UNI,56.2191780821918
NaN,16.372602739726,UNI,60.9534246575342
0.0561696521561808,16.372602739726,UNI,60.9534246575342
0.120337905282277,16.372602739726,UNI,60.9534246575342
NaN,16.372602739726,UNI,60.9534246575342
NaN,16.372602739726,UNI,60.9534246575342
NaN,16.372602739726,UNI,60.9534246575342
NaN,16.372602739726,UNI,60.9534246575342
NaN,16.372602739726,UNI,60.9534246575342
0.120931778193971,16.372602739726,UNI,60.9534246575342
NaN,16.372602739726,UNI,60.9534246575342
NaN,16.372602739726,UNI,60.9534246575342
NaN,16.372602739726,UNI,60.9534246575342
NaN,16.372602739726,UNI,60.9534246575342
NaN,16.372602739726,UNI,60.9534246575342
NaN,16.372602739726,UNI,60.9534246575342
NaN,16.372602739726,UNI,60.9534246575342
NaN,16.372602739726,UNI,60.9534246575342
NaN,16.372602739726,UNI,60.9534246575342
NaN,16.372602739726,UNI,60.9534246575342
0.0469657553540438,16.372602739726,UNI,60.9534246575342
NaN,16.372602739726,UNI,60.9534246575342
0.182619380346778,16.4383561643836,UNI,61.0191780821918
NaN,16.4383561643836,UNI,61.0191780821918
0.276207863870982,16.4383561643836,UNI,61.0191780821918
NaN,16.4383561643836,UNI,61.0191780821918
NaN,16.4383561643836,UNI,61.0191780821918
NaN,16.4383561643836,UNI,61.0191780821918
NaN,16.4383561643836,UNI,61.0191780821918
NaN,16.4383561643836,UNI,61.0191780821918
0.05885296120913,16.4383561643836,UNI,61.0191780821918
NaN,16.4383561643836,UNI,61.0191780821918
0.0235665972844221,16.6027397260274,UNI,61.1835616438356
NaN,16.6027397260274,UNI,61.1835616438356
0.15657792000911,16.6027397260274,UNI,61.1835616438356
NaN,16.6027397260274,UNI,61.1835616438356
0.377732981109352,16.6027397260274,UNI,61.1835616438356
NaN,16.6027397260274,UNI,61.1835616438356
NaN,16.6027397260274,UNI,61.1835616438356
0.0126720464879201,16.6027397260274,UNI,61.1835616438356
NaN,16.6027397260274,UNI,61.1835616438356
NaN,16.6027397260274,UNI,61.1835616438356
0.35351781730372,16.6027397260274,UNI,61.1835616438356
NaN,16.6027397260274,UNI,61.1835616438356
NaN,16.6356164383562,UNI,61.2164383561644
NaN,16.6356164383562,UNI,61.2164383561644
NaN,16.6356164383562,UNI,61.2164383561644
NaN,16.6356164383562,UNI,61.2164383561644
NaN,16.6356164383562,UNI,61.2164383561644
0.0114616858966327,16.6356164383562,UNI,61.2164383561644
NaN,16.6356164383562,UNI,61.2164383561644
NaN,16.6356164383562,UNI,61.2164383561644
NaN,16.6356164383562,UNI,61.2164383561644
NaN,16.6356164383562,UNI,61.2164383561644
0.254867770006983,16.6356164383562,UNI,61.2164383561644
0.0569475799893693,16.6356164383562,UNI,61.2164383561644
NaN,16.6684931506849,UNI,61.2493150684932
NaN,16.6684931506849,UNI,61.2493150684932
NaN,16.6684931506849,UNI,61.2493150684932
NaN,16.6684931506849,UNI,61.2493150684932
NaN,16.6684931506849,UNI,61.2493150684932
NaN,16.6684931506849,UNI,61.2493150684932
NaN,16.6684931506849,UNI,61.2493150684932
NaN,16.6684931506849,UNI,61.2493150684932
NaN,16.6684931506849,UNI,61.2493150684932
NaN,16.6684931506849,UNI,61.2493150684932
NaN,16.6684931506849,UNI,61.2493150684932
NaN,-19.8575342465753,ROS,46.1917808219178
NaN,-19.8575342465753,ROS,46.1917808219178
NaN,-19.8575342465753,ROS,46.1917808219178
NaN,-19.6602739726027,ROS,46.3890410958904
NaN,-19.6602739726027,ROS,46.3890410958904
NaN,-19.6602739726027,ROS,46.3890410958904
NaN,-19.6602739726027,ROS,46.3890410958904
NaN,-19.3972602739726,ROS,46.6520547945205
NaN,-19.3972602739726,ROS,46.6520547945205
NaN,-19.3972602739726,ROS,46.6520547945205
NaN,-19.3643835616438,ROS,46.6849315068493
NaN,-19.3643835616438,ROS,46.6849315068493
NaN,-19.3643835616438,ROS,46.6849315068493
NaN,-19.3643835616438,ROS,46.6849315068493
NaN,-19.3643835616438,ROS,46.6849315068493
0.0124122130581727,-17.7534246575342,ROS,48.2958904109589
NaN,-17.7534246575342,ROS,48.2958904109589
0.0726884634789214,-17.7534246575342,ROS,48.2958904109589
0.0659265765393294,-17.3260273972603,ROS,48.7232876712329
NaN,-17.3260273972603,ROS,48.7232876712329
0.0434177113592555,-17.3260273972603,ROS,48.7232876712329
0.0572569162536467,-17.3260273972603,ROS,48.7232876712329
NaN,-17.3260273972603,ROS,48.7232876712329
NaN,-17.3260273972603,ROS,48.7232876712329
0.0589821996530228,-17.2931506849315,ROS,48.7561643835616
NaN,-13.3479452054795,ROS,52.7013698630137
NaN,-13.2164383561644,ROS,52.8328767123288
0.148595549642572,-13.2164383561644,ROS,52.8328767123288
0.0815400037510599,-12.8876712328767,ROS,53.1616438356164
NaN,-12.8219178082192,ROS,53.227397260274
NaN,-8.84383561643835,ROS,57.2054794520548
NaN,-8.84383561643835,ROS,57.2054794520548
NaN,-8.77808219178082,ROS,57.2712328767123
0.0562225199359678,-8.61369863013699,ROS,57.4356164383562
NaN,-8.61369863013699,ROS,57.4356164383562
NaN,-8.58082191780822,ROS,57.4684931506849
0.116618474715414,-8.54794520547945,ROS,57.5013698630137
NaN,-8.54794520547945,ROS,57.5013698630137
NaN,-8.54794520547945,ROS,57.5013698630137
NaN,-8.54794520547945,ROS,57.5013698630137
NaN,-7.69315068493151,ROS,58.3561643835616
NaN,-7.66027397260274,ROS,58.3890410958904
NaN,-7.66027397260274,ROS,58.3890410958904
NaN,-7.66027397260274,ROS,58.3890410958904
NaN,-3.09041095890411,ROS,62.958904109589
NaN,-3.09041095890411,ROS,62.958904109589
NaN,-3.09041095890411,ROS,62.958904109589
NaN,-3.05753424657534,ROS,62.9917808219178
NaN,-3.05753424657534,ROS,62.9917808219178
NaN,-3.05753424657534,ROS,62.9917808219178
NaN,-3.05753424657534,ROS,62.9917808219178
NaN,-3.05753424657534,ROS,62.9917808219178
NaN,-3.05753424657534,ROS,62.9917808219178
NaN,-3.05753424657534,ROS,62.9917808219178
NaN,-3.05753424657534,ROS,62.9917808219178
NaN,-3.05753424657534,ROS,62.9917808219178
NaN,-2.99178082191781,ROS,63.0575342465753
NaN,-2.99178082191781,ROS,63.0575342465753
NaN,-2.99178082191781,ROS,63.0575342465753
NaN,-2.99178082191781,ROS,63.0575342465753
0.113301494727617,-2.79452054794521,ROS,63.2547945205479
NaN,-2.79452054794521,ROS,63.2547945205479
NaN,-2.79452054794521,ROS,63.2547945205479
0.0136152182122839,-2.79452054794521,ROS,63.2547945205479
NaN,-2.79452054794521,ROS,63.2547945205479
NaN,-2.56438356164384,ROS,63.4849315068493
NaN,-2.56438356164384,ROS,63.4849315068493
NaN,-2.56438356164384,ROS,63.4849315068493
NaN,-2.56438356164384,ROS,63.4849315068493
NaN,-2.56438356164384,ROS,63.4849315068493
NaN,1.28219178082192,ROS,67.3315068493151
NaN,1.28219178082192,ROS,67.3315068493151
NaN,1.28219178082192,ROS,67.3315068493151
NaN,1.28219178082192,ROS,67.3315068493151
NaN,1.28219178082192,ROS,67.3315068493151
0.0598170069014923,1.28219178082192,ROS,67.3315068493151
NaN,1.28219178082192,ROS,67.3315068493151
NaN,1.28219178082192,ROS,67.3315068493151
0.00870396433162431,-12.3945205479452,OLI,46.6849315068493
NaN,-11.9671232876712,OLI,47.1123287671233
NaN,-11.9671232876712,OLI,47.1123287671233
NaN,-11.9342465753425,OLI,47.1452054794521
NaN,-10.5534246575342,OLI,48.5260273972603
NaN,-10.5534246575342,OLI,48.5260273972603
NaN,-10.5534246575342,OLI,48.5260273972603
NaN,-10.5534246575342,OLI,48.5260273972603
0.0097414204173608,-10.5534246575342,OLI,48.5260273972603
0.0991125166706117,-10.3232876712329,OLI,48.7561643835616
NaN,-5.45753424657534,OLI,53.6219178082192
0.189535908876763,-5.45753424657534,OLI,53.6219178082192
0.136534953162765,-5.45753424657534,OLI,53.6219178082192
NaN,-5.45753424657534,OLI,53.6219178082192
NaN,-5.22739726027397,OLI,53.8520547945205
NaN,-5.22739726027397,OLI,53.8520547945205
0.0190819857969206,-0.624657534246575,OLI,58.4547945205479
NaN,-0.624657534246575,OLI,58.4547945205479
0.0599048897704892,-0.624657534246575,OLI,58.4547945205479
NaN,-0.493150684931507,OLI,58.586301369863
NaN,-0.493150684931507,OLI,58.586301369863
0.099937889214052,-0.427397260273973,OLI,58.6520547945206
NaN,-0.427397260273973,OLI,58.6520547945206
NaN,-0.427397260273973,OLI,58.6520547945206
NaN,-0.263013698630137,OLI,58.8164383561644
NaN,-0.263013698630137,OLI,58.8164383561644
0.0599684015324276,-0.263013698630137,OLI,58.8164383561644
0.136278305553956,-0.263013698630137,OLI,58.8164383561644
NaN,-0.263013698630137,OLI,58.8164383561644
NaN,-0.263013698630137,OLI,58.8164383561644
NaN,-0.263013698630137,OLI,58.8164383561644
0.108207832343762,-0.23013698630137,OLI,58.8493150684932
NaN,-0.23013698630137,OLI,58.8493150684932
NaN,-0.23013698630137,OLI,58.8493150684932
NaN,-0.23013698630137,OLI,58.8493150684932
NaN,-0.23013698630137,OLI,58.8493150684932
NaN,0,OLI,59.0794520547945
0.0296931413206669,0,OLI,59.0794520547945
NaN,0,OLI,59.0794520547945
NaN,0,OLI,59.0794520547945
NaN,0,OLI,59.0794520547945
NaN,0,OLI,59.0794520547945
NaN,0.0328767123287671,OLI,59.1123287671233
0.169595842066837,0.0328767123287671,OLI,59.1123287671233
0.0375239292351955,0.0328767123287671,OLI,59.1123287671233
0.353421671744421,0.0328767123287671,OLI,59.1123287671233
NaN,0.0328767123287671,OLI,59.1123287671233
0.01420465160584,4.6027397260274,OLI,63.6821917808219
NaN,4.6027397260274,OLI,63.6821917808219
0.15073707334462,4.6027397260274,OLI,63.6821917808219
0.094040001212995,4.8986301369863,OLI,63.9780821917808
NaN,5.12876712328767,OLI,64.2082191780822
NaN,5.32602739726027,OLI,64.4054794520548
NaN,5.32602739726027,OLI,64.4054794520548
NaN,5.32602739726027,OLI,64.4054794520548
NaN,5.32602739726027,OLI,64.4054794520548
NaN,5.32602739726027,OLI,64.4054794520548
0.056103565100499,5.32602739726027,OLI,64.4054794520548
NaN,5.32602739726027,OLI,64.4054794520548
0.0734857993640541,5.32602739726027,OLI,64.4054794520548
NaN,5.32602739726027,OLI,64.4054794520548
NaN,5.32602739726027,OLI,64.4054794520548
NaN,5.32602739726027,OLI,64.4054794520548
0.0723862637841528,5.32602739726027,OLI,64.4054794520548
NaN,10.1260273972603,OLI,69.2054794520548
NaN,10.1260273972603,OLI,69.2054794520548
NaN,10.1260273972603,OLI,69.2054794520548
NaN,10.1260273972603,OLI,69.2054794520548
NaN,10.1260273972603,OLI,69.2054794520548
NaN,10.1260273972603,OLI,69.2054794520548
NaN,10.1260273972603,OLI,69.2054794520548
0.0671553653566021,10.1260273972603,OLI,69.2054794520548
NaN,10.1260273972603,OLI,69.2054794520548
NaN,10.1260273972603,OLI,69.2054794520548
0.080931740705436,10.1260273972603,OLI,69.2054794520548
NaN,10.1260273972603,OLI,69.2054794520548
0.423734505901464,10.1260273972603,OLI,69.2054794520548
NaN,10.1260273972603,OLI,69.2054794520548
NaN,10.1260273972603,OLI,69.2054794520548
NaN,10.1260273972603,OLI,69.2054794520548
NaN,10.1260273972603,OLI,69.2054794520548
NaN,10.1260273972603,OLI,69.2054794520548
NaN,10.1260273972603,OLI,69.2054794520548
NaN,10.1260273972603,OLI,69.2054794520548
NaN,10.3232876712329,OLI,69.4027397260274
NaN,10.3232876712329,OLI,69.4027397260274
NaN,10.3232876712329,OLI,69.4027397260274
NaN,10.3232876712329,OLI,69.4027397260274
NaN,10.3232876712329,OLI,69.4027397260274
NaN,10.3232876712329,OLI,69.4027397260274
NaN,10.3232876712329,OLI,69.4027397260274
NaN,10.3232876712329,OLI,69.4027397260274
NaN,10.3232876712329,OLI,69.4027397260274
NaN,10.3232876712329,OLI,69.4027397260274
NaN,10.3232876712329,OLI,69.4027397260274
NaN,10.3232876712329,OLI,69.4027397260274
0.144563133374051,10.3232876712329,OLI,69.4027397260274
NaN,10.3232876712329,OLI,69.4027397260274
NaN,10.3232876712329,OLI,69.4027397260274
NaN,10.3232876712329,OLI,69.4027397260274
NaN,10.3232876712329,OLI,69.4027397260274
NaN,10.3232876712329,OLI,69.4027397260274
NaN,10.3561643835616,OLI,69.4356164383562
NaN,10.3561643835616,OLI,69.4356164383562
0.0651678994130795,0.361643835616438,TRI,50.1698630136986
NaN,0.493150684931507,TRI,50.3013698630137
0.0821796533275182,0.493150684931507,TRI,50.3013698630137
NaN,0.493150684931507,TRI,50.3013698630137
NaN,0.493150684931507,TRI,50.3013698630137
0.149540510757495,0.493150684931507,TRI,50.3013698630137
NaN,0.493150684931507,TRI,50.3013698630137
0.0910545723081652,0.493150684931507,TRI,50.3013698630137
NaN,0.493150684931507,TRI,50.3013698630137
0.194166406689026,0.723287671232877,TRI,50.5315068493151
NaN,0.723287671232877,TRI,50.5315068493151
0.0700650801963227,0.723287671232877,TRI,50.5315068493151
0.178894404200216,5.81917808219178,TRI,55.627397260274
NaN,5.81917808219178,TRI,55.627397260274
0.00889073803132252,5.81917808219178,TRI,55.627397260274
NaN,5.81917808219178,TRI,55.627397260274
0.129483319045099,5.81917808219178,TRI,55.627397260274
0.204179994498489,5.81917808219178,TRI,55.627397260274
NaN,5.81917808219178,TRI,55.627397260274
0.0995317713083723,5.81917808219178,TRI,55.627397260274
0.0091624974473412,6.01643835616438,TRI,55.8246575342466
NaN,6.01643835616438,TRI,55.8246575342466
NaN,6.01643835616438,TRI,55.8246575342466
0.123398656352493,6.01643835616438,TRI,55.8246575342466
0.13802505337064,6.01643835616438,TRI,55.8246575342466
NaN,6.01643835616438,TRI,55.8246575342466
NaN,6.04931506849315,TRI,55.8575342465753
0.131404295699551,6.04931506849315,TRI,55.8575342465753
NaN,6.04931506849315,TRI,55.8575342465753
0.171620135514553,6.04931506849315,TRI,55.8575342465753
NaN,6.04931506849315,TRI,55.8575342465753
NaN,6.04931506849315,TRI,55.8575342465753
0.105687153810429,6.04931506849315,TRI,55.8575342465753
NaN,6.04931506849315,TRI,55.8575342465753
NaN,6.04931506849315,TRI,55.8575342465753
NaN,6.04931506849315,TRI,55.8575342465753
NaN,6.04931506849315,TRI,55.8575342465753
NaN,6.04931506849315,TRI,55.8575342465753
NaN,6.04931506849315,TRI,55.8575342465753
NaN,6.04931506849315,TRI,55.8575342465753
0.286753064291181,6.04931506849315,TRI,55.8575342465753
0.0358673004387851,6.04931506849315,TRI,55.8575342465753
NaN,6.04931506849315,TRI,55.8575342465753
NaN,6.04931506849315,TRI,55.8575342465753
0.128386178466594,6.04931506849315,TRI,55.8575342465753
0.458795888477597,6.04931506849315,TRI,55.8575342465753
NaN,6.04931506849315,TRI,55.8575342465753
NaN,6.24657534246575,TRI,56.0547945205479
0.0610155347926926,6.24657534246575,TRI,56.0547945205479
NaN,6.24657534246575,TRI,56.0547945205479
NaN,6.24657534246575,TRI,56.0547945205479
NaN,6.24657534246575,TRI,56.0547945205479
NaN,6.24657534246575,TRI,56.0547945205479
NaN,6.24657534246575,TRI,56.0547945205479
NaN,6.24657534246575,TRI,56.0547945205479
NaN,6.24657534246575,TRI,56.0547945205479
NaN,6.24657534246575,TRI,56.0547945205479
NaN,6.24657534246575,TRI,56.0547945205479
NaN,6.24657534246575,TRI,56.0547945205479
NaN,6.24657534246575,TRI,56.0547945205479
NaN,6.34520547945205,TRI,56.1534246575342
NaN,6.34520547945205,TRI,56.1534246575342
0.419776431379144,6.34520547945205,TRI,56.1534246575342
NaN,6.34520547945205,TRI,56.1534246575342
0.368714269264657,6.34520547945205,TRI,56.1534246575342
NaN,6.34520547945205,TRI,56.1534246575342
NaN,6.34520547945205,TRI,56.1534246575342
NaN,6.34520547945205,TRI,56.1534246575342
NaN,6.34520547945205,TRI,56.1534246575342
0.221852449290535,6.34520547945205,TRI,56.1534246575342
NaN,11.0794520547945,TRI,60.8876712328767
NaN,11.0794520547945,TRI,60.8876712328767
NaN,11.0794520547945,TRI,60.8876712328767
NaN,11.0794520547945,TRI,60.8876712328767
NaN,11.1123287671233,TRI,60.9205479452055
NaN,11.1123287671233,TRI,60.9205479452055
NaN,11.1123287671233,TRI,60.9205479452055
NaN,11.1123287671233,TRI,60.9205479452055
NaN,11.1123287671233,TRI,60.9205479452055
NaN,11.1123287671233,TRI,60.9205479452055
NaN,11.1123287671233,TRI,60.9205479452055
NaN,11.1123287671233,TRI,60.9205479452055
NaN,11.1123287671233,TRI,60.9205479452055
NaN,11.1123287671233,TRI,60.9205479452055
NaN,11.1123287671233,TRI,60.9205479452055
NaN,11.1123287671233,TRI,60.9205479452055
0.402653839748762,11.1123287671233,TRI,60.9205479452055
NaN,11.1123287671233,TRI,60.9205479452055
NaN,11.3753424657534,TRI,61.1835616438356
NaN,11.3753424657534,TRI,61.1835616438356
NaN,11.3753424657534,TRI,61.1835616438356
NaN,11.3753424657534,TRI,61.1835616438356
NaN,11.3753424657534,TRI,61.1835616438356
NaN,11.3753424657534,TRI,61.1835616438356
NaN,11.3753424657534,TRI,61.1835616438356
NaN,11.3753424657534,TRI,61.1835616438356
NaN,11.3753424657534,TRI,61.1835616438356
NaN,11.3753424657534,TRI,61.1835616438356
NaN,11.3753424657534,TRI,61.1835616438356
NaN,11.3753424657534,TRI,61.1835616438356
NaN,11.5397260273973,TRI,61.3479452054794
0.147007155010552,11.5397260273973,TRI,61.3479452054794
0.0126152708847898,11.5397260273973,TRI,61.3479452054794
0.0123871894337804,11.5397260273973,TRI,61.3479452054794
NaN,11.5397260273973,TRI,61.3479452054794
0.341071702785602,11.5397260273973,TRI,61.3479452054794
NaN,11.5397260273973,TRI,61.3479452054794
NaN,11.5397260273973,TRI,61.3479452054794
0.181118050401225,11.5397260273973,TRI,61.3479452054794
0.0547431712664159,11.5397260273973,TRI,61.3479452054794
NaN,11.5397260273973,TRI,61.3479452054794
NaN,11.8027397260274,TRI,61.6109589041096
NaN,11.8027397260274,TRI,61.6109589041096
NaN,11.8027397260274,TRI,61.6109589041096
0.151219506162646,11.8027397260274,TRI,61.6109589041096
NaN,11.8027397260274,TRI,61.6109589041096
NaN,11.8027397260274,TRI,61.6109589041096
NaN,11.8027397260274,TRI,61.6109589041096
NaN,11.8027397260274,TRI,61.6109589041096
NaN,11.8027397260274,TRI,61.6109589041096
NaN,11.8027397260274,TRI,61.6109589041096
0.134632217539196,11.8027397260274,TRI,61.6109589041096
NaN,11.8027397260274,TRI,61.6109589041096
0.0115329398159074,11.8027397260274,TRI,61.6109589041096
NaN,11.8027397260274,TRI,61.6109589041096
NaN,11.8027397260274,TRI,61.6109589041096
NaN,11.8027397260274,TRI,61.6109589041096
NaN,11.8027397260274,TRI,61.6109589041096
NaN,11.8356164383562,TRI,61.6438356164384
NaN,11.8356164383562,TRI,61.6438356164384
NaN,11.8356164383562,TRI,61.6438356164384
NaN,11.8356164383562,TRI,61.6438356164384
NaN,11.8356164383562,TRI,61.6438356164384
0.143831569735275,11.8356164383562,TRI,61.6438356164384
NaN,11.8356164383562,TRI,61.6438356164384
NaN,11.8356164383562,TRI,61.6438356164384
NaN,11.8356164383562,TRI,61.6438356164384
NaN,11.8356164383562,TRI,61.6438356164384
0.0352999819017126,11.8356164383562,TRI,61.6438356164384
0.00981830102577621,11.8356164383562,TRI,61.6438356164384
NaN,11.8356164383562,TRI,61.6438356164384
0.118407112409598,11.8356164383562,TRI,61.6438356164384
NaN,11.8684931506849,TRI,61.6767123287671
NaN,11.8684931506849,TRI,61.6767123287671
NaN,11.8684931506849,TRI,61.6767123287671
NaN,11.8684931506849,TRI,61.6767123287671
NaN,11.8684931506849,TRI,61.6767123287671
0.103590460718654,11.8684931506849,TRI,61.6767123287671
NaN,11.8684931506849,TRI,61.6767123287671
0.096245385682884,11.8684931506849,TRI,61.6767123287671
NaN,11.8684931506849,TRI,61.6767123287671
0.0867009778191223,11.8684931506849,TRI,61.6767123287671
0.0944388323890351,-7.23287671232877,VIK,47.8356164383562
NaN,-7.23287671232877,VIK,47.8356164383562
0.0483611272692829,-7.23287671232877,VIK,47.8356164383562
NaN,-7.23287671232877,VIK,47.8356164383562
NaN,-10.8493150684931,SON,43.8575342465753
NaN,-10.8493150684931,SON,43.8575342465753
NaN,-10.8493150684931,SON,43.8575342465753
0.0831860062880475,-10.7506849315069,SON,43.9561643835616
NaN,-10.7506849315069,SON,43.9561643835616
0.0528919833588753,-10.7506849315069,SON,43.9561643835616
NaN,-10.5534246575342,SON,44.1534246575342
0.00825174111998369,-10.5534246575342,SON,44.1534246575342
NaN,-8.38356164383562,SON,46.3232876712329
0.00839950655518673,-8.31780821917808,SON,46.3890410958904
NaN,-8.31780821917808,SON,46.3890410958904
0.102895497444922,-8.31780821917808,SON,46.3890410958904
NaN,-8.31780821917808,SON,46.3890410958904
0.173345242633743,-8.28493150684931,SON,46.4219178082192
NaN,-8.28493150684931,SON,46.4219178082192
NaN,-8.28493150684931,SON,46.4219178082192
0.284129926518987,-8.28493150684931,SON,46.4219178082192
NaN,-8.28493150684931,SON,46.4219178082192
NaN,-3.25479452054795,SON,51.4520547945205
0.0503284933676439,-3.25479452054795,SON,51.4520547945205
0.00813432333828931,-3.25479452054795,SON,51.4520547945205
NaN,-3.25479452054795,SON,51.4520547945205
0.0289121815042384,-3.25479452054795,SON,51.4520547945205
0.0195954785986904,-3.25479452054795,SON,51.4520547945205
NaN,-3.25479452054795,SON,51.4520547945205
NaN,-3.25479452054795,SON,51.4520547945205
NaN,-3.25479452054795,SON,51.4520547945205
NaN,-3.25479452054795,SON,51.4520547945205
NaN,-3.25479452054795,SON,51.4520547945205
NaN,-3.25479452054795,SON,51.4520547945205
NaN,-3.25479452054795,SON,51.4520547945205
NaN,-3.25479452054795,SON,51.4520547945205
0.120423954515959,-3.25479452054795,SON,51.4520547945205
NaN,-3.15616438356164,SON,51.5506849315069
NaN,-3.15616438356164,SON,51.5506849315069
NaN,-3.15616438356164,SON,51.5506849315069
NaN,-3.15616438356164,SON,51.5506849315069
NaN,-3.15616438356164,SON,51.5506849315069
NaN,-3.15616438356164,SON,51.5506849315069
NaN,-3.15616438356164,SON,51.5506849315069
0.0621647322822002,-3.15616438356164,SON,51.5506849315069
NaN,-3.15616438356164,SON,51.5506849315069
NaN,-2.99178082191781,SON,51.7150684931507
NaN,-2.99178082191781,SON,51.7150684931507
0.130748296291485,-2.99178082191781,SON,51.7150684931507
0.0727490638400974,-2.99178082191781,SON,51.7150684931507
NaN,-2.99178082191781,SON,51.7150684931507
NaN,-2.99178082191781,SON,51.7150684931507
NaN,-2.99178082191781,SON,51.7150684931507
NaN,-2.99178082191781,SON,51.7150684931507
NaN,-2.99178082191781,SON,51.7150684931507
NaN,-2.76164383561644,SON,51.9452054794521
NaN,-2.76164383561644,SON,51.9452054794521
NaN,-2.76164383561644,SON,51.9452054794521
NaN,-2.76164383561644,SON,51.9452054794521
NaN,2.07123287671233,SON,56.7780821917808
NaN,2.07123287671233,SON,56.7780821917808
0.0126632365703315,2.07123287671233,SON,56.7780821917808
NaN,2.07123287671233,SON,56.7780821917808
NaN,2.07123287671233,SON,56.7780821917808
NaN,2.07123287671233,SON,56.7780821917808
NaN,2.07123287671233,SON,56.7780821917808
NaN,2.07123287671233,SON,56.7780821917808
NaN,2.07123287671233,SON,56.7780821917808
0.0528326203037585,2.07123287671233,SON,56.7780821917808
NaN,2.07123287671233,SON,56.7780821917808
NaN,2.13698630136986,SON,56.8438356164384
NaN,2.13698630136986,SON,56.8438356164384
0.109339755341819,2.13698630136986,SON,56.8438356164384
NaN,2.13698630136986,SON,56.8438356164384
NaN,2.13698630136986,SON,56.8438356164384
NaN,2.13698630136986,SON,56.8438356164384
NaN,2.13698630136986,SON,56.8438356164384
NaN,2.13698630136986,SON,56.8438356164384
NaN,2.3013698630137,SON,57.0082191780822
NaN,2.3013698630137,SON,57.0082191780822
NaN,2.3013698630137,SON,57.0082191780822
NaN,2.3013698630137,SON,57.0082191780822
NaN,2.3013698630137,SON,57.0082191780822
NaN,2.3013698630137,SON,57.0082191780822
NaN,2.3013698630137,SON,57.0082191780822
0.124614816111802,2.3013698630137,SON,57.0082191780822
NaN,2.3013698630137,SON,57.0082191780822
NaN,2.3013698630137,SON,57.0082191780822
NaN,2.53150684931507,SON,57.2383561643836
NaN,2.53150684931507,SON,57.2383561643836
NaN,2.53150684931507,SON,57.2383561643836
NaN,2.53150684931507,SON,57.2383561643836
NaN,2.53150684931507,SON,57.2383561643836
NaN,2.53150684931507,SON,57.2383561643836
NaN,2.53150684931507,SON,57.2383561643836
NaN,2.53150684931507,SON,57.2383561643836
NaN,2.53150684931507,SON,57.2383561643836
NaN,2.53150684931507,SON,57.2383561643836
NaN,2.53150684931507,SON,57.2383561643836
NaN,2.53150684931507,SON,57.2383561643836
0.0496146230416726,2.79452054794521,SON,57.5013698630137
NaN,2.79452054794521,SON,57.5013698630137
NaN,2.79452054794521,SON,57.5013698630137
NaN,2.79452054794521,SON,57.5013698630137
0.0620286216983229,2.79452054794521,SON,57.5013698630137
NaN,2.79452054794521,SON,57.5013698630137
0.0235891685212256,2.79452054794521,SON,57.5013698630137
NaN,2.99178082191781,SON,57.6986301369863
NaN,2.99178082191781,SON,57.6986301369863
0.084043451755195,2.99178082191781,SON,57.6986301369863
NaN,2.99178082191781,SON,57.6986301369863
NaN,2.99178082191781,SON,57.6986301369863
0.0365200082014874,2.99178082191781,SON,57.6986301369863
NaN,2.99178082191781,SON,57.6986301369863
NaN,2.99178082191781,SON,57.6986301369863
NaN,3.22191780821918,SON,57.9287671232877
NaN,3.22191780821918,SON,57.9287671232877
NaN,3.22191780821918,SON,57.9287671232877
NaN,3.22191780821918,SON,57.9287671232877
NaN,3.22191780821918,SON,57.9287671232877
NaN,6.93698630136986,SON,61.6438356164384
0.0477945935502054,6.93698630136986,SON,61.6438356164384
NaN,6.93698630136986,SON,61.6438356164384
NaN,6.93698630136986,SON,61.6438356164384
NaN,6.93698630136986,SON,61.6438356164384
NaN,6.93698630136986,SON,61.6438356164384
NaN,6.93698630136986,SON,61.6438356164384
NaN,6.93698630136986,SON,61.6438356164384
NaN,7.36438356164384,SON,62.0712328767123
NaN,7.36438356164384,SON,62.0712328767123
NaN,7.36438356164384,SON,62.0712328767123
NaN,7.36438356164384,SON,62.0712328767123
NaN,7.36438356164384,SON,62.0712328767123
NaN,7.56164383561644,SON,62.2684931506849
NaN,7.56164383561644,SON,62.2684931506849
NaN,7.56164383561644,SON,62.2684931506849
NaN,7.62739726027397,SON,62.3342465753425
NaN,7.62739726027397,SON,62.3342465753425
NaN,7.62739726027397,SON,62.3342465753425
NaN,7.62739726027397,SON,62.3342465753425
NaN,7.62739726027397,SON,62.3342465753425
NaN,7.62739726027397,SON,62.3342465753425
NaN,-8.18630136986301,QUA,48.2958904109589
0.0892138563257927,-8.18630136986301,QUA,48.2958904109589
0.160387638227965,-8.18630136986301,QUA,48.2958904109589
0.0624351476798134,-8.18630136986301,QUA,48.2958904109589
NaN,-6.80547945205479,QUA,49.6767123287671
NaN,-6.80547945205479,QUA,49.6767123287671
NaN,-6.80547945205479,QUA,49.6767123287671
NaN,-6.80547945205479,QUA,49.6767123287671
0.0661197479879496,-6.80547945205479,QUA,49.6767123287671
NaN,-2.99178082191781,QUA,53.4904109589041
NaN,-2.99178082191781,QUA,53.4904109589041
NaN,-2.99178082191781,QUA,53.4904109589041
NaN,-2.99178082191781,QUA,53.4904109589041
NaN,-2.99178082191781,QUA,53.4904109589041
NaN,-2.99178082191781,QUA,53.4904109589041
NaN,-2.99178082191781,QUA,53.4904109589041
NaN,-2.6958904109589,QUA,53.786301369863
NaN,-2.6958904109589,QUA,53.786301369863
NaN,-2.6958904109589,QUA,53.786301369863
NaN,-2.63013698630137,QUA,53.8520547945205
0.0901678718256008,-2.63013698630137,QUA,53.8520547945205
NaN,-2.63013698630137,QUA,53.8520547945205
NaN,-30.9041095890411,PIC,46.6520547945205
NaN,-30.9041095890411,PIC,46.6520547945205
NaN,-30.9041095890411,PIC,46.6520547945205
0.110757368757782,-30.2465753424658,PIC,47.3095890410959
NaN,-30.2465753424658,PIC,47.3095890410959
NaN,-30.2465753424658,PIC,47.3095890410959
NaN,-29.9506849315068,PIC,47.6054794520548
NaN,-29.9506849315068,PIC,47.6054794520548
NaN,-29.9506849315068,PIC,47.6054794520548
NaN,-29.9506849315068,PIC,47.6054794520548
NaN,-29.7534246575342,PIC,47.8027397260274
NaN,-29.7534246575342,PIC,47.8027397260274
0.229593745964163,-29.7534246575342,PIC,47.8027397260274
NaN,-24.4931506849315,PIC,53.0630136986301
0.0790267019792465,-24.427397260274,PIC,53.1287671232877
NaN,-24.427397260274,PIC,53.1287671232877
NaN,-24.427397260274,PIC,53.1287671232877
NaN,-24.427397260274,PIC,53.1287671232877
NaN,-24.427397260274,PIC,53.1287671232877
NaN,-24.2301369863014,PIC,53.3260273972603
NaN,-24.2301369863014,PIC,53.3260273972603
NaN,-24.2301369863014,PIC,53.3260273972603
0.269471013845571,-20.2849315068493,PIC,57.2712328767123
0.10067775965214,-20.2849315068493,PIC,57.2712328767123
0.0635013979921477,-20.0547945205479,PIC,57.5013698630137
NaN,-20.0547945205479,PIC,57.5013698630137
0.150861442504733,-20.0547945205479,PIC,57.5013698630137
0.0541521929396043,-20.0547945205479,PIC,57.5013698630137
NaN,-20.0547945205479,PIC,57.5013698630137
0.16098401823333,-20.0547945205479,PIC,57.5013698630137
NaN,-20.0547945205479,PIC,57.5013698630137
NaN,-19.1671232876712,PIC,58.3890410958904
NaN,-19.1671232876712,PIC,58.3890410958904
0.100610933609902,-19.1671232876712,PIC,58.3890410958904
NaN,-19.1671232876712,PIC,58.3890410958904
NaN,-19.1671232876712,PIC,58.3890410958904
NaN,-19.1671232876712,PIC,58.3890410958904
NaN,-18.8712328767123,PIC,58.6849315068493
0.0126534774099076,-18.8712328767123,PIC,58.6849315068493
NaN,-18.8712328767123,PIC,58.6849315068493
NaN,-18.8712328767123,PIC,58.6849315068493
0.488093838085886,-18.8712328767123,PIC,58.6849315068493
0.214281139424179,-18.8712328767123,PIC,58.6849315068493
NaN,-18.8712328767123,PIC,58.6849315068493
NaN,-15.0575342465753,PIC,62.4986301369863
NaN,-15.0575342465753,PIC,62.4986301369863
NaN,-15.0575342465753,PIC,62.4986301369863
NaN,-15.0575342465753,PIC,62.4986301369863
NaN,-15.0575342465753,PIC,62.4986301369863
NaN,-15.0575342465753,PIC,62.4986301369863
NaN,-15.0575342465753,PIC,62.4986301369863
0.148063726414306,-15.0575342465753,PIC,62.4986301369863
0.13480688737071,-15.0575342465753,PIC,62.4986301369863
NaN,-15.0575342465753,PIC,62.4986301369863
NaN,-15.0575342465753,PIC,62.4986301369863
0.169748975143558,-15.0575342465753,PIC,62.4986301369863
NaN,-15.0246575342466,PIC,62.5315068493151
0.031190659637695,-15.0246575342466,PIC,62.5315068493151
NaN,-15.0246575342466,PIC,62.5315068493151
NaN,-15.0246575342466,PIC,62.5315068493151
NaN,-15.0246575342466,PIC,62.5315068493151
0.311065887460634,-15.0246575342466,PIC,62.5315068493151
NaN,-15.0246575342466,PIC,62.5315068493151
0.376535393876786,-15.0246575342466,PIC,62.5315068493151
NaN,-15.0246575342466,PIC,62.5315068493151
NaN,-15.0246575342466,PIC,62.5315068493151
0.170577637149061,-15.0246575342466,PIC,62.5315068493151
0.0581510319006974,-15.0246575342466,PIC,62.5315068493151
NaN,-15.0246575342466,PIC,62.5315068493151
0.154733668243866,-15.0246575342466,PIC,62.5315068493151
NaN,-15.0246575342466,PIC,62.5315068493151
NaN,-15.0246575342466,PIC,62.5315068493151
NaN,-15.0246575342466,PIC,62.5315068493151
NaN,-15.0246575342466,PIC,62.5315068493151
NaN,-15.0246575342466,PIC,62.5315068493151
0.31936002515484,-15.0246575342466,PIC,62.5315068493151
0.209333038172556,-15.0246575342466,PIC,62.5315068493151
0.0395612932429734,-15.0246575342466,PIC,62.5315068493151
NaN,-14.958904109589,PIC,62.5972602739726
0.0452753814652189,-14.958904109589,PIC,62.5972602739726
NaN,-14.958904109589,PIC,62.5972602739726
0.0943374987625283,-14.958904109589,PIC,62.5972602739726
NaN,-14.958904109589,PIC,62.5972602739726
NaN,-14.958904109589,PIC,62.5972602739726
NaN,-14.958904109589,PIC,62.5972602739726
NaN,-14.958904109589,PIC,62.5972602739726
NaN,-14.958904109589,PIC,62.5972602739726
NaN,-14.958904109589,PIC,62.5972602739726
NaN,-14.7616438356164,PIC,62.7945205479452
NaN,-14.7616438356164,PIC,62.7945205479452
NaN,-14.7616438356164,PIC,62.7945205479452
NaN,-14.7616438356164,PIC,62.7945205479452
0.0359587364672726,-14.7616438356164,PIC,62.7945205479452
NaN,-14.7616438356164,PIC,62.7945205479452
NaN,-14.7616438356164,PIC,62.7945205479452
NaN,-14.7616438356164,PIC,62.7945205479452
0.00925233947355882,-14.7616438356164,PIC,62.7945205479452
NaN,-14.7616438356164,PIC,62.7945205479452
NaN,-14.3342465753425,PIC,63.2219178082192
0.0600373241905085,-14.3342465753425,PIC,63.2219178082192
NaN,-14.3342465753425,PIC,63.2219178082192
NaN,-14.0712328767123,PIC,63.4849315068493
NaN,-14.0712328767123,PIC,63.4849315068493
NaN,-14.0712328767123,PIC,63.4849315068493
NaN,-14.0712328767123,PIC,63.4849315068493
NaN,-14.0712328767123,PIC,63.4849315068493
NaN,-14.0712328767123,PIC,63.4849315068493
NaN,-14.0712328767123,PIC,63.4849315068493
NaN,-14.0712328767123,PIC,63.4849315068493
