d,mature,ID,r2,fixrate,age
0.101450259,-2.761643836,SON,0.998060001,0.961805556,51.94520548
0.678134032,5.556164384,OLI,0.997570196,1.473214286,64.63561644
0.613878576,0.493150685,UNI,0.995589288,2.921875,45.0739726
0.708633311,0.493150685,UNI,0.995296981,0.96875,45.0739726
0.708633311,0.493150685,UNI,0.995296981,0.96875,45.0739726
0.758650877,6.049315068,TRI,0.995213078,5.375,55.85753425
1.009050203,-15.05753425,PIC,0.99502038,7.609375,62.49863014
0.686012433,-7.265753425,VIK,0.992870952,1.0625,47.80273973
0.728371723,-19.16712329,PIC,0.992858552,8.375,58.3890411
0.425778235,11.11232877,TRI,0.992717194,4.390625,60.92054795
1.382833064,11.40821918,UNI,0.991829788,15.39583333,55.9890411
0.517174348,11.57260274,UNI,0.991657992,4.890625,56.15342466
0.252903505,-5.260273973,OLI,0.989575211,0.828125,53.81917808
0.562006378,11.57260274,UNI,0.989231318,2,56.15342466
0.574190804,-6.805479452,QUA,0.988882378,3.091666667,49.67671233
0.701969077,16.93150685,UNI,0.988517459,3.203125,61.51232877
1.432143517,-10.32328767,OLI,0.987960015,4.671875,48.75616438
0.37096975,-10.55342466,OLI,0.987928409,0.5,48.5260274
0.58032297,5.556164384,OLI,0.986895288,4.24702381,64.63561644
0.511494239,-14.1369863,PIC,0.986215455,1.5,63.41917808
0.276361597,11.11232877,TRI,0.986117677,1.375,60.92054795
0.227274072,6.345205479,TRI,0.986096561,5.3125,56.15342466
0.244821524,11.57260274,UNI,0.985285547,4.8125,56.15342466
0.231637344,-10.09315068,SON,0.985260764,1.515625,44.61369863
0.241482996,-11.96712329,OLI,0.984783585,0.625,47.11232877
0.252739471,-14.1369863,PIC,0.983483526,2.125,63.41917808
0.522641464,5.556164384,OLI,0.982911584,0.523809524,64.63561644
0.534330653,6.345205479,TRI,0.98272933,24.83333333,56.15342466
0.520947054,2.071232877,SON,0.981557901,5.162946429,56.77808219
0.254393894,6.345205479,TRI,0.977774066,35.625,56.15342466
0.26163034,6.345205479,TRI,0.977594348,1.854166667,56.15342466
0.977683774,2.268493151,SON,0.977240321,0.578125,56.97534247
0.647887533,0.493150685,UNI,0.976829846,2.0625,45.0739726
0.647887533,0.493150685,UNI,0.976829846,2.0625,45.0739726
0.561288667,-2.630136986,QUA,0.976404148,3.654513889,53.85205479
1.533696653,-15.02465753,PIC,0.976158283,14.328125,62.53150685
0.560530469,5.293150685,OLI,0.975254638,2.130208333,64.37260274
0.204628437,2.104109589,SON,0.973545269,2.8125,56.8109589
0.318671382,-19.13424658,PIC,0.973406575,4.34375,58.42191781
1.00602874,1.150684932,ROS,0.972511306,0.5625,67.2
0.50354444,16.40547945,UNI,0.96885452,2.25,60.98630137
0.824712475,11.34246575,UNI,0.964766526,7.21875,55.92328767
0.338037319,2.136986301,SON,0.96400188,9.815972222,56.84383562
0.996322853,-14.56438356,PIC,0.963181922,0.864583333,62.99178082
0.723276073,5.030136986,OLI,0.962212547,3.421875,64.10958904
0.242757627,-24,PIC,0.961735278,18.15625,53.55616438
1.483975905,2.268493151,SON,0.961561014,6.127232143,56.97534247
1.119633816,11.40821918,UNI,0.96111809,1.963541667,55.9890411
0.491643005,-19.10136986,PIC,0.961112911,23.09375,58.45479452
2,-0.42739726,OLI,0.959743633,2.25,58.65205479
0.434180975,-17.3260274,ROS,0.95968179,1.03125,48.72328767
0.752902933,6.345205479,TRI,0.959172628,1.270833333,56.15342466
1.034957968,0.756164384,TRI,0.958129923,1.453125,50.56438356
0.504452308,7.397260274,VIK,0.957906432,1.446180556,62.46575342
1.360252753,-8.18630137,TRI,0.957415627,0.625,41.62191781
1.543964309,2.991780822,SON,0.957047887,42.90625,57.69863014
0.689852159,2.531506849,SON,0.957021941,2.57514881,57.23835616
1.459476273,0.032876712,OLI,0.956020348,2.234375,59.11232877
0.57936906,5.589041096,UNI,0.955433253,2.91875,50.16986301
0.4395378,-18.87123288,PIC,0.955231505,3.125,58.68493151
0.633837357,11.11232877,TRI,0.954749227,8,60.92054795
0.683914088,-29.75342466,PIC,0.954055048,2.274305556,47.80273973
0.440649607,-9.17260274,VIK,0.953364924,2.140625,45.89589041
0.478562196,2.82739726,SON,0.95259062,0.513888889,57.53424658
1.52226677,-19.39726027,PIC,0.94785339,36.55729167,58.15890411
1.59506584,11.11232877,TRI,0.947687795,6.84375,60.92054795
0.622913181,5.030136986,OLI,0.946948286,0.703125,64.10958904
0.263523111,10.1260274,OLI,0.946465087,1.53125,69.20547945
0.596730395,-9.17260274,VIK,0.945001741,3.84375,45.89589041
0.932038867,10.68493151,UNI,0.944773609,2.536363636,55.26575342
1.724762209,-3.057534247,ROS,0.94393983,4.625,62.99178082
0.506921913,16.86575342,UNI,0.943675964,2.041666667,61.44657534
0.549991738,1.380821918,ROS,0.942461404,1.833333333,67.43013699
1.346780735,16.60273973,UNI,0.942413778,1.958333333,61.18356164
0.727845211,-9.994520548,VIK,0.941441417,2.470486111,45.0739726
0.66272072,-18.87123288,PIC,0.940448705,1.3625,58.68493151
0.786789129,-8.383561644,SON,0.94005051,1.015625,46.32328767
0.240545955,6.871232877,SON,0.93995107,5.729910714,61.57808219
0.251786086,16.37260274,UNI,0.939017485,1.714285714,60.95342466
0.49981831,-19.39726027,PIC,0.938619639,2.15625,58.15890411
1.266616905,5.260273973,OLI,0.936353923,4.664930556,64.33972603
1.002488351,-0.197260274,UNI,0.936028556,2.821428571,44.38356164
0.582019453,5.128767123,UNI,0.935044118,0.890625,49.70958904
2,-2.564383562,ROS,0.934375662,13.35714286,63.48493151
1.521123379,-9.994520548,TRI,0.934336593,0.65625,39.81369863
0.23999694,7.397260274,VIK,0.934123482,0.756944444,62.46575342
0.701542218,-10.55342466,OLI,0.933583467,3,48.5260274
0.243411439,-2.498630137,QUA,0.933536958,9.0625,53.98356164
0.73318262,2.82739726,SON,0.93152376,1.501736111,57.53424658
0.91454937,6.345205479,TRI,0.93109826,4.104166667,56.15342466
0.897030182,7.857534247,SON,0.931032361,0.515625,62.56438356
0.238730199,-5.293150685,OLI,0.930513837,1.5,53.78630137
1.058975706,-2.695890411,QUA,0.930448175,1.166666667,53.78630137
0.266334684,-3.550684932,VIK,0.930387686,6.059027778,51.51780822
0.250502614,-19.10136986,PIC,0.930065759,26.09375,58.45479452
0.875509572,5.030136986,OLI,0.929806068,4.140625,64.10958904
0.646065673,-7.989041096,TRI,0.929015899,0.9625,41.81917808
0.730653758,15.97808219,UNI,0.928928299,2.029513889,60.55890411
0.246886779,1.052054795,ROS,0.928164168,4.5,67.10136986
0.117958814,16.86575342,UNI,0.928146525,0.75,61.44657534
0.25026426,-10.52054795,OLI,0.92775844,0.776041667,48.55890411
1.427623876,6.312328767,TRI,0.926930133,0.765625,56.12054795
0.595461431,0.493150685,UNI,0.924589664,5.035714286,45.0739726
0.232302685,16.40547945,UNI,0.923723324,0.916666667,60.98630137
0.783630711,-14.49863014,PIC,0.923556839,11.328125,63.05753425
0.367118093,-10.29041096,SON,0.923428131,4.7375,44.41643836
0.240735318,16.86575342,UNI,0.922815638,10.97916667,61.44657534
0.242757234,-9.073972603,ROS,0.922448952,0.78125,56.97534247
0.261376331,-14.30136986,PIC,0.922413668,0.78125,63.25479452
0.949687839,10.1260274,OLI,0.922181047,4.53125,69.20547945
0.5067039,-18.87123288,PIC,0.921434331,0.5625,58.68493151
0.262480879,5.030136986,OLI,0.921349474,1,64.10958904
0.25891571,6.345205479,TRI,0.92130993,16.27083333,56.15342466
0.853083417,11.11232877,TRI,0.920365301,1.9375,60.92054795
0.142209492,2.104109589,SON,0.919938254,112.1979167,56.8109589
0.223812894,4.865753425,UNI,0.919484602,0.546875,49.44657534
0.2376176,-3.254794521,SON,0.918061805,1.205357143,51.45205479
0.487876777,-19.10136986,PIC,0.91744634,14.609375,58.45479452
0.493467567,16.40547945,UNI,0.916758732,2.583333333,60.98630137
1.042072869,1.545205479,ROS,0.9163702,12.6,67.59452055
0.245218015,2.597260274,SON,0.914285698,0.611111111,57.30410959
1.000334738,1.545205479,ROS,0.914237851,7.316666667,67.59452055
0.248652295,-15.02465753,PIC,0.914216094,0.96875,62.53150685
0.246546135,-14.76164384,PIC,0.914149421,1.234375,62.79452055
0.237271228,5.260273973,OLI,0.914127046,1.232638889,64.33972603
0.272536737,-14.56438356,PIC,0.913891476,2.847222222,62.99178082
0.15188964,7.134246575,SON,0.912432878,2.015625,61.84109589
0.235807279,-15.02465753,PIC,0.912170662,1.546875,62.53150685
1.116564751,-24.42739726,PIC,0.911286701,5.25,53.12876712
0.251092314,-3.550684932,VIK,0.910799385,1.366319444,51.51780822
0.277603101,11.57260274,UNI,0.910740746,14.15625,56.15342466
0.234542033,10.1260274,OLI,0.910663853,2.316666667,69.20547945
0.2225102,11.11232877,UNI,0.910298978,0.796875,55.69315068
1.440441558,11.34246575,UNI,0.909808376,2.078125,55.92328767
1.010179623,5.030136986,OLI,0.90922051,16.72767857,64.10958904
0.497946316,16.17534247,UNI,0.908916733,2.666666667,60.75616438
0.249011269,2.104109589,SON,0.908179016,1.072916667,56.8109589
0.672773413,-5.687671233,UNI,0.908120634,2.55,38.89315068
0.226258131,1.084931507,ROS,0.907173426,6.604166667,67.13424658
1.117769932,1.117808219,ROS,0.906502282,3.0625,67.16712329
1.459553048,-19.39726027,PIC,0.906424086,43.71006944,58.15890411
0.247818141,11.37534247,TRI,0.905810303,38.96875,61.18356164
2,7.890410959,SON,0.905643498,12.34375,62.59726027
1.125307731,6.049315068,TRI,0.90416652,1.890625,55.85753425
0.240567215,5.819178082,TRI,0.904051159,0.5625,55.62739726
0.251353519,11.11232877,TRI,0.90399998,0.875,60.92054795
1.361710395,-5.687671233,UNI,0.903664613,4.2625,38.89315068
0.242470309,-0.032876712,OLI,0.90344511,3.53125,59.04657534
2,6.049315068,TRI,0.903093296,25.78125,55.85753425
0.146248436,16.86575342,UNI,0.902794494,18.9375,61.44657534
1.696349593,4.832876712,OLI,0.901466367,16.72619048,63.91232877
1.17381169,5.030136986,OLI,0.901139062,1.625,64.10958904
0.464790341,-0.42739726,OLI,0.9011109,11.025,58.65205479
0.112697754,-2.794520548,SON,0.900682183,0.953125,51.91232877
0.779132403,1.545205479,ROS,0.900543125,3.0375,67.59452055
1.149267006,15.94520548,UNI,0.899170443,0.791666667,60.5260274
0.254638721,-0.164383562,UNI,0.899070432,0.828125,44.41643836
0.233242591,-14.76164384,PIC,0.898748057,6.30952381,62.79452055
0.255096382,2.531506849,SON,0.898332245,2.015625,57.23835616
0.238944013,-5.030136986,OLI,0.897682467,1.421875,54.04931507
0.243929176,11.34246575,UNI,0.897463505,3.921875,55.92328767
0.925418387,-3.057534247,ROS,0.897364262,21.71875,62.99178082
1.90433448,16.60273973,UNI,0.897313779,7.104166667,61.18356164
0.534805435,11.83561644,TRI,0.89640823,0.7,61.64383562
0.711499268,-10.32328767,SON,0.896070841,0.541666667,44.38356164
1.593449287,11.83561644,TRI,0.894612159,10.421875,61.64383562
0.633520859,5.523287671,OLI,0.894055216,0.857142857,64.60273973
2,0.493150685,TRI,0.894022274,15.67708333,50.30136986
1.422582642,0.493150685,TRI,0.893940687,31.546875,50.30136986
0.240283414,7.397260274,VIK,0.892738204,26.21701389,62.46575342
0.608948575,-3.156164384,SON,0.89229784,2.411458333,51.55068493
0.235658492,2.071232877,SON,0.891348073,1.262152778,56.77808219
0.45309575,-12.62465753,OLI,0.890943292,3.696428571,46.45479452
0.245190343,-3.189041096,SON,0.890937488,1.6875,51.51780822
0.239724815,10.68493151,UNI,0.889116389,3.506818182,55.26575342
1.24285325,0.493150685,UNI,0.888953702,7.296875,45.0739726
1.24285325,0.493150685,UNI,0.888953702,7.296875,45.0739726
0.23498304,5.490410959,OLI,0.888888872,2.325,64.56986301
0.248284447,11.30958904,UNI,0.888473071,2.620535714,55.89041096
0.156287126,16.86575342,UNI,0.888393349,2.916666667,61.44657534
2,-0.460273973,OLI,0.887889839,1.78125,58.61917808
0.243514357,10.42191781,UNI,0.88708729,19.03125,55.00273973
0.638676715,-5.621917808,UNI,0.887022756,1.630952381,38.95890411
0.851866355,-19.39726027,PIC,0.886661436,11.98263889,58.15890411
1.147112458,11.30958904,UNI,0.886387443,2.265625,55.89041096
0.80591336,5.556164384,OLI,0.886208993,1.107142857,64.63561644
0.687813408,-8.252054795,QUA,0.884708498,1.366319444,48.23013699
0.550039969,-14.56438356,PIC,0.88171265,0.792410714,62.99178082
0.499696979,-3.550684932,VIK,0.881151198,2.503472222,51.51780822
0.742074656,-7.989041096,TRI,0.881131748,3.925,41.81917808
0.882279948,5.556164384,OLI,0.879590707,1.408333333,64.63561644
1.126712151,-0.361643836,UNI,0.879419992,1.96875,44.21917808
0.687776515,10.42191781,UNI,0.879001825,10.4375,55.00273973
0.279354042,-15.02465753,PIC,0.87891892,1.015625,62.53150685
0.735574601,6.246575342,TRI,0.878335958,0.640625,56.05479452
1.002651262,0.493150685,TRI,0.877785585,3.239583333,50.30136986
1.459199796,-0.460273973,OLI,0.877774111,16.02430556,58.61917808
0.241364055,11.83561644,TRI,0.877362319,11.265625,61.64383562
0.606283655,2.268493151,SON,0.875891347,0.546875,56.97534247
0.415818389,-5.260273973,OLI,0.875765731,0.875,53.81917808
0.584496001,6.082191781,TRI,0.87550386,1.637152778,55.89041096
1.213265883,0.493150685,TRI,0.875500644,8.772569444,50.30136986
0.783857523,15.97808219,UNI,0.875342408,4.4375,60.55890411
1.046968336,11.80273973,TRI,0.875226655,4.541666667,61.6109589
0.606465297,0.591780822,UNI,0.87450264,1.675,45.17260274
2,-2.893150685,QUA,0.874077934,5.96875,53.5890411
0.974780405,-15.05753425,PIC,0.873790787,4.921875,62.49863014
2,-3.550684932,VIK,0.872457011,7.234375,51.51780822
0.758872531,16.93150685,UNI,0.871761152,26.03125,61.51232877
0.834036265,11.86849315,TRI,0.871542649,6.171875,61.67671233
0.854580153,10.42191781,UNI,0.871407308,13.65625,55.00273973
0.804566564,15.97808219,UNI,0.870264397,10.68576389,60.55890411
2,-2.991780822,ROS,0.869333982,20.93055556,63.05753425
1.376597882,10.45479452,UNI,0.869129722,0.677083333,55.03561644
0.251006742,-0.197260274,UNI,0.868666933,5.654761905,44.38356164
1.063584701,-2.893150685,QUA,0.868474202,0.96875,53.5890411
0.247056834,6.246575342,TRI,0.868211748,7.5,56.05479452
0.226182263,16.40547945,UNI,0.868123789,2.4375,60.98630137
0.233932749,7.660273973,VIK,0.867502704,0.640625,62.72876712
0.76632073,-7.956164384,VIK,0.867446594,1.050347222,47.11232877
0.466059116,10.32328767,OLI,0.867006979,11.5,69.40273973
0.242833535,-0.164383562,UNI,0.866364786,5.15625,44.41643836
0.549123746,15.97808219,UNI,0.86588319,13.22743056,60.55890411
0.63792618,-5.063013699,UNI,0.865624902,5.575,39.51780822
0.234068277,7.660273973,VIK,0.865462942,2.03125,62.72876712
0.799350366,11.07945205,TRI,0.865034867,3.982142857,60.88767123
0.221950532,11.80273973,TRI,0.864977489,1.479166667,61.6109589
0.866871898,-7.989041096,TRI,0.864870251,20.35,41.81917808
2,-14.49863014,PIC,0.864343851,5.805803571,63.05753425
0.218291196,-5.063013699,UNI,0.864130783,2.05,39.51780822
0.828269225,7.232876712,VIK,0.86399053,0.961805556,62.30136986
0.153389213,-10.29041096,VIK,0.86326923,0.59375,44.77808219
0.587794807,2.071232877,SON,0.862172656,8.880208333,56.77808219
0.241444318,-3.254794521,VIK,0.861627478,1.022569444,51.81369863
0.919484839,-8.284931507,SON,0.861445416,0.734375,46.42191781
1.876665727,16.43835616,UNI,0.860420246,1.958333333,61.01917808
1.14165384,11.11232877,TRI,0.860045929,5.78125,60.92054795
1.53048231,-15.02465753,PIC,0.859312706,1.553571429,62.53150685
0.241499631,-0.394520548,UNI,0.859197535,2.00625,44.18630137
0.241171815,16.86575342,UNI,0.856395187,10.6875,61.44657534
0.260700671,11.83561644,TRI,0.856348748,7.15625,61.64383562
0.589758607,11.11232877,TRI,0.855519261,2.15625,60.92054795
1.575840592,-2.991780822,QUA,0.855355577,1.59375,53.49041096
0.711224671,0.032876712,OLI,0.853140177,9.28125,59.11232877
0.560100298,2.268493151,SON,0.853093807,2.96875,56.97534247
1.03137886,16.93150685,UNI,0.852647528,8.15625,61.51232877
0.432137669,11.17808219,UNI,0.852343993,2.291666667,55.75890411
0.857894897,1.545205479,ROS,0.851187527,17.20833333,67.59452055
0.487508923,-2.761643836,SON,0.850895417,1.652777778,51.94520548
0.150251515,5.293150685,OLI,0.850588135,11.53645833,64.37260274
0.256697524,2.728767123,SON,0.850243054,1.269097222,57.43561644
0.552599162,6.082191781,TRI,0.849313747,9.147569444,55.89041096
0.284806403,2.728767123,SON,0.849254113,18.12152778,57.43561644
2,2.728767123,SON,0.848464559,4.272569444,57.43561644
1.149211321,-14.36712329,PIC,0.848220349,1.046875,63.1890411
0.889554146,0,OLI,0.847669573,8.765625,59.07945205
0.576438402,6.871232877,SON,0.847395337,4.640625,61.57808219
1.359682003,-2.95890411,SON,0.846759061,7.520089286,51.74794521
1.189608258,6.082191781,TRI,0.846348348,8.289930556,55.89041096
0.216349637,-19.10136986,PIC,0.846264168,5.6875,58.45479452
1.522696858,-2.728767123,QUA,0.845948676,1.140625,53.75342466
1.676253279,2.597260274,SON,0.845554105,7.666666667,57.30410959
1.486292321,-20.05479452,PIC,0.845270464,0.90625,57.50136986
1.966545209,-2.531506849,ROS,0.84482849,11.275,63.51780822
0.226171063,-8.317808219,SON,0.844337258,0.90625,46.3890411
0.882573354,2.597260274,SON,0.844151364,1.694444444,57.30410959
0.212197555,16.83287671,UNI,0.843915338,2.5,61.41369863
0.932121843,-19.16712329,PIC,0.843694801,26.203125,58.3890411
2,10.1260274,OLI,0.842594659,10.51666667,69.20547945
0.253250615,-8.61369863,ROS,0.84258659,3.520833333,57.43561644
0.240672821,7.62739726,VIK,0.842436937,5.166666667,62.69589041
0.578514838,-8.284931507,SON,0.841883224,4.75,46.42191781
0.239126658,16.24109589,UNI,0.841468115,9.484375,60.82191781
1.989039345,5.095890411,OLI,0.840714665,5.453125,64.17534247
2,-17.75342466,ROS,0.84002976,4.697916667,48.29589041
0.223253206,-3.254794521,SON,0.839191235,3.651785714,51.45205479
0.229467679,-3.287671233,ROS,0.838288603,0.671875,62.76164384
1.172493652,6.871232877,SON,0.837347652,1.6,61.57808219
0.942362518,11.53972603,TRI,0.837241614,5.859375,61.34794521
0.970504413,-14.49863014,PIC,0.836948268,3.699404762,63.05753425
0.277751159,4.898630137,UNI,0.836484414,8.111309524,49.47945205
1.748489058,2.136986301,SON,0.83642674,1.147569444,56.84383562
0.240699868,-0.394520548,UNI,0.835572606,5.53125,44.18630137
0.244926843,11.53972603,TRI,0.835502236,9.5,61.34794521
0.249926263,16.93150685,UNI,0.833961151,4,61.51232877
0.807588356,16.60273973,UNI,0.833553629,15.1375,61.18356164
0.523701523,11.86849315,VIK,0.833534832,2.265625,66.9369863
0.252883068,-19.16712329,PIC,0.833408749,52.3125,58.3890411
0.22498279,11.30958904,UNI,0.833296355,0.625,55.89041096
0.234931091,1.282191781,ROS,0.832607814,0.520833333,67.33150685
0.242357012,7.660273973,VIK,0.832512301,1.640625,62.72876712
0.260765939,-10.29041096,OLI,0.832151583,0.916666667,48.7890411
0.244161398,-2.728767123,QUA,0.831854143,3.660714286,53.75342466
1.534743209,-0.131506849,UNI,0.831749644,2.65625,44.44931507
1.534743209,-0.131506849,UNI,0.831749644,2.65625,44.44931507
0.686084118,-0.131506849,UNI,0.830485691,1.34375,44.44931507
1.143643855,-5.490410959,OLI,0.829689713,18.46875,53.5890411
1.309811147,-7.693150685,VIK,0.82912794,0.66875,47.37534247
1.427029076,-7.956164384,VIK,0.82876015,3.114583333,47.11232877
0.247963392,-9.928767123,TRI,0.826989135,3.328125,39.87945205
1.464618055,2.564383562,SON,0.825734034,1.046875,57.27123288
0.651397692,-2.991780822,SON,0.825590835,11.50892857,51.71506849
0.254852512,0.493150685,TRI,0.825540652,3.708333333,50.30136986
1.262133832,2.728767123,SON,0.824907597,1.201388889,57.43561644
0.235036857,0.032876712,OLI,0.824853215,1.125,59.11232877
2,16.40547945,UNI,0.824807,7.875,60.98630137
1.122407134,-7.561643836,VIK,0.823934802,3.21875,47.50684932
0.671739114,-10.29041096,SON,0.823663349,38.359375,44.41643836
0.979036884,1.150684932,ROS,0.823027783,3.71875,67.2
0.483391223,16.83287671,UNI,0.822858295,43.8125,61.41369863
0.657077734,12.2630137,VIK,0.822260537,26.78125,67.33150685
0.661326858,-8.284931507,SON,0.821795203,1.9375,46.42191781
1.673462857,-7.989041096,TRI,0.821573297,2.625,41.81917808
0.955683135,-3.287671233,ROS,0.821426114,2.703125,62.76164384
0.243638934,6.246575342,TRI,0.821307487,0.640625,56.05479452
0.488932928,-5.063013699,UNI,0.821024325,1.151785714,39.51780822
1.085259616,5.326027397,OLI,0.820935294,1.159722222,64.40547945
0.242061512,-5.884931507,UNI,0.820880449,4.443452381,38.69589041
2,-5.161643836,UNI,0.819831175,1.300595238,39.41917808
0.234694126,2.531506849,SON,0.817863298,0.796875,57.23835616
0.238667092,10.68493151,UNI,0.816957403,3.140909091,55.26575342
0.898384386,2.071232877,SON,0.815643052,3.321180556,56.77808219
0.241059766,11.30958904,TRI,0.815378507,6.921875,61.11780822
1.036164984,2.794520548,SON,0.815334345,4.140625,57.50136986
0.251585915,-7.265753425,VIK,0.814996717,1.15625,47.80273973
0.457784281,-2.991780822,ROS,0.814774534,1.276041667,63.05753425
0.118576425,16.40547945,UNI,0.814333741,0.8125,60.98630137
0.247275865,-0.460273973,OLI,0.814305128,5.112847222,58.61917808
0.249230263,2.268493151,SON,0.814212708,5.633928571,56.97534247
2,2.136986301,SON,0.813938832,0.597222222,56.84383562
1.625039447,2.794520548,SON,0.813751434,1.875,57.50136986
1.446816878,6.049315068,TRI,0.813210166,22.578125,55.85753425
2,5.589041096,OLI,0.81309839,0.767857143,64.66849315
0.702186724,-24.39452055,PIC,0.813040625,6.71875,53.16164384
1.525394401,-5.720547945,UNI,0.812913362,0.508680556,38.86027397
0.734974183,4.931506849,UNI,0.812866033,3.84375,49.51232877
1.294609514,-14.56438356,PIC,0.812806619,2.769097222,62.99178082
0.427639037,-3.550684932,VIK,0.812762916,0.765625,51.51780822
1.469973571,5.556164384,OLI,0.812550289,1.431547619,64.63561644
0.237959183,10.68493151,UNI,0.812281387,7.598863636,55.26575342
0.440923314,-8.219178082,TRI,0.812248027,0.9625,41.5890411
0.243494988,-30.83835616,PIC,0.812087869,0.953125,46.71780822
0.668794998,11.53972603,UNI,0.81186167,6.84375,56.12054795
0.233881948,-5.391780822,UNI,0.811547699,1.5375,39.1890411
0.778418355,-3.780821918,VIK,0.810858964,7.044642857,51.28767123
0.462843241,-7.857534247,ROS,0.809345943,7.765625,58.19178082
1.048491953,15.94520548,UNI,0.809298967,12.3,60.5260274
1.055615408,-15.02465753,PIC,0.809169557,17.65625,62.53150685
0.508297193,-8.252054795,QUA,0.809153959,4.539930556,48.23013699
0.146651065,12.2630137,VIK,0.809152583,9.979910714,67.33150685
1.404329253,6.246575342,TRI,0.808113267,1.96875,56.05479452
0.247148766,6.082191781,TRI,0.806060721,9.883680556,55.89041096
1.025087402,5.095890411,UNI,0.805702796,2.590277778,49.67671233
0.625388399,5.424657534,UNI,0.805212227,0.54375,50.00547945
1.129362399,6.936986301,SON,0.803970729,2.109375,61.64383562
0.816996326,-4.109589041,VIK,0.803493287,2.237847222,50.95890411
0.153531869,-19.62739726,PIC,0.803491827,9.174107143,57.92876712
1.561116293,-14.36712329,PIC,0.803013064,4.625,63.1890411
0.23188396,16.37260274,UNI,0.802672131,4.767857143,60.95342466
0.232463676,16.24109589,UNI,0.800995005,1.515625,60.82191781
0.257881934,-15.02465753,PIC,0.800652438,0.8125,62.53150685
2,10.45479452,UNI,0.800176557,17.06770833,55.03561644
0.690462638,2.071232877,SON,0.798692253,3.329861111,56.77808219
0.24771207,0.723287671,TRI,0.797503449,2.796875,50.53150685
0.230023543,6.871232877,SON,0.79748821,1.390625,61.57808219
0.232765381,2.597260274,SON,0.796938761,1.75,57.30410959
0.154506777,-18.90410959,PIC,0.796478622,4.934027778,58.65205479
0.250386639,-15.02465753,PIC,0.795829318,17.62723214,62.53150685
1.11954328,-18.90410959,PIC,0.795358805,0.604166667,58.65205479
1.229433063,-0.460273973,OLI,0.79471094,1.506944444,58.61917808
0.614211847,6.312328767,TRI,0.794347295,1.8125,56.12054795
0.508935939,-5.063013699,OLI,0.793397119,4.296875,54.01643836
0.241283488,11.57260274,UNI,0.793046609,7.6875,56.15342466
1.681441113,-10.75068493,SON,0.792779938,10.19345238,43.95616438
2,-14.56438356,PIC,0.792665828,16.17708333,62.99178082
0.230004065,-10.22465753,VIK,0.792462728,0.50625,44.84383562
1.659600364,4.8,OLI,0.791900189,10.26190476,63.87945205
0.926183397,-17.75342466,ROS,0.791810181,7.769097222,48.29589041
1.217246517,6.871232877,SON,0.791212016,4.417410714,61.57808219
0.25200992,-14.30136986,PIC,0.790969229,1.109375,63.25479452
1.211209205,6.049315068,TRI,0.789360059,25.421875,55.85753425
0.23381598,16.37260274,UNI,0.789115629,0.879166667,60.95342466
0.244848012,-13.64383562,ROS,0.788806359,3.061111111,52.40547945
1.292192653,10.65205479,UNI,0.788731127,16.61111111,55.23287671
0.605485908,11.60547945,UNI,0.788610609,7.535714286,56.18630137
0.976458807,-17.26027397,ROS,0.787555419,2.109375,48.7890411
0.232021852,-10.15890411,SON,0.786568799,0.647569444,44.54794521
0.641613879,16.86575342,UNI,0.78591218,7.145833333,61.44657534
0.260772385,16.37260274,UNI,0.785714216,2.125,60.95342466
1.302504969,10.42191781,UNI,0.78568857,51.734375,55.00273973
1.655384779,6.312328767,TRI,0.785447721,3.904017857,56.12054795
0.242680138,0.263013699,UNI,0.784731748,8.578125,44.84383562
0.242680138,0.263013699,UNI,0.784731748,8.578125,44.84383562
2,-19.43013699,PIC,0.784191253,3.655681818,58.1260274
0.233975436,10.1260274,OLI,0.783375744,2.416666667,69.20547945
0.26853811,-3.189041096,SON,0.783239833,3.34375,51.51780822
0.861852898,-19.85753425,PIC,0.783058384,2.46875,57.69863014
0.525835393,2.728767123,SON,0.782275869,5.890625,57.43561644
1.018255074,2.498630137,SON,0.781543961,0.581597222,57.20547945
0.24081782,-2.794520548,ROS,0.780487717,0.84375,63.25479452
0.242632309,1.084931507,ROS,0.779106852,2.102430556,67.13424658
0.645485969,2.071232877,SON,0.778810705,5.404513889,56.77808219
0.250529308,-14.76164384,PIC,0.777914139,23.078125,62.79452055
0.676632969,7.890410959,SON,0.777609725,2.28125,62.59726027
0.635832998,-14.1369863,PIC,0.777194314,10.015625,63.41917808
0.740994142,-5.391780822,UNI,0.777156865,7.6,39.1890411
0.508768351,2.794520548,SON,0.777102735,8.375,57.50136986
1.265930869,11.34246575,UNI,0.776620836,2.0625,55.92328767
0.235749249,2.071232877,SON,0.775330375,1.84375,56.77808219
0.505563103,-2.531506849,ROS,0.774671985,1.375,63.51780822
0.839568294,-10.52054795,OLI,0.774644586,2.390625,48.55890411
2,10.45479452,UNI,0.774105647,8.225694444,55.03561644
0.700624784,10.32328767,OLI,0.774029049,2.833333333,69.40273973
0.858785732,-14.10410959,PIC,0.772830119,3.09375,63.45205479
0.131663916,-11.70410959,SON,0.7723462,1.427083333,43.00273973
0.237424965,11.53972603,UNI,0.771861433,9.484375,56.12054795
1.492170772,-8.18630137,TRI,0.770069737,2.725,41.62191781
2,-19.10136986,PIC,0.769599671,1.84375,58.45479452
0.224050488,16.40547945,UNI,0.769142769,6.645833333,60.98630137
1.536199258,-13.67671233,ROS,0.767788573,0.890625,52.37260274
0.98352679,6.739726027,VIK,0.766865462,1.28125,61.80821918
1.895456943,-14.03835616,PIC,0.765724385,17.47083333,63.51780822
0.238682352,-24.42739726,PIC,0.765188425,1.4375,53.12876712
0.223884906,11.37534247,UNI,0.764833449,3.524553571,55.95616438
0.732797975,16.86575342,UNI,0.764343566,3.229166667,61.44657534
0.620785152,10.15890411,OLI,0.764238441,1.696428571,69.23835616
1.450758644,15.97808219,UNI,0.763681901,1.078125,60.55890411
2,6.871232877,SON,0.763558877,0.96875,61.57808219
0.950721747,11.60547945,UNI,0.76351943,1.104166667,56.18630137
1.747639016,-14.36712329,PIC,0.762815662,6.375,63.1890411
1.172175786,-0.460273973,OLI,0.761799551,1.829861111,58.61917808
0.166134955,2.728767123,SON,0.760944188,1.923611111,57.43561644
0.152661684,2.991780822,SON,0.758277024,2.265625,57.69863014
1.33326083,6.904109589,SON,0.757689146,0.945833333,61.6109589
0.341921441,10.32328767,OLI,0.7576117,20.35416667,69.40273973
1.381009819,16.24109589,UNI,0.757290601,1.640625,60.82191781
1.809375586,-20.05479452,PIC,0.757278155,11.921875,57.50136986
0.14066273,5.819178082,TRI,0.756878985,2.916666667,55.62739726
0.237205887,-14.1369863,PIC,0.756786353,9.90625,63.41917808
0.232193007,1.347945205,ROS,0.756736532,18.37673611,67.39726027
2,-5.687671233,UNI,0.756683671,11.575,38.89315068
1.278067966,11.60547945,UNI,0.7562163,0.515625,56.18630137
0.243106616,6.312328767,TRI,0.755995804,3.640625,56.12054795
0.584586793,6.871232877,SON,0.755566271,1.104166667,61.57808219
0.722867382,-5.884931507,UNI,0.755369968,1.03125,38.69589041
1.227916046,11.83561644,TRI,0.754889233,2.891666667,61.64383562
0.2445834,-14.1369863,PIC,0.754604771,1.984375,63.41917808
0.24915214,-10.55342466,SON,0.753135432,3.772569444,44.15342466
0.218673192,7.134246575,SON,0.752747244,0.640625,61.84109589
1.929860138,10.1260274,OLI,0.752236988,3.7375,69.20547945
0.46791979,-10.52054795,OLI,0.752143713,2.104166667,48.55890411
1.517576133,-5.457534247,OLI,0.751410712,8.21875,53.62191781
0.244674972,16.37260274,UNI,0.751301925,13.25,60.95342466
0.747606197,-10.52054795,OLI,0.750186629,0.784722222,48.55890411
1.169352893,11.53972603,TRI,0.749975922,16.8125,61.34794521
0.232331336,16.37260274,UNI,0.749452755,33.39285714,60.95342466
0.426003695,-5.161643836,UNI,0.749174828,2.004166667,39.41917808
0.807858324,2.564383562,SON,0.748150492,1.5,57.27123288
0.223386239,11.37534247,UNI,0.747772178,2.200892857,55.95616438
0.955914149,-19.33150685,PIC,0.747051862,13.53571429,58.22465753
0.140971956,11.07945205,TRI,0.746775165,1.303571429,60.88767123
0.149816332,16.40547945,UNI,0.746121297,0.833333333,60.98630137
0.572965913,0.723287671,TRI,0.746019901,32.953125,50.53150685
0.628218845,11.57260274,UNI,0.745976942,0.875,56.15342466
0.151799488,5.128767123,UNI,0.745684897,1.696428571,49.70958904
0.971907751,6.049315068,TRI,0.745669048,7.015625,55.85753425
0.67024549,-5.556164384,OLI,0.745660767,6.225694444,53.52328767
0.556060231,6.936986301,SON,0.74549625,6.1875,61.64383562
1.053715926,-12.42739726,SON,0.74548292,2.498263889,42.27945205
0.239467351,-10.52054795,OLI,0.745220455,12.16840278,48.55890411
1.876389934,-3.189041096,SON,0.744471345,4.703125,51.51780822
2,5.095890411,OLI,0.7443506,1.171875,64.17534247
1.346329591,11.37534247,TRI,0.744041514,1.6875,61.18356164
0.228283432,6.049315068,TRI,0.743911856,4.327380952,55.85753425
0.244384643,2.268493151,SON,0.743068769,7.959821429,56.97534247
2,-7.495890411,TRI,0.742941867,9,42.31232877
0.643761551,1.282191781,ROS,0.741896576,2.611607143,67.33150685
0.259099327,-11.93424658,SON,0.741397253,2.515625,42.77260274
2,11.86849315,VIK,0.741170658,9.28125,66.9369863
0.59042171,5.260273973,OLI,0.741168646,5.576388889,64.33972603
1.712512198,6.049315068,TRI,0.741153517,22.765625,55.85753425
0.216633121,16.83287671,UNI,0.740683222,18.8125,61.41369863
0.20670248,16.17534247,UNI,0.739884393,0.958333333,60.75616438
0.821940795,11.53972603,TRI,0.739313095,40.296875,61.34794521
0.23865275,-5.22739726,OLI,0.737786434,1.633680556,53.85205479
2,11.83561644,TRI,0.73707182,6.015625,61.64383562
0.43426043,11.30958904,TRI,0.736901538,1.75,61.11780822
0.241855112,6.246575342,TRI,0.73671584,5.25,56.05479452
0.458250089,11.80273973,TRI,0.735748232,8.333333333,61.6109589
2,-15.02465753,PIC,0.735242077,5.328125,62.53150685
0.389470531,-8.547945205,ROS,0.733589093,5.285714286,57.50136986
0.832178391,-5.654794521,UNI,0.73206976,1.176339286,38.9260274
0.246249525,4.832876712,OLI,0.731920166,2.970833333,63.91232877
0.318486804,11.83561644,TRI,0.731343282,2.78125,61.64383562
1.128457932,11.07945205,TRI,0.731182416,0.857142857,60.88767123
2,-5.884931507,UNI,0.730704287,0.515625,38.69589041
0.622459509,11.53972603,UNI,0.729986942,22.90625,56.12054795
1.008594536,2.564383562,SON,0.728710109,5.234375,57.27123288
1.635018446,-10.22465753,TRI,0.728499241,2.265625,39.58356164
0.322754083,-19.33150685,PIC,0.72848348,23.14285714,58.22465753
0.803352534,-3.189041096,SON,0.727147578,2.821428571,51.51780822
2,0.328767123,UNI,0.726642525,2,44.90958904
1.086545016,16.89863014,UNI,0.726629835,4.546875,61.47945205
0.248752571,2.268493151,SON,0.726147439,0.78125,56.97534247
0.253766174,16.37260274,UNI,0.725795514,0.910714286,60.95342466
1.166184196,-7.528767123,TRI,0.72561175,1.553571429,42.27945205
0.234885024,-9.994520548,TRI,0.725521654,0.859375,39.81369863
1.764877077,-2.663013699,QUA,0.72535314,1.475446429,53.81917808
2,-0.460273973,OLI,0.72515538,9.677083333,58.61917808
0.244005995,11.86849315,TRI,0.724911212,8.90625,61.67671233
0.58430787,5.293150685,OLI,0.724658242,2.916666667,64.37260274
0.240942179,-18.87123288,PIC,0.72330254,0.6875,58.68493151
0.522868578,-7.495890411,TRI,0.723280255,0.964285714,42.31232877
0.678927513,-19.82465753,ROS,0.722896813,6.520833333,46.22465753
0.154534148,4.931506849,UNI,0.721841315,1.708333333,49.51232877
0.665214152,-7.463013699,TRI,0.72155301,3.95,42.34520548
0.350890419,2.564383562,SON,0.72130341,2.59375,57.27123288
1.762816759,-4.964383562,UNI,0.720631078,30.77380952,39.61643836
0.238700311,0.295890411,UNI,0.720455958,1.28125,44.87671233
0.236120731,-11.7369863,SON,0.720146307,5.821180556,42.96986301
0.640142158,-2.498630137,QUA,0.719818949,0.625,53.98356164
0.232112244,-7.265753425,VIK,0.719057789,1.982142857,47.80273973
0.218122174,-12.46027397,SON,0.7170248,2.0625,42.24657534
0.243664573,-19.33150685,PIC,0.716702441,82.075,58.22465753
0.853379785,6.739726027,VIK,0.716702345,3.3125,61.80821918
2,-14.76164384,PIC,0.716204178,4.390625,62.79452055
0.236707396,-8.284931507,SON,0.715831295,1.578125,46.42191781
0.808973248,11.30958904,UNI,0.715300789,7.234375,55.89041096
1.193265749,-7.232876712,VIK,0.714178876,16.4375,47.83561644
0.23318403,16.24109589,UNI,0.713570317,5.59375,60.82191781
2,-5.687671233,UNI,0.713350362,5.05,38.89315068
0.23660286,7.890410959,SON,0.711779426,2.234375,62.59726027
0.240119858,-10.15890411,SON,0.711773411,0.836805556,44.54794521
0.237728159,-7.035616438,VIK,0.711567813,16.4,48.03287671
0.476217886,-9.994520548,VIK,0.710911882,0.836805556,45.0739726
0.238901431,-14.10410959,PIC,0.710319112,7.109375,63.45205479
0.977695736,-3.189041096,SON,0.710306126,1.140625,51.51780822
0.649413863,-12.62465753,SON,0.709106038,4.428819444,42.08219178
0.231422077,16.37260274,UNI,0.709084144,1.017857143,60.95342466
1.443852971,-5.424657534,UNI,0.708331234,0.7875,39.15616438
0.39262809,-7.463013699,TRI,0.708025119,1.025,42.34520548
1.779786597,16.24109589,UNI,0.707833192,17.109375,60.82191781
0.499453669,2.794520548,SON,0.707710635,0.953125,57.50136986
1.809127677,-6.805479452,QUA,0.707555152,11.05,49.67671233
0.22967666,-20.28493151,PIC,0.707399182,2.267361111,57.27123288
0.147065945,7.397260274,SON,0.707245694,2.833333333,62.10410959
0.221494565,-2.465753425,QUA,0.706778909,4.557291667,54.01643836
0.227656328,16.86575342,UNI,0.706398457,0.875,61.44657534
1.699814295,6.049315068,TRI,0.706325645,3.453125,55.85753425
0.49285028,-5.22739726,OLI,0.706185148,0.684027778,53.85205479
0.669392595,12.49315068,VIK,0.706088597,0.5,67.56164384
0.771045826,7.397260274,VIK,0.705916343,2.385416667,62.46575342
2,11.83561644,TRI,0.705761664,2.321428571,61.64383562
0.23939402,12.03287671,VIK,0.705567422,3.697916667,67.10136986
0.143122359,-15.05753425,PIC,0.705566406,0.53125,62.49863014
2,-14.56438356,PIC,0.705522245,7.979166667,62.99178082
0.233145149,16.43835616,UNI,0.705223878,3.745833333,61.01917808
1.302920648,7.561643836,SON,0.703959771,1.236111111,62.26849315
1.646225308,-12.62465753,OLI,0.703716865,1.475,46.45479452
0.255908659,11.53972603,TRI,0.703552988,30.015625,61.34794521
2,2.136986301,SON,0.70313274,0.527777778,56.84383562
0.251840231,-11.7369863,SON,0.702924647,19.84722222,42.96986301
0.248625029,11.86849315,VIK,0.701509863,2.203125,66.9369863
0.257696148,10.45479452,UNI,0.701246588,16.74826389,55.03561644
1.130527192,5.260273973,OLI,0.700969279,1.798611111,64.33972603
0.246257223,-5.917808219,UNI,0.700322221,1.359375,38.6630137
0.553697093,0.493150685,TRI,0.700171126,3.789930556,50.30136986
0.256453345,15.97808219,UNI,0.699691533,0.753472222,60.55890411
0.557542797,-5.194520548,UNI,0.699295515,1.09375,39.38630137
0.144241245,-3.189041096,SON,0.698334609,2.046875,51.51780822
0.127244087,0.756164384,TRI,0.696406053,1.46875,50.56438356
0.232430044,-9.994520548,VIK,0.696124736,2.987847222,45.0739726
0.237974158,1.347945205,ROS,0.696108063,3.484375,67.39726027
0.261167278,6.246575342,TRI,0.695980709,4.90625,56.05479452
2,15.94520548,UNI,0.695495075,20.83333333,60.5260274
0.250090364,-18.90410959,PIC,0.695068668,4.78125,58.65205479
0.251617146,12.03287671,VIK,0.694825278,5.322916667,67.10136986
1.743570264,-0.230136986,OLI,0.693966568,3.78125,58.84931507
0.741080867,6.936986301,SON,0.693945248,3.53125,61.64383562
0.435166979,-2.761643836,SON,0.693715972,6.899305556,51.94520548
0.233504889,-5.22739726,UNI,0.692963888,2.567708333,39.35342466
0.243290568,-10.84931507,SON,0.692771144,0.872767857,43.85753425
0.152370947,-2.663013699,QUA,0.692451849,1.082589286,53.81917808
0.56007831,0.032876712,OLI,0.690891573,3.671875,59.11232877
0.229519177,16.17534247,UNI,0.690777566,1.020833333,60.75616438
0.145567205,6.016438356,TRI,0.690009122,0.875,55.82465753
0.234883801,-5.490410959,OLI,0.689751975,2.65625,53.5890411
0.235969377,10.65205479,UNI,0.688167303,7.680555556,55.23287671
0.760985263,11.80273973,TRI,0.687831653,14.04166667,61.6109589
0.221037045,-10.52054795,OLI,0.687683202,14.22048611,48.55890411
0.705615034,6.871232877,SON,0.687508744,13.515625,61.57808219
0.896467872,16.63561644,UNI,0.687161382,1.535714286,61.21643836
0.234507742,-9.17260274,VIK,0.687061983,2.265625,45.89589041
0.52550253,16.66849315,UNI,0.686186308,5.859375,61.24931507
0.454164761,-19.43013699,PIC,0.686030875,0.659722222,58.1260274
0.14861573,-2.794520548,ROS,0.685975609,3.857142857,63.25479452
1.184152933,-0.131506849,UNI,0.685723234,0.546875,44.44931507
0.14448967,7.134246575,SON,0.68528948,72.1875,61.84109589
0.227919284,10.94794521,UNI,0.684545923,1.203125,55.52876712
1.963374713,11.57260274,TRI,0.683551023,10.97395833,61.38082192
2,11.60547945,UNI,0.682821671,27.203125,56.18630137
0.913403034,16.24109589,UNI,0.682478007,1.549107143,60.82191781
0.235443597,-3.156164384,SON,0.682447779,1.387152778,51.55068493
2,-3.189041096,SON,0.682110766,6.857142857,51.51780822
1.163993729,-14.95890411,PIC,0.681549628,16.76785714,62.59726027
0.13121063,5.523287671,OLI,0.681451613,0.910714286,64.60273973
0.238977218,2.531506849,SON,0.680690359,2.09375,57.23835616
1.276157692,-14.10410959,PIC,0.680361481,20.3125,63.45205479
2,1.347945205,ROS,0.680161661,0.817708333,67.39726027
0.247310972,16.24109589,UNI,0.680084399,7.421875,60.82191781
0.153279207,-19.43013699,PIC,0.678851951,1.388636364,58.1260274
0.252398023,-15.02465753,PIC,0.678809364,7.65625,62.53150685
0.136819468,6.871232877,SON,0.678571429,0.53125,61.57808219
2,1.380821918,ROS,0.676797638,2.791666667,67.43013699
0.24114159,7.857534247,SON,0.676788997,0.875,62.56438356
0.484050016,5.063013699,OLI,0.676629787,1.046875,64.14246575
0.579106788,11.11232877,TRI,0.676465025,0.546875,60.92054795
0.245892543,11.86849315,TRI,0.676463689,2.375,61.67671233
0.396834947,10.68493151,UNI,0.676388992,1.559090909,55.26575342
0.234500268,-7.495890411,TRI,0.676077879,2.357142857,42.31232877
2,-19.13424658,PIC,0.67601078,4.046875,58.42191781
0.224217455,-15.02465753,PIC,0.675972262,0.5,62.53150685
0.241926334,11.83561644,TRI,0.675167469,1.59375,61.64383562
0.605043815,2.728767123,SON,0.675078629,3.604166667,57.43561644
0.242554697,16.40547945,UNI,0.675075383,5.854166667,60.98630137
0.240399973,-14.1369863,PIC,0.67425482,4.296875,63.41917808
0.235653347,-2.695890411,SON,0.674171343,5.041666667,52.0109589
1.63466356,2.531506849,SON,0.674061733,3.001736111,57.23835616
0.924096624,-14.56438356,PIC,0.67401764,2.086805556,62.99178082
1.047844824,11.11232877,TRI,0.673829449,0.78125,60.92054795
0.430153055,-8.317808219,SON,0.673233739,4.0625,46.3890411
1.797806342,2.498630137,SON,0.673006926,1.375,57.20547945
0.245862279,16.37260274,UNI,0.67294951,11.40625,60.95342466
0.238219325,-0.361643836,UNI,0.672393123,1,44.21917808
1.168874456,7.62739726,SON,0.671879019,0.59375,62.33424658
0.492906035,-5.030136986,OLI,0.671155072,0.590277778,54.04931507
0.250399377,5.490410959,OLI,0.670486729,9.25,64.56986301
0.244746639,2.82739726,SON,0.670310571,8.303819444,57.53424658
0.244223182,-5.391780822,UNI,0.670068013,2.025,39.1890411
0.247428239,0.361643836,UNI,0.669486585,4.25,44.94246575
0.247428239,0.361643836,UNI,0.669486585,4.25,44.94246575
0.235232125,10.42191781,UNI,0.669445753,6.696428571,55.00273973
0.215954124,11.86849315,VIK,0.669220108,1.703125,66.9369863
0.22138229,-19.36438356,ROS,0.668067218,0.788194444,46.68493151
0.139745648,-19.62739726,ROS,0.667963406,1.390625,46.42191781
2,-5.457534247,OLI,0.667356947,3.125,53.62191781
0.237867594,6.246575342,TRI,0.666815507,11.1875,56.05479452
0.717881516,11.80273973,TRI,0.666652269,3.145833333,61.6109589
0.237765154,6.016438356,TRI,0.666511877,15.8125,55.82465753
0.753392828,1.150684932,ROS,0.666343875,3.828125,67.2
2,-19.33150685,PIC,0.666197033,22.64285714,58.22465753
0.250875788,10.15890411,OLI,0.66604819,0.678571429,69.23835616
0.932460529,-8.18630137,TRI,0.66583876,1.0625,41.62191781
1.741804626,11.53972603,TRI,0.664839519,4.984375,61.34794521
0.245759266,-8.416438356,SON,0.664692775,1.125,46.29041096
0.248133112,-2.663013699,QUA,0.664245064,0.939732143,53.81917808
0.509046689,12.03287671,VIK,0.663803816,1.335069444,67.10136986
0.230193054,12.69041096,VIK,0.663242734,6.779513889,67.75890411
0.925601188,5.128767123,UNI,0.663050027,0.921875,49.70958904
1.373545711,-0.460273973,OLI,0.661831082,4.881944444,58.61917808
2,-30.01643836,PIC,0.661548659,3.416666667,47.53972603
0.140555185,10.1260274,OLI,0.661403137,4.791666667,69.20547945
1.258930751,16.40547945,UNI,0.660307196,1.554166667,60.98630137
1.078961676,-18.96986301,PIC,0.660140845,13.37202381,58.58630137
1.083519138,-3.254794521,VIK,0.659816218,2.079861111,51.81369863
2,-19.10136986,PIC,0.659243588,0.53125,58.45479452
0.611000021,5.095890411,OLI,0.65912483,0.859375,64.17534247
0.146366337,-14.95890411,PIC,0.658920773,3.464285714,62.59726027
0.657674742,1.084931507,ROS,0.658477139,3.274305556,67.13424658
1.224263119,6.082191781,TRI,0.658291761,5.387152778,55.89041096
0.1441174,-18.87123288,PIC,0.657197233,2.525,58.68493151
0.224363482,16.89863014,UNI,0.657158352,7.71875,61.47945205
0.237471458,7.890410959,SON,0.657142847,1.28125,62.59726027
0.263794538,11.53972603,UNI,0.657142722,0.921875,56.12054795
0.238180822,-0.032876712,OLI,0.65675499,1.15625,59.04657534
2,-19.43013699,PIC,0.65658586,14.4375,58.1260274
0.246320556,5.095890411,OLI,0.655600752,1.645833333,64.17534247
0.223853433,1.150684932,ROS,0.655528662,2.65625,67.2
0.237213958,15.94520548,UNI,0.654153892,7.645833333,60.5260274
1.097585633,16.63561644,UNI,0.652996646,4.28125,61.21643836
0.232959581,16.63561644,UNI,0.652595111,3.671875,61.21643836
0.496037049,10.48767123,UNI,0.652288907,2.375,55.06849315
1.24457196,-10.29041096,SON,0.652130933,0.625,44.41643836
1.163401516,-19.82465753,ROS,0.65130991,7.425,46.22465753
0.140058385,16.60273973,UNI,0.651041667,0.958333333,61.18356164
0.154975405,16.24109589,UNI,0.650925354,5.78125,60.82191781
0.274509732,-18.9369863,PIC,0.650660087,14.71388889,58.61917808
0.641178136,11.17808219,UNI,0.649862077,1.78125,55.75890411
1.038545491,16.37260274,UNI,0.64975708,1.232142857,60.95342466
0.153566704,5.819178082,TRI,0.649615917,0.895833333,55.62739726
0.542751885,5.326027397,OLI,0.649236825,1.019097222,64.40547945
0.242565434,-0.263013699,OLI,0.648795369,0.6875,58.81643836
0.245881905,5.260273973,OLI,0.648177649,8.854166667,64.33972603
0.221534753,-24.39452055,PIC,0.647912083,0.921875,53.16164384
1.540055865,-2.794520548,ROS,0.647339376,7.078125,63.25479452
1.108992385,5.424657534,UNI,0.646440912,1.55,50.00547945
2,5.095890411,OLI,0.646332104,2.3125,64.17534247
0.61484986,2.531506849,SON,0.646292833,7.949652778,57.23835616
0.603642534,0.98630137,TRI,0.645651161,0.953125,50.79452055
2,7.134246575,SON,0.645065024,0.734375,61.84109589
0.237820304,-2.991780822,SON,0.64468862,1.890625,51.71506849
0.23800179,-8.252054795,TRI,0.643856118,1.208333333,41.55616438
0.229339075,10.1260274,OLI,0.643518983,1.120833333,69.20547945
0.889461085,11.53972603,TRI,0.643062594,2.484375,61.34794521
0.248556847,-19.39726027,ROS,0.642582705,5.225,46.65205479
0.219001907,15.94520548,UNI,0.642349347,7.875,60.5260274
0.23437988,5.063013699,OLI,0.642178709,5.59375,64.14246575
0.237261924,11.53972603,UNI,0.640117407,7.390625,56.12054795
1.436457754,1.380821918,ROS,0.639703233,4.541666667,67.43013699
0.237068485,-8.18630137,QUA,0.637575597,15.171875,48.29589041
0.221229332,15.97808219,UNI,0.637037719,16.00868056,60.55890411
0.222384241,6.049315068,TRI,0.636749861,2.203125,55.85753425
0.143593468,-19.10136986,PIC,0.636650366,16.734375,58.45479452
0.231523265,10.15890411,OLI,0.636446146,2.785714286,69.23835616
0.758043009,-3.254794521,VIK,0.636094643,1.967013889,51.81369863
0.602731156,2.498630137,SON,0.635999033,1.241666667,57.20547945
0.209576072,16.37260274,UNI,0.635830106,17.64285714,60.95342466
0.138523553,1.052054795,ROS,0.63542494,23.765625,67.10136986
0.266099052,-13.47945205,ROS,0.635125709,1.520454545,52.56986301
0.241765767,-15.05753425,PIC,0.634902717,10.578125,62.49863014
0.91555371,1.380821918,ROS,0.634324036,4.729166667,67.43013699
1.298479385,11.57260274,TRI,0.633932243,2.486111111,61.38082192
0.944552367,-15.02465753,PIC,0.633867756,16.140625,62.53150685
2,-3.287671233,VIK,0.63376832,2.534722222,51.78082192
1.085938253,-10.81643836,SON,0.63198027,3.196180556,43.89041096
0.243443012,-9.895890411,TRI,0.631368617,0.703125,39.91232877
0.769995744,11.40821918,UNI,0.631304173,26.00868056,55.9890411
0.228771748,-24.23013699,PIC,0.630807452,1.083333333,53.3260274
0.241748169,10.1260274,OLI,0.630799591,1.333333333,69.20547945
0.066549978,2.991780822,SON,0.630597015,0.5,57.69863014
0.550251548,-14.03835616,PIC,0.630358487,6.745535714,63.51780822
0.244473516,5.424657534,UNI,0.630087316,5.3,50.00547945
0.247042318,11.80273973,TRI,0.62969586,0.708333333,61.6109589
2,-2.564383562,ROS,0.629399059,0.921875,63.48493151
2,-14.33424658,PIC,0.628429666,18.61666667,63.22191781
2,-5.654794521,UNI,0.628036514,0.574652778,38.9260274
0.240823764,2.531506849,SON,0.627765347,1.703125,57.23835616
1.604124537,-9.994520548,TRI,0.627763035,7.6875,39.81369863
0.145429084,2.334246575,SON,0.627305193,1.925595238,57.04109589
0.47741114,-19.43013699,PIC,0.627235466,2.125,58.1260274
0.740319013,6.049315068,TRI,0.62718236,3.34375,55.85753425
0.235774833,-7.232876712,VIK,0.627008041,14.6875,47.83561644
0.264291445,-17.81917808,ROS,0.626972274,2.004464286,48.23013699
0.520560322,-14.07123288,PIC,0.62665028,1.046875,63.48493151
1.344149894,-3.254794521,VIK,0.626052575,4.322916667,51.81369863
0.275496966,-2.991780822,ROS,0.625979301,3.984375,63.05753425
0.704837198,-2.794520548,SON,0.62458088,4.375,51.91232877
0.385038774,-8.153424658,QUA,0.62418649,2.9375,48.32876712
0.258230612,-15.02465753,PIC,0.623447747,7.5625,62.53150685
2,6.312328767,TRI,0.623002603,3.924107143,56.12054795
0.146587312,16.43835616,UNI,0.622867253,7.175,61.01917808
1.213057657,-12.39452055,OLI,0.622506557,3.395833333,46.68493151
0.215118846,-14.1369863,PIC,0.622208766,8.515625,63.41917808
0.861382397,16.17534247,UNI,0.622179915,20.75,60.75616438
0.251684353,5.161643836,UNI,0.621848719,1.25,49.74246575
0.237355269,1.380821918,ROS,0.621755722,3.3125,67.43013699
0.238037142,15.97808219,UNI,0.621552476,21.63541667,60.55890411
2,-14.82739726,PIC,0.620192035,6.5625,62.72876712
2,-19.13424658,PIC,0.618195928,3.625,58.42191781
0.557442028,6.345205479,TRI,0.617714196,1.145833333,56.15342466
0.243317054,-3.81369863,VIK,0.617346926,1.875,51.25479452
1.415801107,-19.66027397,PIC,0.616370956,0.737847222,57.89589041
1.043903537,-19.59452055,ROS,0.616368169,0.53125,46.45479452
1.043903537,-19.59452055,ROS,0.616368169,0.53125,46.45479452
0.241149292,11.34246575,UNI,0.616235855,1.484375,55.92328767
0.222289524,6.246575342,TRI,0.616167226,0.65625,56.05479452
0.229759159,11.40821918,UNI,0.614783248,2.28125,55.9890411
2,15.94520548,UNI,0.61393101,1.916666667,60.5260274
0.84035194,10.68493151,UNI,0.613180536,3.692045455,55.26575342
0.67878653,2.334246575,SON,0.61312401,0.75297619,57.04109589
1.345594606,-19.43013699,PIC,0.613024614,5.592045455,58.1260274
0.034802252,12.2630137,VIK,0.6125,4.671875,67.33150685
1.971904507,-10.81643836,SON,0.611290537,4.864583333,43.89041096
0.234849811,1.380821918,ROS,0.609967154,7.770833333,67.43013699
0.245533332,5.326027397,OLI,0.609796114,2.869791667,64.40547945
0.256360562,-3.254794521,SON,0.609739164,2.725446429,51.45205479
0.70698791,4.898630137,UNI,0.609329211,0.955357143,49.47945205
0.232969554,-10.84931507,SON,0.609039886,10.33928571,43.85753425
0.224368323,4.898630137,UNI,0.608406837,2.892857143,49.47945205
0.244514056,-5.030136986,OLI,0.607352867,0.939236111,54.04931507
1.587735882,11.40821918,UNI,0.606707366,6.288194444,55.9890411
0.240527703,-5.687671233,UNI,0.606437023,1.3125,38.89315068
0.246674639,10.32328767,OLI,0.60599077,0.5625,69.40273973
2,-24.42739726,PIC,0.605645233,2.71875,53.12876712
1.720980648,-14.36712329,PIC,0.60442896,7.234375,63.1890411
0.256819935,4.668493151,OLI,0.604021593,0.71875,63.74794521
0.245870665,16.83287671,UNI,0.603811228,4.3125,61.41369863
2,-19.16712329,PIC,0.603711389,25.265625,58.3890411
0.520753167,-8.317808219,SON,0.603204176,2.171875,46.3890411
0.785216897,-19.85753425,ROS,0.60311843,0.84375,46.19178082
2,-2.991780822,SON,0.603002656,2.359375,51.71506849
0.236172471,11.37534247,UNI,0.601998805,4.34375,55.95616438
2,10.42191781,UNI,0.600355532,13.2,55.00273973
0.486608309,-10.22465753,TRI,0.599532153,1.263392857,39.58356164
2,-14.36712329,PIC,0.599228634,1.453125,63.1890411
2,-19.33150685,PIC,0.599110442,8.285714286,58.22465753
1.983951667,-0.624657534,OLI,0.599015295,0.605902778,58.45479452
2,5.161643836,UNI,0.598285077,12.78125,49.74246575
0.236352028,-5.720547945,UNI,0.598268296,2.520833333,38.86027397
0.241910746,16.83287671,UNI,0.597863029,2.75,61.41369863
0.149326621,-8.547945205,ROS,0.597657371,3.209821429,57.50136986
0.236861462,-10.84931507,OLI,0.597248043,5.020833333,48.23013699
0.833406091,11.80273973,TRI,0.59630745,2.75,61.6109589
0.129482626,-3.254794521,SON,0.596254085,2.229910714,51.45205479
0.090366104,16.86575342,UNI,0.595934256,2.625,61.44657534
0.221535275,-24.42739726,PIC,0.595912354,2.324404762,53.12876712
1.316747631,-2.465753425,QUA,0.59583303,0.993055556,54.01643836
0.137198302,-12.7890411,ROS,0.59559181,6.357638889,53.26027397
0.234738848,16.66849315,UNI,0.595494477,4.796875,61.24931507
0.666024474,-8.18630137,TRI,0.594780381,0.645833333,41.62191781
0.151777086,-9.895890411,TRI,0.594607469,9.640625,39.91232877
0.241112806,-2.597260274,ROS,0.594052981,2.791666667,63.45205479
2,11.80273973,TRI,0.594036886,2.25,61.6109589
0.236886445,2.136986301,SON,0.593711445,1.369791667,56.84383562
0.225861832,-19.39726027,PIC,0.593679556,3.725694444,58.15890411
0.251462014,-14.56438356,PIC,0.593461722,9.963541667,62.99178082
0.421616426,11.57260274,TRI,0.593020389,2.689236111,61.38082192
0.224226314,11.40821918,UNI,0.592478652,4.211805556,55.9890411
2,-5.194520548,UNI,0.592130238,1.609375,39.38630137
0.221084052,16.37260274,UNI,0.592082605,1.142857143,60.95342466
0.228893655,7.561643836,SON,0.591846238,1.786111111,62.26849315
1.620946073,-2.630136986,ROS,0.591556329,1.067708333,63.41917808
0.704871157,-19.89041096,ROS,0.591247865,8.2125,46.15890411
0.245170372,4.832876712,OLI,0.591032952,2.741071429,63.91232877
0.250384189,-3.254794521,SON,0.590979961,1.397321429,51.45205479
0.242568535,10.32328767,OLI,0.590897355,13.10416667,69.40273973
0.234279549,-11.93424658,SON,0.590081962,9.578125,42.77260274
0.239319367,-14.07123288,PIC,0.59007658,1.484375,63.48493151
0.413873775,-5.457534247,UNI,0.589817217,1.375,39.12328767
2,7.857534247,SON,0.589701905,10.078125,62.56438356
1.364678658,-19.82465753,ROS,0.589675183,13.66111111,46.22465753
0.234143917,7.364383562,SON,0.589496087,1.897321429,62.07123288
0.243201718,11.60547945,UNI,0.589480987,8.15625,56.18630137
0.239441918,5.589041096,UNI,0.588545612,3.925,50.16986301
0.388561183,5.030136986,OLI,0.588419698,1.546875,64.10958904
2,-2.597260274,ROS,0.588413294,3.333333333,63.45205479
0.832151498,-5.852054795,UNI,0.587909049,9.25,38.72876712
0.585320938,-18.87123288,PIC,0.587328384,7.475,58.68493151
0.245608899,6.871232877,SON,0.587208316,32.5,61.57808219
0.668000331,-14.30136986,PIC,0.585973116,1.140625,63.25479452
0.15695889,5.654794521,UNI,0.585725346,1.145833333,50.23561644
0.250202222,16.66849315,UNI,0.585121979,3.763392857,61.24931507
0.252886988,-2.860273973,QUA,0.58476928,3.671875,53.62191781
2,7.660273973,VIK,0.5839166,3.046875,62.72876712
0.918310066,16.89863014,UNI,0.583609494,1.359375,61.47945205
0.231527473,-3.879452055,VIK,0.583011574,0.589285714,51.1890411
2,-20.02191781,ROS,0.582530951,0.5,46.02739726
0.22905808,-14.03835616,PIC,0.582027303,4.4375,63.51780822
1.267849386,-2.82739726,ROS,0.579567007,1.131944444,63.22191781
0.89915812,7.857534247,SON,0.579496117,8.15625,62.56438356
1.341942755,4.602739726,OLI,0.578835273,3.294642857,63.68219178
0.510951539,-13.47945205,ROS,0.577946802,4.215909091,52.56986301
0.156291378,1.117808219,ROS,0.576541452,2.877777778,67.16712329
0.252099295,0.493150685,UNI,0.575812867,1.40625,45.0739726
0.684623828,15.94520548,UNI,0.575651276,2.791666667,60.5260274
1.216206504,10.94794521,UNI,0.574295296,1.390625,55.52876712
0.235133638,-2.498630137,QUA,0.572971518,4.196428571,53.98356164
0.603359464,0.493150685,UNI,0.572776289,18.67410714,45.0739726
0.603359464,0.493150685,UNI,0.572776289,18.67410714,45.0739726
0.236764087,-3.879452055,VIK,0.572315416,2.625,51.1890411
2,16.63561644,UNI,0.572113765,3.109375,61.21643836
1.082995676,2.991780822,SON,0.571936819,1.663690476,57.69863014
0.262254709,5.128767123,UNI,0.571428428,0.625,49.70958904
0.114914448,-5.424657534,UNI,0.571230013,1.994444444,39.15616438
0.549451522,-3.189041096,SON,0.57054665,1.6875,51.51780822
1.799121029,-17.3260274,ROS,0.570527068,0.625,48.72328767
1.571093128,-7.232876712,VIK,0.570381123,0.703125,47.83561644
0.231792908,-12.36164384,SON,0.569746941,4.861111111,42.34520548
0.212652033,-5.621917808,UNI,0.56909344,0.958333333,38.95890411
0.237652418,11.83561644,TRI,0.567845936,2.859375,61.64383562
0.243616681,2.597260274,SON,0.567415167,6.152777778,57.30410959
1.745259668,-10.22465753,TRI,0.567230937,0.917410714,39.58356164
0.147758257,7.660273973,VIK,0.5671875,3.78125,62.72876712
0.150744777,5.424657534,UNI,0.566608648,4.125,50.00547945
0.253067757,-7.035616438,VIK,0.56653059,0.825,48.03287671
0.232794771,11.30958904,TRI,0.565627751,40.984375,61.11780822
0.229334531,11.53972603,UNI,0.565408243,3.859375,56.12054795
2,-19.62739726,PIC,0.565204485,20.35267857,57.92876712
1.605892282,16.93150685,UNI,0.565163946,0.6875,61.51232877
0.518284109,2.728767123,SON,0.565064828,11.43055556,57.43561644
0.250726114,16.60273973,UNI,0.56456477,13.85416667,61.18356164
0.237148355,-19.85753425,ROS,0.564327113,1.390625,46.19178082
0.145107719,16.66849315,UNI,0.564206485,2.296875,61.24931507
1.160218842,11.37534247,TRI,0.564152597,1.53125,61.18356164
0.236192627,2.597260274,SON,0.563994535,4.402777778,57.30410959
2,12.49315068,VIK,0.563580171,4.484375,67.56164384
0.138949699,11.30958904,TRI,0.563400986,2.8125,61.11780822
0.946874125,-12.7890411,ROS,0.563327465,1.739583333,53.26027397
0.228833453,5.095890411,OLI,0.561949132,3.875,64.17534247
0.23865334,16.63561644,UNI,0.561766723,2.953125,61.21643836
2,-12.62465753,OLI,0.56135316,0.5625,46.45479452
1.795336622,0.756164384,TRI,0.561179998,2.234375,50.56438356
0.242227472,5.654794521,UNI,0.560379413,5.62202381,50.23561644
0.244434448,-10.15890411,SON,0.560237045,2.373263889,44.54794521
0.232854984,16.24109589,UNI,0.559958269,4.78125,60.82191781
0.784428214,3.221917808,SON,0.558827557,0.631696429,57.92876712
0.1390059,2.104109589,SON,0.558743311,1.760416667,56.8109589
0.227318919,-5.194520548,UNI,0.558725187,3.515625,39.38630137
2,-8.843835616,ROS,0.558464512,7.9375,57.20547945
0.237554264,5.260273973,OLI,0.557729087,6.352430556,64.33972603
0.232244963,-19.39726027,ROS,0.557692296,1.85,46.65205479
1.027265058,10.84931507,UNI,0.557508725,17.828125,55.43013699
0.242937235,-2.991780822,SON,0.556554035,3.171875,51.71506849
0.237975037,11.86849315,VIK,0.554621836,3.5,66.9369863
0.25769372,11.37534247,UNI,0.553796496,7.296875,55.95616438
0.221233855,10.35616438,OLI,0.552933432,7.71875,69.43561644
0.133182247,7.561643836,SON,0.552525826,1.769444444,62.26849315
0.562040798,4.8,OLI,0.552384534,2.214285714,63.87945205
0.469088587,10.32328767,OLI,0.552330001,3.333333333,69.40273973
0.152971001,1.282191781,ROS,0.551483491,6.285714286,67.33150685
0.238281896,2.301369863,SON,0.550844841,2.40625,57.00821918
0.779230133,2.564383562,SON,0.550596492,2.46875,57.27123288
0.241842462,16.17534247,UNI,0.550585878,29.79166667,60.75616438
0.228750251,-0.263013699,OLI,0.55017341,2.140625,58.81643836
0.514569444,12.49315068,VIK,0.550083061,6.890625,67.56164384
0.236056592,-3.550684932,VIK,0.549641095,1.988839286,51.51780822
0.723160849,-12.62465753,OLI,0.548778287,0.848214286,46.45479452
0.143941747,11.86849315,VIK,0.548759803,7.024553571,66.9369863
1.56315206,-10.25753425,VIK,0.548563567,1.796875,44.8109589
0.739854949,11.53972603,TRI,0.548535572,4.21875,61.34794521
0.245682618,-17.3260274,ROS,0.548453058,1.953125,48.72328767
0.957891713,10.48767123,UNI,0.548201432,13.45535714,55.06849315
0.239456357,-4.964383562,UNI,0.54811472,17.3125,39.61643836
0.224132973,11.57260274,UNI,0.54778232,4.671875,56.15342466
0.22041734,-2.991780822,SON,0.547770693,7.015625,51.71506849
0.217816716,11.57260274,TRI,0.547751559,52.90972222,61.38082192
0.981909094,0.361643836,UNI,0.547095425,4.078125,44.94246575
0.981909094,0.361643836,UNI,0.547095425,4.078125,44.94246575
0.25866263,6.312328767,TRI,0.546161279,3.84375,56.12054795
0.25304981,2.268493151,SON,0.545787529,1.203125,56.97534247
0.139539979,10.48767123,UNI,0.545512522,1.09375,55.06849315
0.837822205,11.40821918,UNI,0.545418479,4.15625,55.9890411
0.23660805,-5.391780822,UNI,0.543956034,0.9625,39.1890411
0.254216428,-3.057534247,ROS,0.54380772,16.515625,62.99178082
0.785784117,0.526027397,UNI,0.54366422,3.15625,45.10684932
0.474334596,7.857534247,SON,0.54365944,6.732142857,62.56438356
2,6.049315068,TRI,0.543605555,41.75,55.85753425
2,16.83287671,UNI,0.543547826,18.00446429,61.41369863
2,6.312328767,TRI,0.543236531,8.859375,56.12054795
0.233246622,-17.29315068,ROS,0.542992535,2.3125,48.75616438
0.14510732,-0.493150685,OLI,0.542697062,0.625,58.58630137
0.13235674,10.15890411,OLI,0.542685468,11.78571429,69.23835616
0.748725093,2.498630137,SON,0.54220236,2.565972222,57.20547945
1.206435939,-14.82739726,PIC,0.54205663,0.65625,62.72876712
0.142856057,10.15890411,OLI,0.541229385,4.232142857,69.23835616
0.335324607,2.301369863,SON,0.541043317,10.725,57.00821918
0.451544577,-29.78630137,PIC,0.540950618,3.752232143,47.76986301
0.22032121,-3.254794521,SON,0.54049656,0.725446429,51.45205479
0.147839858,-15.02465753,PIC,0.540378551,12.671875,62.53150685
0.653086224,-19.62739726,ROS,0.53956797,0.53125,46.42191781
0.653086224,-19.62739726,ROS,0.53956797,0.53125,46.42191781
0.248336435,10.15890411,OLI,0.537634352,1.678571429,69.23835616
0.596126629,-10.75068493,SON,0.537443484,9.9875,43.95616438
0.693303349,-3.189041096,SON,0.536386489,1.875,51.51780822
0.12797162,16.47123288,UNI,0.535749204,5.5625,61.05205479
0.13843715,1.150684932,ROS,0.535688471,2.46875,67.2
0.140352632,1.347945205,ROS,0.535167744,8.545138889,67.39726027
0.230982281,-15.05753425,PIC,0.534769669,1.34375,62.49863014
0.674760463,5.589041096,UNI,0.534129395,2.7875,50.16986301
0.237935242,2.136986301,SON,0.534095787,3.5,56.84383562
0.728475304,-5.260273973,UNI,0.534017388,1.234375,39.32054795
0.226534248,0.263013699,UNI,0.533704648,8.171875,44.84383562
0.243093856,-0.657534247,OLI,0.532902471,19.3125,58.42191781
0.380443198,6.871232877,SON,0.53287159,7.395833333,61.57808219
0.470586923,6.082191781,TRI,0.53240729,5.520833333,55.89041096
0.241239802,5.161643836,UNI,0.532278078,4.734375,49.74246575
0.243756111,11.86849315,VIK,0.531788864,15.734375,66.9369863
0.870682753,10.45479452,UNI,0.531312396,2.907986111,55.03561644
0.129053116,-7.232876712,VIK,0.53125,0.53125,47.83561644
1.141369665,6.049315068,TRI,0.530933725,2.546875,55.85753425
0.248002223,16.66849315,UNI,0.530183506,1.8125,61.24931507
0.217328881,-7.693150685,VIK,0.529774806,9.30625,47.37534247
2,5.030136986,OLI,0.52864326,1,64.10958904
0.242382592,7.890410959,SON,0.528394759,11.53125,62.59726027
0.064321079,5.161643836,UNI,0.528384279,6.578125,49.74246575
0.238221369,16.47123288,UNI,0.528251167,0.5,61.05205479
0.120098737,6.871232877,SON,0.52747111,1.205357143,61.57808219
0.223651217,-24.16438356,PIC,0.526962448,2.65625,53.39178082
0.402264775,10.65205479,UNI,0.526255202,9.607638889,55.23287671
0.143718831,10.45479452,UNI,0.525871062,0.723958333,55.03561644
0.125962615,-19.82465753,ROS,0.525304252,14.4375,46.22465753
0.125962615,-19.82465753,ROS,0.525304252,14.4375,46.22465753
0.128764324,11.86849315,VIK,0.524624439,4.140625,66.9369863
0.146218144,-20.05479452,PIC,0.524433165,5.953125,57.50136986
0.618157637,11.37534247,TRI,0.524004441,8,61.18356164
0.124012152,-24.39452055,PIC,0.522964015,1.15625,53.16164384
0.237010322,12.03287671,VIK,0.522690673,8.753472222,67.10136986
0.237447997,-2.465753425,QUA,0.521812599,1.769097222,54.01643836
0.245345068,-0.657534247,OLI,0.520458444,5.1875,58.42191781
0.649984441,-0.230136986,OLI,0.520124227,1.4375,58.84931507
1.474783291,-2.926027397,SON,0.519860142,1.03125,51.78082192
0.162635697,10.15890411,OLI,0.519796294,8.107142857,69.23835616
2,-2.794520548,ROS,0.519628512,2.515625,63.25479452
0.165656665,-14.10410959,PIC,0.519383792,1.859375,63.45205479
0.709632422,10.15890411,OLI,0.519362823,6.339285714,69.23835616
0.233962882,10.84931507,UNI,0.518883406,1.65625,55.43013699
0.234501433,7.660273973,VIK,0.517857132,0.578125,62.72876712
0.720876052,16.43835616,UNI,0.517640704,3.175,61.01917808
0.237176578,-2.564383562,ROS,0.517547793,22.765625,63.48493151
0.243429952,2.071232877,SON,0.517509085,10.92361111,56.77808219
2,7.397260274,VIK,0.51738246,4.147569444,62.46575342
0.244202321,11.30958904,UNI,0.516851144,11.96205357,55.89041096
0.239253792,-14.79452055,PIC,0.516731737,8.75,62.76164384
0.146209314,-3.057534247,ROS,0.516601562,6.40625,62.99178082
0.159694351,-10.22465753,TRI,0.516168728,0.997767857,39.58356164
2,0.526027397,UNI,0.515806637,13.8125,45.10684932
1.219004818,1.380821918,ROS,0.515714109,10.39583333,67.43013699
0.248151393,-8.153424658,QUA,0.515596896,4.5625,48.32876712
0.227788665,16.60273973,UNI,0.515408118,13.22916667,61.18356164
0.226184536,4.898630137,UNI,0.514338131,0.830357143,49.47945205
0.136720236,-5.621917808,UNI,0.514304023,1.130952381,38.95890411
0.493137128,4.668493151,OLI,0.514043801,3.984375,63.74794521
0.143437493,2.301369863,SON,0.513513513,2.046875,57.00821918
0.130208893,-10.32328767,SON,0.513119104,0.895833333,44.38356164
0.227004021,-19.62739726,PIC,0.512905746,11.20982143,57.92876712
0.232511847,-9.764383562,TRI,0.512385783,1.8875,40.04383562
0.235314394,-13.67671233,ROS,0.512240677,3.651785714,52.37260274
0.942930382,-8.416438356,SON,0.511491388,1.413690476,46.29041096
0.145837486,10.68493151,UNI,0.511379724,11.26136364,55.26575342
0.234189977,-14.56438356,PIC,0.511327519,10.90104167,62.99178082
0.478527223,-8.18630137,QUA,0.510964483,2.682291667,48.29589041
0.235273539,16.83287671,UNI,0.510614966,4.265625,61.41369863
0.117033656,16.37260274,UNI,0.509081679,3.464285714,60.95342466
0.652389303,-18.96986301,PIC,0.508641034,2.782738095,58.58630137
0.131546992,-18.9369863,PIC,0.508033372,2.1875,58.61917808
2,5.424657534,UNI,0.50789841,39.3,50.00547945
2,13.01917808,VIK,0.507602382,0.765625,68.08767123
0.22822542,-2.728767123,QUA,0.507244957,5.328125,53.75342466
0.235769046,11.37534247,TRI,0.506363139,5.375,61.18356164
0.527981757,1.282191781,ROS,0.506094473,5.852678571,67.33150685
0.941610261,0.263013699,UNI,0.505915957,0.9375,44.84383562
0.236008269,-6.805479452,QUA,0.505900206,1.845833333,49.67671233
1.327197472,-10.06027397,VIK,0.505809572,3.395833333,45.00821918
0.89235713,-20.05479452,PIC,0.504871166,3.4375,57.50136986
0.257254737,-18.96986301,PIC,0.504318745,8.354166667,58.58630137
0.140493868,-19.13424658,PIC,0.50377675,15.3125,58.42191781
1.352420998,2.761643836,SON,0.503403538,3.314236111,57.46849315
0.550856382,-10.06027397,VIK,0.502917063,3.25,45.00821918
2,1.512328767,ROS,0.502445973,0.625,67.56164384
2,11.30958904,UNI,0.501465643,0.9375,55.89041096
0.143026197,-0.657534247,OLI,0.501179245,4.65625,58.42191781
0.066544166,16.60273973,UNI,0.5,0.645833333,61.18356164
